hourOfDay,dayOfWeek,bayOccupied,recentAvgCurrent,sessionElapsedMin,historicalArrivalRate,arrivedWithinWindow,actualDurationMin
6,3,0,0.0,0.0,0.2,0,0.0
20,6,1,12.46,4.7,0.5,1,740.3
1,3,0,0.0,0.0,0.05,1,0.0
20,0,1,14.35,33.5,0.5,0,323.4
9,3,0,0.0,0.0,0.65,1,0.0
14,5,1,16.49,32.5,0.3,0,217.2
17,3,0,0.0,0.0,0.3,0,0.0
8,1,1,13.94,51.9,0.65,0,630.2
7,6,1,14.21,22.3,0.2,0,683.2
21,4,0,0.0,0.0,0.6,0,0.0
1,1,0,0.0,0.0,0.05,0,0.0
15,6,1,22.1,9.8,0.3,0,331.5
17,6,0,0.0,0.0,0.3,1,0.0
12,0,1,8.5,8.1,0.3,0,1697.2
16,2,0,0.0,0.0,0.3,0,0.0
9,6,1,10.53,110.9,0.55,1,245.7
22,6,0,0.0,0.0,0.2,0,0.0
11,5,0,0.0,0.0,0.3,0,0.0
4,6,0,0.0,0.0,0.05,0,0.0
22,6,0,0.0,0.0,0.2,1,0.0
14,6,1,15.76,26.0,0.3,0,390.4
4,6,0,0.0,0.0,0.05,0,0.0
3,4,0,0.0,0.0,0.05,0,0.0
21,3,0,0.0,0.0,0.6,0,0.0
20,5,1,19.84,11.1,0.6,0,383.3
22,3,0,0.0,0.0,0.2,0,0.0
0,0,0,0.0,0.0,0.05,1,0.0
12,0,1,23.78,8.1,0.3,0,274.6
14,2,1,15.39,32.9,0.3,1,189.7
19,3,1,16.24,30.9,0.6,1,517.9
0,0,0,0.0,0.0,0.05,0,0.0
11,1,0,0.0,0.0,0.3,1,0.0
3,6,0,0.0,0.0,0.05,0,0.0
5,4,0,0.0,0.0,0.05,0,0.0
10,6,1,25.85,81.2,0.55,0,256.4
2,3,0,0.0,0.0,0.05,0,0.0
2,6,0,0.0,0.0,0.05,0,0.0
19,0,0,0.0,0.0,0.5,1,0.0
17,0,0,0.0,0.0,0.3,0,0.0
17,6,0,0.0,0.0,0.3,0,0.0
6,3,1,16.25,181.2,0.2,0,348.5
8,2,1,18.01,84.4,0.65,0,120.9
23,3,1,17.17,7.9,0.2,0,120.2
13,1,0,0.0,0.0,0.3,0,0.0
8,3,1,13.14,12.2,0.65,0,813.7
0,3,0,0.0,0.0,0.05,0,0.0
21,5,1,15.44,173.6,0.6,0,136.0
14,0,1,19.49,57.7,0.3,0,526.1
16,3,0,0.0,0.0,0.3,0,0.0
20,5,1,17.89,0.7,0.6,0,210.3
19,6,1,15.71,9.5,0.5,1,724.0
9,6,0,0.0,0.0,0.55,0,0.0
13,1,0,0.0,0.0,0.3,0,0.0
1,6,0,0.0,0.0,0.05,0,0.0
16,0,1,13.33,55.5,0.3,0,435.6
12,3,0,0.0,0.0,0.3,0,0.0
12,3,0,0.0,0.0,0.3,0,0.0
15,5,0,0.0,0.0,0.3,1,0.0
1,1,0,0.0,0.0,0.05,0,0.0
18,0,1,9.23,180.4,0.5,1,237.7
19,1,0,0.0,0.0,0.6,1,0.0
4,0,0,0.0,0.0,0.05,0,0.0
11,4,0,0.0,0.0,0.3,0,0.0
19,5,1,16.06,45.7,0.6,1,260.7
23,6,0,0.0,0.0,0.2,0,0.0
4,1,0,0.0,0.0,0.05,0,0.0
8,3,1,17.77,8.6,0.65,1,569.4
21,0,0,0.0,0.0,0.5,1,0.0
15,4,0,0.0,0.0,0.3,0,0.0
21,4,1,15.05,12.8,0.6,0,545.1
20,6,1,23.49,28.1,0.5,0,211.9
4,3,1,20.65,21.1,0.05,0,168.1
15,6,0,0.0,0.0,0.3,0,0.0
19,3,1,16.04,46.4,0.6,0,533.0
11,2,0,0.0,0.0,0.3,0,0.0
10,3,1,16.44,10.9,0.65,1,612.3
7,4,0,0.0,0.0,0.2,1,0.0
1,2,0,0.0,0.0,0.05,0,0.0
20,1,1,14.28,94.5,0.6,0,131.3
3,1,0,0.0,0.0,0.05,0,0.0
2,0,0,0.0,0.0,0.05,0,0.0
16,6,0,0.0,0.0,0.3,0,0.0
4,3,0,0.0,0.0,0.05,0,0.0
2,0,0,0.0,0.0,0.05,0,0.0
19,0,1,14.92,101.6,0.5,0,440.3
19,2,1,13.55,3.9,0.6,0,531.4
20,3,0,0.0,0.0,0.6,0,0.0
6,4,0,0.0,0.0,0.2,0,0.0
13,6,1,19.56,60.1,0.3,1,165.3
6,5,0,0.0,0.0,0.2,1,0.0
17,2,0,0.0,0.0,0.3,1,0.0
4,5,0,0.0,0.0,0.05,0,0.0
0,5,0,0.0,0.0,0.05,0,0.0
12,3,1,17.98,55.4,0.3,0,345.8
9,1,1,21.77,25.6,0.65,0,260.8
6,0,0,0.0,0.0,0.2,1,0.0
16,0,0,0.0,0.0,0.3,1,0.0
5,1,1,8.34,157.6,0.05,0,748.3
20,2,0,0.0,0.0,0.6,1,0.0
18,3,1,12.41,8.2,0.6,1,969.1
11,1,0,0.0,0.0,0.3,0,0.0
11,3,1,22.1,8.4,0.3,1,247.9
4,0,0,0.0,0.0,0.05,0,0.0
16,0,1,18.97,75.6,0.3,1,204.2
17,2,1,21.91,1.2,0.3,0,248.5
14,0,0,0.0,0.0,0.3,0,0.0
21,2,0,0.0,0.0,0.6,0,0.0
1,0,0,0.0,0.0,0.05,0,0.0
15,6,0,0.0,0.0,0.3,0,0.0
4,5,0,0.0,0.0,0.05,0,0.0
20,4,0,0.0,0.0,0.6,1,0.0
20,5,1,17.33,13.0,0.6,1,515.4
7,6,0,0.0,0.0,0.2,0,0.0
21,2,1,14.97,86.0,0.6,1,206.0
16,6,1,12.14,63.3,0.3,0,423.8
1,5,0,0.0,0.0,0.05,0,0.0
14,2,1,18.74,58.3,0.3,0,176.3
22,1,0,0.0,0.0,0.2,0,0.0
3,1,0,0.0,0.0,0.05,0,0.0
19,4,0,0.0,0.0,0.6,1,0.0
12,5,0,0.0,0.0,0.3,1,0.0
18,6,1,17.47,6.2,0.5,0,387.4
2,2,0,0.0,0.0,0.05,0,0.0
18,2,0,0.0,0.0,0.6,1,0.0
9,4,1,12.24,35.8,0.65,0,513.2
16,5,1,23.86,17.5,0.3,1,438.3
15,4,1,15.21,91.2,0.3,1,808.2
14,6,0,0.0,0.0,0.3,0,0.0
22,5,0,0.0,0.0,0.2,0,0.0
13,2,1,28.32,56.2,0.3,0,22.2
5,2,0,0.0,0.0,0.05,0,0.0
22,4,1,20.48,37.4,0.2,0,150.3
11,0,0,0.0,0.0,0.3,0,0.0
3,1,0,0.0,0.0,0.05,0,0.0
14,3,0,0.0,0.0,0.3,0,0.0
7,0,0,0.0,0.0,0.2,0,0.0
4,5,0,0.0,0.0,0.05,0,0.0
23,2,0,0.0,0.0,0.2,0,0.0
0,4,0,0.0,0.0,0.05,0,0.0
22,3,0,0.0,0.0,0.2,1,0.0
23,6,0,0.0,0.0,0.2,1,0.0
7,4,0,0.0,0.0,0.2,1,0.0
1,3,0,0.0,0.0,0.05,0,0.0
5,5,0,0.0,0.0,0.05,0,0.0
18,5,0,0.0,0.0,0.6,1,0.0
7,1,0,0.0,0.0,0.2,0,0.0
5,1,0,0.0,0.0,0.05,0,0.0
0,3,0,0.0,0.0,0.05,0,0.0
13,5,0,0.0,0.0,0.3,1,0.0
3,4,0,0.0,0.0,0.05,1,0.0
17,1,0,0.0,0.0,0.3,0,0.0
1,4,0,0.0,0.0,0.05,0,0.0
4,0,0,0.0,0.0,0.05,0,0.0
23,5,0,0.0,0.0,0.2,0,0.0
16,4,0,0.0,0.0,0.3,0,0.0
13,4,0,0.0,0.0,0.3,0,0.0
11,2,1,15.52,60.8,0.3,0,211.7
2,4,0,0.0,0.0,0.05,0,0.0
13,1,0,0.0,0.0,0.3,1,0.0
9,0,0,0.0,0.0,0.55,1,0.0
7,5,0,0.0,0.0,0.2,0,0.0
0,6,0,0.0,0.0,0.05,0,0.0
16,0,0,0.0,0.0,0.3,0,0.0
20,2,1,16.45,25.4,0.6,1,628.9
19,6,0,0.0,0.0,0.5,1,0.0
6,2,0,0.0,0.0,0.2,1,0.0
0,4,0,0.0,0.0,0.05,0,0.0
3,5,0,0.0,0.0,0.05,0,0.0
9,0,1,25.03,34.6,0.55,0,374.0
4,4,0,0.0,0.0,0.05,0,0.0
1,2,0,0.0,0.0,0.05,0,0.0
3,1,0,0.0,0.0,0.05,0,0.0
10,5,0,0.0,0.0,0.65,1,0.0
7,6,0,0.0,0.0,0.2,0,0.0
11,1,0,0.0,0.0,0.3,0,0.0
0,6,0,0.0,0.0,0.05,0,0.0
11,3,0,0.0,0.0,0.3,0,0.0
4,6,0,0.0,0.0,0.05,0,0.0
8,5,1,12.27,5.0,0.65,1,387.0
13,4,0,0.0,0.0,0.3,0,0.0
21,6,0,0.0,0.0,0.5,0,0.0
22,2,0,0.0,0.0,0.2,0,0.0
8,4,1,11.95,73.1,0.65,0,579.3
5,1,0,0.0,0.0,0.05,0,0.0
16,2,1,9.38,109.8,0.3,0,558.9
5,4,0,0.0,0.0,0.05,0,0.0
10,5,1,15.85,10.8,0.65,0,424.6
7,0,0,0.0,0.0,0.2,0,0.0
22,2,1,17.72,102.7,0.2,0,266.5
15,2,1,6.0,67.2,0.3,0,1179.8
18,6,1,20.37,18.3,0.5,1,658.7
9,2,1,17.94,23.6,0.65,1,403.7
22,2,1,12.91,50.1,0.2,0,844.9
4,2,0,0.0,0.0,0.05,0,0.0
7,1,0,0.0,0.0,0.2,0,0.0
23,5,0,0.0,0.0,0.2,0,0.0
4,5,0,0.0,0.0,0.05,0,0.0
15,1,1,9.32,4.0,0.3,0,1046.0
4,3,0,0.0,0.0,0.05,0,0.0
2,6,1,23.06,79.9,0.05,0,288.6
20,3,1,16.67,165.2,0.6,0,166.0
16,1,1,12.1,14.1,0.3,0,352.6
8,5,1,17.19,24.6,0.65,1,382.5
17,4,0,0.0,0.0,0.3,0,0.0
1,0,0,0.0,0.0,0.05,0,0.0
11,6,1,18.49,6.8,0.3,0,619.4
7,1,0,0.0,0.0,0.2,0,0.0
6,1,0,0.0,0.0,0.2,0,0.0
13,1,1,10.26,60.3,0.3,0,651.8
10,3,1,18.32,15.9,0.65,1,334.5
23,5,1,11.07,29.8,0.2,0,1009.4
12,2,1,16.58,66.3,0.3,0,365.4
0,0,0,0.0,0.0,0.05,0,0.0
6,2,0,0.0,0.0,0.2,0,0.0
11,2,1,10.72,40.1,0.3,0,738.5
18,6,0,0.0,0.0,0.5,0,0.0
21,5,0,0.0,0.0,0.6,0,0.0
11,6,0,0.0,0.0,0.3,1,0.0
14,1,0,0.0,0.0,0.3,0,0.0
20,5,0,0.0,0.0,0.6,1,0.0
20,6,1,15.1,116.2,0.5,0,100.7
19,6,1,10.9,33.3,0.5,1,314.4
4,2,0,0.0,0.0,0.05,0,0.0
11,6,1,21.66,34.9,0.3,0,97.9
0,4,0,0.0,0.0,0.05,0,0.0
22,2,0,0.0,0.0,0.2,1,0.0
22,4,0,0.0,0.0,0.2,0,0.0
2,2,0,0.0,0.0,0.05,0,0.0
16,4,1,13.29,29.4,0.3,0,443.5
6,3,0,0.0,0.0,0.2,1,0.0
2,4,0,0.0,0.0,0.05,0,0.0
3,1,0,0.0,0.0,0.05,1,0.0
0,4,0,0.0,0.0,0.05,0,0.0
16,0,0,0.0,0.0,0.3,1,0.0
4,4,0,0.0,0.0,0.05,0,0.0
6,6,0,0.0,0.0,0.2,0,0.0
12,1,1,9.92,212.8,0.3,0,430.2
20,2,1,13.51,11.8,0.6,0,921.1
4,4,0,0.0,0.0,0.05,0,0.0
8,2,1,13.78,33.5,0.65,0,809.8
16,2,0,0.0,0.0,0.3,1,0.0
23,4,0,0.0,0.0,0.2,0,0.0
13,4,1,18.17,94.5,0.3,0,244.7
1,3,0,0.0,0.0,0.05,0,0.0
4,1,0,0.0,0.0,0.05,0,0.0
15,4,0,0.0,0.0,0.3,0,0.0
17,4,0,0.0,0.0,0.3,0,0.0
2,1,0,0.0,0.0,0.05,0,0.0
0,5,0,0.0,0.0,0.05,0,0.0
0,2,0,0.0,0.0,0.05,0,0.0
10,4,1,20.33,51.3,0.65,1,240.3
4,2,0,0.0,0.0,0.05,0,0.0
22,1,1,17.47,18.4,0.2,0,253.8
11,6,1,14.43,4.0,0.3,0,396.9
1,3,1,20.75,76.8,0.05,0,557.8
21,3,1,15.05,66.3,0.6,0,59.6
16,1,0,0.0,0.0,0.3,1,0.0
23,2,0,0.0,0.0,0.2,0,0.0
14,4,0,0.0,0.0,0.3,0,0.0
19,4,1,20.55,3.1,0.6,0,241.8
1,5,0,0.0,0.0,0.05,0,0.0
2,4,0,0.0,0.0,0.05,0,0.0
10,3,0,0.0,0.0,0.65,1,0.0
19,5,1,14.17,91.1,0.6,0,35.5
15,4,0,0.0,0.0,0.3,0,0.0
4,2,0,0.0,0.0,0.05,0,0.0
5,6,0,0.0,0.0,0.05,0,0.0
16,0,0,0.0,0.0,0.3,0,0.0
11,2,0,0.0,0.0,0.3,1,0.0
16,4,0,0.0,0.0,0.3,0,0.0
13,1,0,0.0,0.0,0.3,0,0.0
11,4,0,0.0,0.0,0.3,0,0.0
19,5,1,10.3,0.1,0.6,1,396.2
21,5,1,18.42,40.2,0.6,1,237.4
20,1,1,19.61,22.7,0.6,0,65.3
5,0,1,21.1,29.5,0.05,0,310.3
13,6,0,0.0,0.0,0.3,0,0.0
19,0,1,12.49,0.4,0.5,1,462.3
12,3,1,16.15,17.5,0.3,0,141.0
17,6,1,21.6,8.2,0.3,0,489.8
8,6,1,19.7,16.0,0.55,0,134.1
19,5,1,24.62,29.8,0.6,1,194.9
2,6,0,0.0,0.0,0.05,0,0.0
10,1,1,20.69,12.8,0.65,0,317.2
18,6,1,13.75,61.4,0.5,1,197.0
18,5,1,15.67,35.2,0.6,1,418.3
21,6,1,15.63,82.6,0.5,1,348.3
11,5,0,0.0,0.0,0.3,1,0.0
16,2,0,0.0,0.0,0.3,0,0.0
20,1,1,18.01,93.0,0.6,0,89.1
18,2,1,20.99,20.0,0.6,1,238.4
7,3,0,0.0,0.0,0.2,1,0.0
11,5,0,0.0,0.0,0.3,1,0.0
4,5,0,0.0,0.0,0.05,0,0.0
14,5,0,0.0,0.0,0.3,1,0.0
1,6,0,0.0,0.0,0.05,0,0.0
1,2,0,0.0,0.0,0.05,0,0.0
7,3,1,15.49,157.5,0.2,0,445.8
21,5,1,15.35,26.8,0.6,0,417.3
21,3,1,11.42,41.9,0.6,0,447.9
23,3,0,0.0,0.0,0.2,0,0.0
5,3,0,0.0,0.0,0.05,1,0.0
13,1,1,11.05,11.8,0.3,0,667.1
4,0,0,0.0,0.0,0.05,1,0.0
9,3,0,0.0,0.0,0.65,0,0.0
10,5,0,0.0,0.0,0.65,1,0.0
6,6,0,0.0,0.0,0.2,0,0.0
22,3,0,0.0,0.0,0.2,1,0.0
12,3,0,0.0,0.0,0.3,1,0.0
22,1,1,18.52,59.1,0.2,0,495.7
21,6,0,0.0,0.0,0.5,0,0.0
10,1,1,17.49,12.6,0.65,0,268.7
13,3,0,0.0,0.0,0.3,1,0.0
15,5,0,0.0,0.0,0.3,0,0.0
1,1,0,0.0,0.0,0.05,0,0.0
0,0,0,0.0,0.0,0.05,0,0.0
20,4,1,18.03,5.2,0.6,1,307.1
5,2,0,0.0,0.0,0.05,0,0.0
8,6,1,15.31,76.6,0.55,0,789.8
6,6,0,0.0,0.0,0.2,0,0.0
0,0,0,0.0,0.0,0.05,0,0.0
5,1,0,0.0,0.0,0.05,0,0.0
13,1,0,0.0,0.0,0.3,0,0.0
20,1,0,0.0,0.0,0.6,0,0.0
20,4,1,16.06,21.5,0.6,1,310.3
3,6,0,0.0,0.0,0.05,0,0.0
13,1,0,0.0,0.0,0.3,0,0.0
20,6,1,16.52,102.2,0.5,1,735.6
20,4,1,17.52,4.8,0.6,1,268.3
14,3,0,0.0,0.0,0.3,1,0.0
3,5,0,0.0,0.0,0.05,0,0.0
3,1,0,0.0,0.0,0.05,0,0.0
11,1,0,0.0,0.0,0.3,1,0.0
23,0,0,0.0,0.0,0.2,0,0.0
3,3,0,0.0,0.0,0.05,0,0.0
0,3,1,20.82,45.1,0.05,0,89.5
8,6,1,17.54,23.8,0.55,1,122.6
4,3,0,0.0,0.0,0.05,0,0.0
6,1,0,0.0,0.0,0.2,0,0.0
9,0,1,15.68,7.5,0.55,1,397.7
15,4,0,0.0,0.0,0.3,0,0.0
10,1,1,20.37,45.0,0.65,0,321.2
2,6,0,0.0,0.0,0.05,0,0.0
21,4,1,18.28,53.1,0.6,0,113.1
3,4,0,0.0,0.0,0.05,0,0.0
7,0,1,22.51,19.7,0.2,0,308.6
4,3,0,0.0,0.0,0.05,0,0.0
5,1,0,0.0,0.0,0.05,0,0.0
2,5,0,0.0,0.0,0.05,0,0.0
1,5,0,0.0,0.0,0.05,0,0.0
19,5,1,12.04,142.3,0.6,1,696.2
22,3,0,0.0,0.0,0.2,0,0.0
19,2,0,0.0,0.0,0.6,1,0.0
18,5,0,0.0,0.0,0.6,0,0.0
11,0,0,0.0,0.0,0.3,0,0.0
5,5,0,0.0,0.0,0.05,0,0.0
0,4,0,0.0,0.0,0.05,0,0.0
1,4,1,18.52,16.3,0.05,0,484.3
1,2,0,0.0,0.0,0.05,0,0.0
2,3,0,0.0,0.0,0.05,0,0.0
17,6,1,8.02,69.4,0.3,0,918.7
5,1,0,0.0,0.0,0.05,0,0.0
9,5,1,20.87,6.9,0.65,1,460.2
20,2,1,16.2,53.4,0.6,0,295.9
21,0,0,0.0,0.0,0.5,1,0.0
13,5,0,0.0,0.0,0.3,1,0.0
2,0,0,0.0,0.0,0.05,0,0.0
1,4,1,16.68,6.5,0.05,0,101.1
19,1,1,16.2,85.8,0.6,1,820.0
18,4,0,0.0,0.0,0.6,1,0.0
1,5,0,0.0,0.0,0.05,1,0.0
23,6,0,0.0,0.0,0.2,1,0.0
2,4,0,0.0,0.0,0.05,0,0.0
18,6,0,0.0,0.0,0.5,1,0.0
3,3,0,0.0,0.0,0.05,0,0.0
6,3,0,0.0,0.0,0.2,0,0.0
5,6,0,0.0,0.0,0.05,0,0.0
2,6,0,0.0,0.0,0.05,0,0.0
6,4,0,0.0,0.0,0.2,0,0.0
22,1,1,15.08,24.4,0.2,0,166.5
23,6,0,0.0,0.0,0.2,0,0.0
17,4,0,0.0,0.0,0.3,0,0.0
12,3,0,0.0,0.0,0.3,1,0.0
10,6,1,18.93,13.9,0.55,1,668.7
19,4,1,11.05,69.2,0.6,1,133.7
23,0,0,0.0,0.0,0.2,0,0.0
15,4,1,18.35,119.9,0.3,0,517.8
21,0,0,0.0,0.0,0.5,1,0.0
23,4,1,18.03,60.2,0.2,1,195.9
7,0,0,0.0,0.0,0.2,0,0.0
18,2,1,10.61,141.1,0.6,0,425.9
18,6,0,0.0,0.0,0.5,1,0.0
4,4,0,0.0,0.0,0.05,0,0.0
9,5,1,12.11,32.5,0.65,0,148.9
14,1,1,19.85,13.3,0.3,0,454.8
11,2,0,0.0,0.0,0.3,0,0.0
20,6,1,15.79,43.1,0.5,1,607.2
7,1,1,24.22,20.9,0.2,0,296.1
19,4,1,11.59,30.8,0.6,1,637.7
22,6,0,0.0,0.0,0.2,0,0.0
17,4,0,0.0,0.0,0.3,0,0.0
7,5,0,0.0,0.0,0.2,0,0.0
11,2,1,22.92,63.0,0.3,1,338.9
14,3,0,0.0,0.0,0.3,1,0.0
18,6,0,0.0,0.0,0.5,0,0.0
10,4,1,17.2,32.0,0.65,1,618.1
6,3,0,0.0,0.0,0.2,0,0.0
14,1,0,0.0,0.0,0.3,0,0.0
11,4,0,0.0,0.0,0.3,1,0.0
2,1,0,0.0,0.0,0.05,0,0.0
20,5,1,17.11,9.4,0.6,0,481.6
21,3,0,0.0,0.0,0.6,1,0.0
1,4,0,0.0,0.0,0.05,0,0.0
18,6,1,21.82,94.2,0.5,0,42.3
19,1,0,0.0,0.0,0.6,1,0.0
4,5,0,0.0,0.0,0.05,0,0.0
20,1,1,16.72,19.8,0.6,0,150.9
23,4,0,0.0,0.0,0.2,0,0.0
3,5,0,0.0,0.0,0.05,0,0.0
18,6,1,12.66,17.5,0.5,1,551.5
12,3,0,0.0,0.0,0.3,0,0.0
3,2,0,0.0,0.0,0.05,0,0.0
22,0,0,0.0,0.0,0.2,1,0.0
19,0,1,16.76,59.9,0.5,0,34.1
19,6,1,18.31,23.7,0.5,0,239.3
15,4,1,13.89,20.2,0.3,0,392.4
18,4,1,19.09,86.2,0.6,0,249.9
4,3,0,0.0,0.0,0.05,0,0.0
4,3,0,0.0,0.0,0.05,0,0.0
6,6,0,0.0,0.0,0.2,0,0.0
3,5,1,18.91,11.5,0.05,0,358.8
23,3,1,15.3,1.7,0.2,0,745.7
23,1,0,0.0,0.0,0.2,0,0.0
9,0,0,0.0,0.0,0.55,1,0.0
12,3,1,16.41,2.9,0.3,0,128.2
5,6,0,0.0,0.0,0.05,0,0.0
10,3,1,11.48,96.2,0.65,1,604.7
13,0,0,0.0,0.0,0.3,0,0.0
4,2,0,0.0,0.0,0.05,0,0.0
16,2,1,13.57,132.2,0.3,0,0.0
22,0,0,0.0,0.0,0.2,1,0.0
1,3,0,0.0,0.0,0.05,0,0.0
21,0,1,22.52,3.8,0.5,0,216.3
4,1,0,0.0,0.0,0.05,0,0.0
9,1,0,0.0,0.0,0.65,1,0.0
6,5,0,0.0,0.0,0.2,0,0.0
5,3,0,0.0,0.0,0.05,0,0.0
18,6,1,22.33,18.7,0.5,1,140.2
7,4,0,0.0,0.0,0.2,1,0.0
13,2,0,0.0,0.0,0.3,0,0.0
16,6,0,0.0,0.0,0.3,1,0.0
2,3,0,0.0,0.0,0.05,0,0.0
5,6,0,0.0,0.0,0.05,0,0.0
17,2,0,0.0,0.0,0.3,0,0.0
23,3,0,0.0,0.0,0.2,0,0.0
8,3,1,17.1,16.9,0.65,0,400.1
7,1,1,19.34,53.6,0.2,0,223.7
10,5,1,14.29,10.2,0.65,0,456.8
15,2,1,12.56,72.1,0.3,0,68.6
22,4,0,0.0,0.0,0.2,0,0.0
3,3,0,0.0,0.0,0.05,0,0.0
22,2,0,0.0,0.0,0.2,1,0.0
3,0,0,0.0,0.0,0.05,0,0.0
4,2,0,0.0,0.0,0.05,0,0.0
19,5,1,20.57,55.7,0.6,0,478.2
11,3,1,16.28,13.2,0.3,1,152.5
0,4,0,0.0,0.0,0.05,0,0.0
18,6,1,20.17,42.8,0.5,0,336.5
11,2,0,0.0,0.0,0.3,1,0.0
0,3,0,0.0,0.0,0.05,0,0.0
2,3,0,0.0,0.0,0.05,0,0.0
19,3,0,0.0,0.0,0.6,1,0.0
2,3,0,0.0,0.0,0.05,0,0.0
14,6,1,17.37,64.8,0.3,0,238.6
2,3,0,0.0,0.0,0.05,0,0.0
0,5,0,0.0,0.0,0.05,0,0.0
1,5,0,0.0,0.0,0.05,0,0.0
7,5,0,0.0,0.0,0.2,0,0.0
13,2,0,0.0,0.0,0.3,1,0.0
23,5,0,0.0,0.0,0.2,0,0.0
15,0,1,16.88,108.7,0.3,0,75.2
12,6,0,0.0,0.0,0.3,0,0.0
22,0,0,0.0,0.0,0.2,0,0.0
13,5,1,16.34,3.2,0.3,0,374.8
20,2,1,13.68,59.0,0.6,0,499.8
7,1,0,0.0,0.0,0.2,0,0.0
8,6,1,13.77,34.1,0.55,0,317.1
17,4,0,0.0,0.0,0.3,1,0.0
19,4,1,9.23,5.5,0.6,1,778.6
2,0,0,0.0,0.0,0.05,0,0.0
7,4,0,0.0,0.0,0.2,1,0.0
21,3,1,14.6,6.7,0.6,0,383.1
19,0,0,0.0,0.0,0.5,1,0.0
6,3,1,14.58,21.8,0.2,0,469.2
23,1,0,0.0,0.0,0.2,0,0.0
7,6,0,0.0,0.0,0.2,0,0.0
17,0,1,15.26,41.7,0.3,0,98.9
16,2,1,9.63,42.5,0.3,0,587.8
5,0,1,14.76,11.1,0.05,0,503.4
9,2,1,12.99,14.6,0.65,0,194.2
23,4,0,0.0,0.0,0.2,0,0.0
8,6,1,14.4,54.5,0.55,1,57.3
18,3,0,0.0,0.0,0.6,1,0.0
12,3,0,0.0,0.0,0.3,1,0.0
6,3,0,0.0,0.0,0.2,1,0.0
13,6,0,0.0,0.0,0.3,0,0.0
16,6,0,0.0,0.0,0.3,1,0.0
3,5,0,0.0,0.0,0.05,0,0.0
4,2,0,0.0,0.0,0.05,0,0.0
16,0,0,0.0,0.0,0.3,1,0.0
8,6,1,13.39,46.7,0.55,0,482.5
9,5,1,17.53,110.0,0.65,0,316.9
5,2,0,0.0,0.0,0.05,0,0.0
16,0,0,0.0,0.0,0.3,1,0.0
0,6,0,0.0,0.0,0.05,1,0.0
20,5,1,18.55,18.9,0.6,1,156.9
20,5,0,0.0,0.0,0.6,1,0.0
12,6,0,0.0,0.0,0.3,0,0.0
11,1,0,0.0,0.0,0.3,0,0.0
11,6,0,0.0,0.0,0.3,1,0.0
10,1,1,21.59,1.3,0.65,0,247.3
4,0,0,0.0,0.0,0.05,0,0.0
9,3,1,28.35,0.3,0.65,1,357.5
16,0,0,0.0,0.0,0.3,0,0.0
1,3,0,0.0,0.0,0.05,0,0.0
3,0,0,0.0,0.0,0.05,0,0.0
23,2,0,0.0,0.0,0.2,1,0.0
13,5,0,0.0,0.0,0.3,0,0.0
18,1,1,16.18,7.2,0.6,0,287.7
4,2,0,0.0,0.0,0.05,0,0.0
8,0,1,15.8,42.0,0.55,1,393.3
15,5,0,0.0,0.0,0.3,1,0.0
16,4,0,0.0,0.0,0.3,0,0.0
22,2,0,0.0,0.0,0.2,0,0.0
12,2,1,18.54,31.9,0.3,1,330.7
23,4,0,0.0,0.0,0.2,0,0.0
10,3,1,13.97,229.1,0.65,0,19.5
18,4,0,0.0,0.0,0.6,1,0.0
4,0,0,0.0,0.0,0.05,0,0.0
20,1,0,0.0,0.0,0.6,1,0.0
11,5,1,13.34,70.3,0.3,1,721.9
5,0,0,0.0,0.0,0.05,0,0.0
11,3,0,0.0,0.0,0.3,0,0.0
22,1,0,0.0,0.0,0.2,0,0.0
23,6,0,0.0,0.0,0.2,0,0.0
18,1,0,0.0,0.0,0.6,0,0.0
17,3,0,0.0,0.0,0.3,0,0.0
3,6,0,0.0,0.0,0.05,0,0.0
8,3,1,19.49,46.0,0.65,1,527.1
2,2,1,19.54,160.2,0.05,0,334.5
10,2,1,19.16,6.5,0.65,1,459.5
2,5,0,0.0,0.0,0.05,1,0.0
18,1,1,18.06,79.3,0.6,1,251.9
7,4,0,0.0,0.0,0.2,0,0.0
0,3,0,0.0,0.0,0.05,0,0.0
22,0,0,0.0,0.0,0.2,0,0.0
3,5,1,18.86,16.4,0.05,0,332.5
12,1,1,13.14,4.8,0.3,0,267.6
15,5,1,17.34,3.4,0.3,1,569.9
1,6,0,0.0,0.0,0.05,0,0.0
23,5,0,0.0,0.0,0.2,1,0.0
6,4,0,0.0,0.0,0.2,0,0.0
20,4,1,6.0,19.9,0.6,0,922.6
21,3,1,16.74,33.6,0.6,0,407.9
23,6,0,0.0,0.0,0.2,0,0.0
12,2,0,0.0,0.0,0.3,1,0.0
22,6,0,0.0,0.0,0.2,1,0.0
1,6,1,16.0,62.1,0.05,0,485.1
21,5,0,0.0,0.0,0.6,1,0.0
7,0,0,0.0,0.0,0.2,0,0.0
10,0,1,15.96,14.2,0.55,0,225.4
12,2,0,0.0,0.0,0.3,0,0.0
11,2,1,22.28,52.3,0.3,1,346.2
22,4,0,0.0,0.0,0.2,0,0.0
0,3,0,0.0,0.0,0.05,0,0.0
8,4,1,10.69,45.3,0.65,1,101.5
15,6,0,0.0,0.0,0.3,0,0.0
14,1,0,0.0,0.0,0.3,0,0.0
8,3,0,0.0,0.0,0.65,1,0.0
4,4,0,0.0,0.0,0.05,0,0.0
8,0,0,0.0,0.0,0.55,0,0.0
21,0,0,0.0,0.0,0.5,0,0.0
12,1,0,0.0,0.0,0.3,0,0.0
3,1,0,0.0,0.0,0.05,0,0.0
11,4,0,0.0,0.0,0.3,0,0.0
0,3,0,0.0,0.0,0.05,1,0.0
12,0,0,0.0,0.0,0.3,0,0.0
20,3,1,16.71,52.4,0.6,0,656.0
14,5,0,0.0,0.0,0.3,0,0.0
23,4,0,0.0,0.0,0.2,0,0.0
5,0,0,0.0,0.0,0.05,0,0.0
14,0,0,0.0,0.0,0.3,0,0.0
21,4,1,16.33,21.7,0.6,1,316.6
20,0,0,0.0,0.0,0.5,1,0.0
19,0,1,16.66,0.1,0.5,0,669.5
10,0,1,16.2,15.5,0.55,1,740.1
2,4,0,0.0,0.0,0.05,0,0.0
12,6,1,24.51,50.1,0.3,0,269.8
21,0,1,17.73,58.2,0.5,0,164.3
9,2,1,10.81,7.2,0.65,1,469.6
16,6,0,0.0,0.0,0.3,1,0.0
14,6,0,0.0,0.0,0.3,1,0.0
16,1,1,22.31,44.9,0.3,0,292.8
5,2,0,0.0,0.0,0.05,0,0.0
20,5,1,24.75,14.5,0.6,1,97.6
2,5,0,0.0,0.0,0.05,0,0.0
12,2,0,0.0,0.0,0.3,1,0.0
10,4,1,8.42,22.4,0.65,1,416.9
2,3,0,0.0,0.0,0.05,0,0.0
11,2,0,0.0,0.0,0.3,0,0.0
22,6,1,18.14,0.6,0.2,0,425.9
10,2,1,19.04,170.4,0.65,0,0.0
3,6,0,0.0,0.0,0.05,0,0.0
16,2,0,0.0,0.0,0.3,0,0.0
21,3,1,11.0,0.4,0.6,0,762.1
15,2,1,18.42,12.7,0.3,1,275.3
3,0,0,0.0,0.0,0.05,0,0.0
1,2,0,0.0,0.0,0.05,0,0.0
6,0,0,0.0,0.0,0.2,1,0.0
2,2,0,0.0,0.0,0.05,0,0.0
13,0,0,0.0,0.0,0.3,1,0.0
19,4,1,16.06,48.1,0.6,0,690.0
4,1,0,0.0,0.0,0.05,0,0.0
23,4,1,12.18,25.4,0.2,0,486.0
11,1,0,0.0,0.0,0.3,1,0.0
6,6,0,0.0,0.0,0.2,0,0.0
4,4,0,0.0,0.0,0.05,0,0.0
19,6,1,18.98,10.3,0.5,1,481.8
3,1,0,0.0,0.0,0.05,0,0.0
2,6,0,0.0,0.0,0.05,0,0.0
3,1,0,0.0,0.0,0.05,0,0.0
3,2,0,0.0,0.0,0.05,0,0.0
20,3,1,9.5,1.7,0.6,0,1107.6
21,5,1,11.65,162.7,0.6,0,869.0
21,6,1,11.66,16.7,0.5,0,505.2
12,6,0,0.0,0.0,0.3,0,0.0
4,0,0,0.0,0.0,0.05,0,0.0
15,2,0,0.0,0.0,0.3,0,0.0
15,5,0,0.0,0.0,0.3,0,0.0
16,2,0,0.0,0.0,0.3,0,0.0
1,6,0,0.0,0.0,0.05,0,0.0
9,5,1,19.88,41.4,0.65,0,409.0
18,3,0,0.0,0.0,0.6,1,0.0
1,6,0,0.0,0.0,0.05,0,0.0
0,6,0,0.0,0.0,0.05,0,0.0
16,1,0,0.0,0.0,0.3,1,0.0
12,5,1,19.21,172.8,0.3,0,67.6
15,6,0,0.0,0.0,0.3,0,0.0
16,2,0,0.0,0.0,0.3,0,0.0
3,1,1,17.94,68.6,0.05,0,520.5
3,2,0,0.0,0.0,0.05,0,0.0
0,0,0,0.0,0.0,0.05,0,0.0
4,2,0,0.0,0.0,0.05,0,0.0
15,5,0,0.0,0.0,0.3,0,0.0
10,1,0,0.0,0.0,0.65,1,0.0
11,6,1,20.99,76.3,0.3,0,342.3
22,2,0,0.0,0.0,0.2,0,0.0
18,1,1,15.78,8.0,0.6,1,413.8
16,5,1,15.04,59.4,0.3,0,468.5
0,5,0,0.0,0.0,0.05,0,0.0
21,4,1,13.76,10.3,0.6,1,730.4
21,4,1,17.36,14.6,0.6,0,512.1
7,1,0,0.0,0.0,0.2,0,0.0
1,5,0,0.0,0.0,0.05,0,0.0
8,4,1,12.81,39.3,0.65,1,918.8
2,1,0,0.0,0.0,0.05,0,0.0
21,1,1,16.15,3.6,0.6,1,679.4
8,5,1,24.18,27.6,0.65,0,422.1
14,2,0,0.0,0.0,0.3,0,0.0
15,5,1,19.08,14.2,0.3,1,199.8
18,1,1,18.39,42.6,0.6,0,486.9
0,0,0,0.0,0.0,0.05,0,0.0
8,3,0,0.0,0.0,0.65,1,0.0
8,4,1,21.2,60.5,0.65,1,398.1
17,2,0,0.0,0.0,0.3,1,0.0
20,6,0,0.0,0.0,0.5,0,0.0
3,4,0,0.0,0.0,0.05,0,0.0
18,3,1,13.99,45.7,0.6,0,405.5
14,3,1,17.05,12.8,0.3,1,367.3
1,2,0,0.0,0.0,0.05,0,0.0
0,2,0,0.0,0.0,0.05,0,0.0
22,1,0,0.0,0.0,0.2,0,0.0
3,2,0,0.0,0.0,0.05,0,0.0
2,1,0,0.0,0.0,0.05,0,0.0
13,2,0,0.0,0.0,0.3,0,0.0
5,2,0,0.0,0.0,0.05,0,0.0
0,5,0,0.0,0.0,0.05,1,0.0
20,1,1,9.54,12.8,0.6,0,657.3
17,1,0,0.0,0.0,0.3,0,0.0
12,3,0,0.0,0.0,0.3,0,0.0
10,5,1,7.86,10.6,0.65,1,1437.0
17,0,1,19.16,7.8,0.3,0,348.2
18,2,0,0.0,0.0,0.6,1,0.0
11,3,0,0.0,0.0,0.3,0,0.0
20,4,1,17.36,79.4,0.6,1,232.2
22,4,0,0.0,0.0,0.2,0,0.0
9,1,0,0.0,0.0,0.65,0,0.0
20,4,1,17.47,36.3,0.6,0,365.2
11,6,0,0.0,0.0,0.3,0,0.0
21,0,1,14.75,50.4,0.5,1,631.5
15,6,0,0.0,0.0,0.3,0,0.0
20,1,1,7.75,70.1,0.6,1,1084.3
9,2,1,18.2,19.7,0.65,1,570.8
10,5,1,20.8,12.6,0.65,0,542.0
14,0,0,0.0,0.0,0.3,0,0.0
9,6,0,0.0,0.0,0.55,1,0.0
1,2,0,0.0,0.0,0.05,0,0.0
15,6,1,12.84,41.9,0.3,0,510.5
23,1,0,0.0,0.0,0.2,1,0.0
16,2,1,15.82,31.9,0.3,0,584.6
10,1,1,12.94,0.5,0.65,1,254.3
21,0,1,10.72,18.3,0.5,0,383.2
14,2,1,15.19,23.7,0.3,0,348.7
15,1,1,17.98,94.4,0.3,0,205.2
17,1,0,0.0,0.0,0.3,0,0.0
19,4,1,16.18,17.4,0.6,0,580.5
7,2,0,0.0,0.0,0.2,0,0.0
19,2,1,18.61,55.5,0.6,1,362.3
1,4,0,0.0,0.0,0.05,1,0.0
3,0,0,0.0,0.0,0.05,0,0.0
12,5,0,0.0,0.0,0.3,0,0.0
16,2,0,0.0,0.0,0.3,0,0.0
6,3,1,11.45,99.5,0.2,0,173.9
2,4,0,0.0,0.0,0.05,0,0.0
4,4,0,0.0,0.0,0.05,0,0.0
9,4,1,11.64,14.2,0.65,0,1042.3
11,1,0,0.0,0.0,0.3,1,0.0
16,1,0,0.0,0.0,0.3,0,0.0
22,1,0,0.0,0.0,0.2,0,0.0
5,0,0,0.0,0.0,0.05,0,0.0
0,5,0,0.0,0.0,0.05,0,0.0
13,4,0,0.0,0.0,0.3,0,0.0
9,6,0,0.0,0.0,0.55,0,0.0
22,6,1,12.86,4.2,0.2,0,264.1
0,4,0,0.0,0.0,0.05,1,0.0
20,2,0,0.0,0.0,0.6,1,0.0
13,1,0,0.0,0.0,0.3,0,0.0
13,2,0,0.0,0.0,0.3,0,0.0
6,4,0,0.0,0.0,0.2,0,0.0
10,0,1,19.03,3.1,0.55,1,567.0
2,6,1,18.45,23.8,0.05,0,688.7
18,5,1,18.49,16.9,0.6,0,361.3
10,1,1,21.32,44.1,0.65,1,125.8
3,4,0,0.0,0.0,0.05,0,0.0
1,1,0,0.0,0.0,0.05,0,0.0
15,2,0,0.0,0.0,0.3,0,0.0
1,6,0,0.0,0.0,0.05,0,0.0
4,2,0,0.0,0.0,0.05,0,0.0
21,0,1,19.75,126.6,0.5,0,316.8
11,4,1,14.58,46.5,0.3,0,131.1
18,0,0,0.0,0.0,0.5,1,0.0
14,3,1,15.28,39.0,0.3,0,450.8
5,2,0,0.0,0.0,0.05,0,0.0
12,4,0,0.0,0.0,0.3,0,0.0
1,3,0,0.0,0.0,0.05,0,0.0
11,2,1,10.93,1.5,0.3,0,709.0
19,3,1,17.77,52.8,0.6,0,378.8
23,6,1,16.01,10.1,0.2,0,394.3
22,0,0,0.0,0.0,0.2,0,0.0
13,3,1,18.92,25.7,0.3,1,256.9
10,1,1,17.26,10.7,0.65,1,544.6
9,3,1,18.17,34.0,0.65,1,57.2
9,6,1,11.13,19.6,0.55,1,513.4
3,6,0,0.0,0.0,0.05,0,0.0
23,6,0,0.0,0.0,0.2,1,0.0
22,2,0,0.0,0.0,0.2,0,0.0
4,5,0,0.0,0.0,0.05,0,0.0
23,2,1,17.25,8.6,0.2,0,195.3
9,4,1,15.85,27.6,0.65,0,283.5
7,0,0,0.0,0.0,0.2,0,0.0
22,6,0,0.0,0.0,0.2,0,0.0
7,3,1,18.99,33.3,0.2,0,352.1
6,0,0,0.0,0.0,0.2,0,0.0
22,6,0,0.0,0.0,0.2,0,0.0
7,4,0,0.0,0.0,0.2,0,0.0
5,2,0,0.0,0.0,0.05,0,0.0
13,6,0,0.0,0.0,0.3,0,0.0
7,0,0,0.0,0.0,0.2,0,0.0
5,3,0,0.0,0.0,0.05,0,0.0
2,4,0,0.0,0.0,0.05,0,0.0
5,6,0,0.0,0.0,0.05,0,0.0
13,2,0,0.0,0.0,0.3,0,0.0
11,0,0,0.0,0.0,0.3,0,0.0
4,5,0,0.0,0.0,0.05,1,0.0
20,1,1,23.83,40.0,0.6,0,90.9
17,0,0,0.0,0.0,0.3,0,0.0
21,3,1,19.32,19.5,0.6,0,355.3
7,2,1,15.89,107.6,0.2,0,200.5
15,6,0,0.0,0.0,0.3,0,0.0
16,5,0,0.0,0.0,0.3,0,0.0
13,5,0,0.0,0.0,0.3,0,0.0
20,6,0,0.0,0.0,0.5,1,0.0
14,0,0,0.0,0.0,0.3,0,0.0
20,6,0,0.0,0.0,0.5,1,0.0
19,0,0,0.0,0.0,0.5,1,0.0
2,2,0,0.0,0.0,0.05,0,0.0
14,3,0,0.0,0.0,0.3,1,0.0
7,2,1,21.72,21.5,0.2,0,221.0
0,1,0,0.0,0.0,0.05,0,0.0
22,5,0,0.0,0.0,0.2,0,0.0
12,2,0,0.0,0.0,0.3,0,0.0
2,2,0,0.0,0.0,0.05,1,0.0
18,1,1,13.54,121.8,0.6,0,333.5
23,5,0,0.0,0.0,0.2,0,0.0
4,2,0,0.0,0.0,0.05,0,0.0
16,2,1,7.76,27.4,0.3,0,665.0
2,5,0,0.0,0.0,0.05,0,0.0
0,1,0,0.0,0.0,0.05,0,0.0
11,1,0,0.0,0.0,0.3,1,0.0
8,6,1,18.32,40.7,0.55,0,523.1
1,2,0,0.0,0.0,0.05,0,0.0
9,0,0,0.0,0.0,0.55,0,0.0
9,2,0,0.0,0.0,0.65,0,0.0
15,0,1,9.17,10.7,0.3,0,740.0
11,6,1,9.79,16.0,0.3,1,1080.9
2,1,0,0.0,0.0,0.05,0,0.0
19,5,1,17.28,29.9,0.6,0,586.0
13,0,1,16.52,5.6,0.3,1,261.0
11,6,1,16.27,39.2,0.3,0,786.5
9,0,0,0.0,0.0,0.55,1,0.0
10,4,1,20.31,4.7,0.65,1,357.4
12,5,1,17.69,3.1,0.3,1,431.5
7,6,0,0.0,0.0,0.2,0,0.0
8,6,0,0.0,0.0,0.55,1,0.0
14,1,1,24.32,2.4,0.3,1,266.9
4,6,0,0.0,0.0,0.05,0,0.0
9,5,0,0.0,0.0,0.65,1,0.0
21,5,0,0.0,0.0,0.6,0,0.0
14,0,1,9.92,10.6,0.3,0,1092.4
13,6,1,6.0,38.7,0.3,0,470.7
20,2,1,23.35,51.2,0.6,1,538.9
19,5,1,10.27,48.1,0.6,0,121.8
13,4,1,20.13,12.3,0.3,0,418.0
15,3,0,0.0,0.0,0.3,0,0.0
16,6,1,21.38,5.0,0.3,0,257.0
13,4,1,17.27,22.6,0.3,1,558.3
12,1,0,0.0,0.0,0.3,1,0.0
23,6,0,0.0,0.0,0.2,0,0.0
12,1,0,0.0,0.0,0.3,0,0.0
18,6,0,0.0,0.0,0.5,0,0.0
2,5,0,0.0,0.0,0.05,0,0.0
4,4,0,0.0,0.0,0.05,0,0.0
10,5,1,14.67,80.5,0.65,1,373.9
11,3,0,0.0,0.0,0.3,0,0.0
9,1,1,15.42,35.7,0.65,0,706.8
9,2,1,16.81,53.7,0.65,0,291.0
4,5,0,0.0,0.0,0.05,0,0.0
0,3,0,0.0,0.0,0.05,0,0.0
12,2,0,0.0,0.0,0.3,0,0.0
11,6,0,0.0,0.0,0.3,0,0.0
8,0,1,17.8,43.9,0.55,0,498.1
1,4,0,0.0,0.0,0.05,0,0.0
9,5,1,8.52,52.8,0.65,1,1200.2
13,2,0,0.0,0.0,0.3,1,0.0
2,2,1,14.51,81.1,0.05,0,97.2
9,1,1,13.97,1.8,0.65,0,452.6
15,5,0,0.0,0.0,0.3,1,0.0
14,1,0,0.0,0.0,0.3,0,0.0
6,5,0,0.0,0.0,0.2,0,0.0
14,6,0,0.0,0.0,0.3,1,0.0
22,5,1,14.13,4.4,0.2,0,367.7
20,4,1,13.73,9.7,0.6,0,1015.7
22,5,0,0.0,0.0,0.2,1,0.0
4,4,0,0.0,0.0,0.05,0,0.0
13,3,1,13.57,38.2,0.3,0,166.9
3,1,0,0.0,0.0,0.05,0,0.0
4,5,1,17.82,22.4,0.05,0,171.8
21,4,1,19.45,18.5,0.6,0,547.7
8,3,1,17.36,2.1,0.65,1,399.3
3,4,0,0.0,0.0,0.05,1,0.0
8,1,1,20.96,5.6,0.65,0,317.2
18,6,1,13.19,43.5,0.5,0,553.8
23,0,0,0.0,0.0,0.2,0,0.0
6,4,0,0.0,0.0,0.2,0,0.0
10,6,1,15.22,41.6,0.55,0,518.8
0,6,0,0.0,0.0,0.05,0,0.0
1,1,0,0.0,0.0,0.05,0,0.0
10,1,1,9.35,84.4,0.65,0,845.4
21,1,0,0.0,0.0,0.6,1,0.0
21,5,1,18.73,7.0,0.6,0,404.6
8,5,1,15.78,2.8,0.65,1,663.3
17,2,1,9.62,240.0,0.3,0,453.9
8,1,1,22.77,13.5,0.65,1,490.5
3,5,0,0.0,0.0,0.05,0,0.0
13,1,1,16.05,99.5,0.3,0,294.4
4,1,0,0.0,0.0,0.05,0,0.0
11,5,1,27.47,56.4,0.3,0,270.6
3,0,0,0.0,0.0,0.05,0,0.0
19,1,1,12.79,13.2,0.6,1,439.9
5,3,0,0.0,0.0,0.05,0,0.0
13,4,1,14.5,6.5,0.3,0,492.5
11,1,1,11.96,101.1,0.3,1,492.8
2,0,0,0.0,0.0,0.05,0,0.0
22,4,0,0.0,0.0,0.2,0,0.0
8,4,1,11.75,35.8,0.65,0,427.8
7,6,0,0.0,0.0,0.2,1,0.0
10,6,0,0.0,0.0,0.55,1,0.0
21,1,1,14.96,99.9,0.6,1,229.3
19,5,1,8.01,53.4,0.6,0,1243.3
11,3,0,0.0,0.0,0.3,1,0.0
6,3,0,0.0,0.0,0.2,0,0.0
12,2,1,24.34,1.2,0.3,1,371.3
7,3,0,0.0,0.0,0.2,0,0.0
18,1,1,11.94,14.6,0.6,0,455.8
18,3,1,17.52,3.1,0.6,0,641.1
5,5,0,0.0,0.0,0.05,0,0.0
0,2,0,0.0,0.0,0.05,0,0.0
21,6,1,15.28,46.1,0.5,0,275.0
5,5,0,0.0,0.0,0.05,0,0.0
4,5,0,0.0,0.0,0.05,0,0.0
12,0,0,0.0,0.0,0.3,1,0.0
19,5,1,12.09,120.1,0.6,1,177.2
22,1,0,0.0,0.0,0.2,0,0.0
21,4,1,10.2,31.7,0.6,0,970.5
2,5,0,0.0,0.0,0.05,0,0.0
14,5,0,0.0,0.0,0.3,0,0.0
9,2,1,16.69,26.3,0.65,1,312.4
9,1,1,18.04,33.5,0.65,1,707.4
0,3,0,0.0,0.0,0.05,0,0.0
16,3,1,19.98,2.7,0.3,1,407.1
23,2,0,0.0,0.0,0.2,0,0.0
10,2,1,17.02,7.2,0.65,1,389.3
14,2,0,0.0,0.0,0.3,0,0.0
16,6,0,0.0,0.0,0.3,0,0.0
6,0,0,0.0,0.0,0.2,1,0.0
10,1,1,16.78,79.4,0.65,1,94.7
22,1,1,15.6,57.6,0.2,0,670.4
17,6,0,0.0,0.0,0.3,1,0.0
9,0,1,19.36,69.4,0.55,1,313.8
10,5,1,14.58,42.4,0.65,1,747.4
6,2,0,0.0,0.0,0.2,0,0.0
0,3,1,8.9,77.3,0.05,0,220.9
1,3,0,0.0,0.0,0.05,0,0.0
22,0,1,20.26,12.8,0.2,0,209.6
18,6,1,18.0,1.0,0.5,0,148.8
9,2,1,18.25,3.8,0.65,1,516.0
9,3,1,14.62,41.0,0.65,1,514.4
3,2,0,0.0,0.0,0.05,0,0.0
22,4,0,0.0,0.0,0.2,1,0.0
13,4,1,18.3,112.3,0.3,1,130.0
23,0,0,0.0,0.0,0.2,1,0.0
10,5,1,19.14,27.0,0.65,1,75.4
5,6,0,0.0,0.0,0.05,1,0.0
12,2,0,0.0,0.0,0.3,1,0.0
18,2,0,0.0,0.0,0.6,1,0.0
19,3,1,20.47,8.8,0.6,0,651.8
5,6,0,0.0,0.0,0.05,0,0.0
19,5,1,14.69,10.5,0.6,1,518.6
14,0,0,0.0,0.0,0.3,0,0.0
6,4,0,0.0,0.0,0.2,0,0.0
12,3,0,0.0,0.0,0.3,0,0.0
10,6,1,12.99,0.8,0.55,1,953.1
0,2,0,0.0,0.0,0.05,0,0.0
16,4,0,0.0,0.0,0.3,1,0.0
2,5,0,0.0,0.0,0.05,0,0.0
21,5,1,13.67,50.6,0.6,0,682.6
22,5,0,0.0,0.0,0.2,0,0.0
14,0,0,0.0,0.0,0.3,1,0.0
12,3,1,11.3,61.0,0.3,0,956.5
15,3,0,0.0,0.0,0.3,1,0.0
20,4,1,15.32,9.8,0.6,0,291.4
16,3,0,0.0,0.0,0.3,1,0.0
17,0,0,0.0,0.0,0.3,1,0.0
5,5,1,11.75,39.6,0.05,0,268.7
0,2,0,0.0,0.0,0.05,0,0.0
23,4,0,0.0,0.0,0.2,0,0.0
12,0,0,0.0,0.0,0.3,0,0.0
15,1,0,0.0,0.0,0.3,0,0.0
15,5,0,0.0,0.0,0.3,0,0.0
18,0,1,18.09,10.0,0.5,0,510.8
5,0,0,0.0,0.0,0.05,0,0.0
9,1,1,8.66,10.8,0.65,0,688.0
14,3,0,0.0,0.0,0.3,0,0.0
8,1,0,0.0,0.0,0.65,1,0.0
2,0,0,0.0,0.0,0.05,0,0.0
19,6,0,0.0,0.0,0.5,0,0.0
12,3,0,0.0,0.0,0.3,0,0.0
8,2,1,12.7,11.8,0.65,1,161.9
3,4,0,0.0,0.0,0.05,0,0.0
23,0,0,0.0,0.0,0.2,0,0.0
23,3,1,13.12,168.9,0.2,0,371.7
18,4,0,0.0,0.0,0.6,1,0.0
17,3,0,0.0,0.0,0.3,1,0.0
1,0,0,0.0,0.0,0.05,0,0.0
9,6,1,21.16,16.8,0.55,1,439.5
18,5,1,19.06,68.8,0.6,0,141.1
22,2,0,0.0,0.0,0.2,1,0.0
5,3,0,0.0,0.0,0.05,0,0.0
15,6,1,14.56,75.3,0.3,0,426.7
12,6,0,0.0,0.0,0.3,0,0.0
5,1,0,0.0,0.0,0.05,0,0.0
22,0,0,0.0,0.0,0.2,1,0.0
18,5,1,26.02,73.0,0.6,1,67.3
15,4,0,0.0,0.0,0.3,1,0.0
7,2,0,0.0,0.0,0.2,0,0.0
6,0,0,0.0,0.0,0.2,0,0.0
7,5,0,0.0,0.0,0.2,0,0.0
21,4,1,14.6,56.9,0.6,0,275.3
9,4,1,20.2,23.1,0.65,0,367.5
2,4,0,0.0,0.0,0.05,0,0.0
14,5,0,0.0,0.0,0.3,0,0.0
15,4,0,0.0,0.0,0.3,1,0.0
23,3,1,20.26,23.6,0.2,0,187.1
14,4,1,21.81,67.2,0.3,0,301.7
12,0,1,14.52,13.3,0.3,0,570.7
5,5,0,0.0,0.0,0.05,0,0.0
16,4,0,0.0,0.0,0.3,0,0.0
19,4,1,14.54,76.6,0.6,0,152.7
16,2,0,0.0,0.0,0.3,1,0.0
1,3,0,0.0,0.0,0.05,0,0.0
5,0,0,0.0,0.0,0.05,0,0.0
19,2,1,13.14,10.3,0.6,0,583.8
0,1,0,0.0,0.0,0.05,0,0.0
0,3,0,0.0,0.0,0.05,0,0.0
10,2,1,18.09,57.1,0.65,1,534.6
1,6,0,0.0,0.0,0.05,0,0.0
16,4,1,19.84,27.1,0.3,0,134.1
22,5,1,18.27,67.7,0.2,0,439.3
17,1,0,0.0,0.0,0.3,1,0.0
0,3,0,0.0,0.0,0.05,0,0.0
10,4,1,10.32,19.1,0.65,1,1395.5
19,2,1,13.93,16.6,0.6,1,833.5
21,6,1,17.54,11.4,0.5,0,463.3
8,1,1,15.8,138.0,0.65,0,745.9
5,5,0,0.0,0.0,0.05,0,0.0
23,5,0,0.0,0.0,0.2,0,0.0
11,1,0,0.0,0.0,0.3,1,0.0
19,4,1,18.34,3.6,0.6,0,184.8
7,1,0,0.0,0.0,0.2,0,0.0
9,2,1,14.35,73.1,0.65,1,44.4
14,1,0,0.0,0.0,0.3,0,0.0
13,6,0,0.0,0.0,0.3,0,0.0
17,4,0,0.0,0.0,0.3,0,0.0
21,0,0,0.0,0.0,0.5,1,0.0
20,1,1,14.47,21.3,0.6,0,340.6
4,4,0,0.0,0.0,0.05,0,0.0
15,6,0,0.0,0.0,0.3,0,0.0
2,6,0,0.0,0.0,0.05,0,0.0
0,0,0,0.0,0.0,0.05,0,0.0
17,2,1,15.51,18.3,0.3,0,548.8
6,1,0,0.0,0.0,0.2,0,0.0
16,0,1,20.73,12.2,0.3,0,274.7
16,5,0,0.0,0.0,0.3,0,0.0
3,1,0,0.0,0.0,0.05,0,0.0
22,3,1,22.7,52.7,0.2,0,333.7
15,2,1,16.86,10.2,0.3,0,251.5
23,0,0,0.0,0.0,0.2,1,0.0
17,5,1,10.28,60.9,0.3,0,742.6
9,4,0,0.0,0.0,0.65,1,0.0
19,4,1,26.71,10.1,0.6,0,148.0
8,4,1,16.26,28.2,0.65,1,710.5
13,3,0,0.0,0.0,0.3,0,0.0
2,1,0,0.0,0.0,0.05,0,0.0
11,0,0,0.0,0.0,0.3,1,0.0
2,2,0,0.0,0.0,0.05,0,0.0
7,3,0,0.0,0.0,0.2,0,0.0
13,5,0,0.0,0.0,0.3,1,0.0
21,5,1,21.37,0.9,0.6,1,651.3
15,3,1,8.75,62.3,0.3,0,693.6
0,1,1,6.54,21.5,0.05,0,1620.9
16,3,0,0.0,0.0,0.3,0,0.0
13,5,0,0.0,0.0,0.3,1,0.0
15,3,1,18.85,1.0,0.3,0,295.3
15,3,0,0.0,0.0,0.3,0,0.0
13,2,0,0.0,0.0,0.3,0,0.0
3,5,0,0.0,0.0,0.05,0,0.0
13,5,0,0.0,0.0,0.3,1,0.0
17,3,0,0.0,0.0,0.3,0,0.0
20,2,1,17.83,36.5,0.6,0,197.4
4,2,0,0.0,0.0,0.05,0,0.0
4,6,0,0.0,0.0,0.05,0,0.0
2,4,0,0.0,0.0,0.05,0,0.0
7,4,0,0.0,0.0,0.2,0,0.0
9,4,1,14.47,137.7,0.65,0,206.7
13,1,1,17.24,58.3,0.3,0,710.1
12,1,0,0.0,0.0,0.3,0,0.0
3,1,0,0.0,0.0,0.05,0,0.0
16,1,0,0.0,0.0,0.3,1,0.0
18,2,1,8.44,41.5,0.6,1,804.2
20,3,1,15.49,73.6,0.6,0,571.5
17,4,0,0.0,0.0,0.3,1,0.0
6,3,0,0.0,0.0,0.2,0,0.0
0,1,0,0.0,0.0,0.05,1,0.0
11,5,1,12.7,114.0,0.3,0,496.5
5,2,0,0.0,0.0,0.05,0,0.0
23,5,0,0.0,0.0,0.2,1,0.0
23,0,0,0.0,0.0,0.2,1,0.0
19,3,1,12.06,9.8,0.6,1,570.5
7,5,0,0.0,0.0,0.2,0,0.0
6,0,0,0.0,0.0,0.2,0,0.0
0,4,1,16.79,26.8,0.05,0,349.2
23,4,0,0.0,0.0,0.2,1,0.0
22,3,0,0.0,0.0,0.2,0,0.0
3,0,0,0.0,0.0,0.05,0,0.0
3,1,0,0.0,0.0,0.05,0,0.0
18,1,0,0.0,0.0,0.6,1,0.0
0,3,0,0.0,0.0,0.05,1,0.0
7,1,0,0.0,0.0,0.2,0,0.0
21,4,1,17.05,11.2,0.6,1,393.4
17,4,0,0.0,0.0,0.3,0,0.0
4,6,0,0.0,0.0,0.05,0,0.0
15,6,0,0.0,0.0,0.3,0,0.0
14,4,0,0.0,0.0,0.3,1,0.0
19,4,1,14.34,17.1,0.6,0,314.5
2,6,0,0.0,0.0,0.05,0,0.0
5,0,0,0.0,0.0,0.05,0,0.0
4,6,0,0.0,0.0,0.05,0,0.0
12,0,0,0.0,0.0,0.3,1,0.0
22,2,1,14.55,66.0,0.2,1,288.9
4,0,0,0.0,0.0,0.05,0,0.0
21,3,1,16.2,79.6,0.6,1,567.6
6,1,0,0.0,0.0,0.2,0,0.0
10,1,1,18.68,44.6,0.65,1,605.8
14,5,1,16.81,22.9,0.3,0,540.2
3,6,0,0.0,0.0,0.05,0,0.0
22,3,1,17.82,44.6,0.2,0,276.6
22,1,0,0.0,0.0,0.2,0,0.0
8,6,1,18.65,61.0,0.55,1,281.9
0,6,0,0.0,0.0,0.05,0,0.0
23,2,0,0.0,0.0,0.2,0,0.0
16,5,0,0.0,0.0,0.3,0,0.0
16,2,0,0.0,0.0,0.3,0,0.0
1,0,0,0.0,0.0,0.05,0,0.0
14,6,0,0.0,0.0,0.3,1,0.0
10,1,0,0.0,0.0,0.65,1,0.0
15,0,0,0.0,0.0,0.3,0,0.0
3,5,0,0.0,0.0,0.05,0,0.0
21,0,1,16.34,89.4,0.5,0,463.2
22,5,0,0.0,0.0,0.2,1,0.0
15,4,0,0.0,0.0,0.3,0,0.0
4,4,0,0.0,0.0,0.05,0,0.0
13,5,0,0.0,0.0,0.3,0,0.0
18,4,1,13.01,0.4,0.6,0,1059.3
4,6,0,0.0,0.0,0.05,0,0.0
12,6,0,0.0,0.0,0.3,0,0.0
5,2,0,0.0,0.0,0.05,1,0.0
7,0,0,0.0,0.0,0.2,0,0.0
20,5,1,15.61,1.0,0.6,0,189.7
10,6,1,11.57,37.1,0.55,0,578.8
10,0,0,0.0,0.0,0.55,1,0.0
5,0,0,0.0,0.0,0.05,0,0.0
20,3,0,0.0,0.0,0.6,0,0.0
22,3,0,0.0,0.0,0.2,0,0.0
4,4,0,0.0,0.0,0.05,0,0.0
18,0,0,0.0,0.0,0.5,1,0.0
20,2,1,9.18,7.6,0.6,0,545.1
23,6,0,0.0,0.0,0.2,0,0.0
20,4,1,16.3,71.1,0.6,0,378.9
6,5,1,23.43,145.7,0.2,0,44.7
17,4,0,0.0,0.0,0.3,1,0.0
6,3,1,14.07,2.6,0.2,0,745.3
23,4,1,17.11,35.3,0.2,0,269.4
23,2,1,16.03,21.8,0.2,0,330.8
23,3,0,0.0,0.0,0.2,0,0.0
18,4,0,0.0,0.0,0.6,1,0.0
16,4,0,0.0,0.0,0.3,1,0.0
6,3,0,0.0,0.0,0.2,0,0.0
17,2,1,22.53,37.9,0.3,0,161.2
5,2,0,0.0,0.0,0.05,0,0.0
13,6,0,0.0,0.0,0.3,0,0.0
13,3,0,0.0,0.0,0.3,0,0.0
11,1,0,0.0,0.0,0.3,0,0.0
22,3,1,18.49,5.1,0.2,0,140.0
11,1,1,15.73,9.6,0.3,0,552.0
11,1,0,0.0,0.0,0.3,0,0.0
8,6,0,0.0,0.0,0.55,1,0.0
6,6,1,17.46,30.5,0.2,0,146.7
11,6,1,14.23,83.6,0.3,1,437.6
11,4,1,14.64,43.6,0.3,0,408.9
16,3,1,13.66,23.8,0.3,0,351.6
2,2,0,0.0,0.0,0.05,0,0.0
15,5,1,11.04,14.0,0.3,0,449.8
13,4,1,16.62,52.3,0.3,0,300.8
1,3,0,0.0,0.0,0.05,0,0.0
21,6,1,14.65,89.2,0.5,0,96.2
6,4,1,17.69,48.9,0.2,1,177.8
23,4,0,0.0,0.0,0.2,0,0.0
20,1,1,22.23,32.9,0.6,1,600.2
12,1,0,0.0,0.0,0.3,1,0.0
19,0,1,14.37,26.6,0.5,0,428.3
13,5,1,8.67,103.5,0.3,0,738.5
7,4,0,0.0,0.0,0.2,0,0.0
17,6,1,15.99,78.1,0.3,0,606.0
15,3,0,0.0,0.0,0.3,1,0.0
21,5,1,20.46,94.3,0.6,1,126.5
4,6,0,0.0,0.0,0.05,0,0.0
19,4,1,13.57,5.4,0.6,1,548.6
4,6,0,0.0,0.0,0.05,0,0.0
15,6,0,0.0,0.0,0.3,0,0.0
21,4,1,14.38,25.8,0.6,0,316.3
0,5,0,0.0,0.0,0.05,0,0.0
20,6,0,0.0,0.0,0.5,0,0.0
3,2,0,0.0,0.0,0.05,0,0.0
2,2,0,0.0,0.0,0.05,0,0.0
10,5,1,16.57,10.8,0.65,1,642.9
1,1,0,0.0,0.0,0.05,0,0.0
9,1,1,13.34,33.5,0.65,0,799.8
2,1,0,0.0,0.0,0.05,0,0.0
20,4,1,21.15,16.5,0.6,1,336.7
2,3,0,0.0,0.0,0.05,0,0.0
15,6,0,0.0,0.0,0.3,0,0.0
5,1,0,0.0,0.0,0.05,0,0.0
13,0,0,0.0,0.0,0.3,1,0.0
20,6,1,11.16,4.8,0.5,1,351.6
23,3,0,0.0,0.0,0.2,0,0.0
17,0,0,0.0,0.0,0.3,0,0.0
9,4,1,18.3,91.7,0.65,0,271.2
15,5,1,15.49,38.3,0.3,0,135.7
23,4,1,22.23,59.8,0.2,0,116.0
9,3,1,18.08,53.3,0.65,0,273.7
0,6,0,0.0,0.0,0.05,0,0.0
21,4,0,0.0,0.0,0.6,1,0.0
5,4,0,0.0,0.0,0.05,0,0.0
22,1,1,19.59,61.9,0.2,0,65.6
20,3,0,0.0,0.0,0.6,1,0.0
2,5,0,0.0,0.0,0.05,0,0.0
11,4,0,0.0,0.0,0.3,1,0.0
9,2,0,0.0,0.0,0.65,1,0.0
7,2,0,0.0,0.0,0.2,1,0.0
15,6,0,0.0,0.0,0.3,0,0.0
14,1,1,10.53,26.7,0.3,1,726.7
1,6,0,0.0,0.0,0.05,1,0.0
6,2,0,0.0,0.0,0.2,0,0.0
16,1,1,10.7,132.4,0.3,0,784.3
12,0,0,0.0,0.0,0.3,1,0.0
21,3,1,18.18,5.0,0.6,1,279.9
18,5,1,12.58,59.5,0.6,1,144.5
15,0,0,0.0,0.0,0.3,1,0.0
3,3,0,0.0,0.0,0.05,0,0.0
21,1,1,16.37,99.7,0.6,1,160.5
16,4,1,11.74,0.3,0.3,0,625.8
19,1,1,18.89,68.3,0.6,1,44.4
22,3,0,0.0,0.0,0.2,0,0.0
9,1,0,0.0,0.0,0.65,0,0.0
9,0,1,14.21,28.9,0.55,0,218.5
14,4,1,11.98,27.5,0.3,1,1103.6
13,2,0,0.0,0.0,0.3,0,0.0
5,4,0,0.0,0.0,0.05,0,0.0
19,1,1,22.92,73.7,0.6,1,246.7
1,3,0,0.0,0.0,0.05,0,0.0
12,0,1,12.66,59.7,0.3,0,480.6
2,1,0,0.0,0.0,0.05,0,0.0
1,5,0,0.0,0.0,0.05,0,0.0
18,4,0,0.0,0.0,0.6,1,0.0
22,0,1,19.5,7.0,0.2,0,278.1
4,1,0,0.0,0.0,0.05,0,0.0
23,2,0,0.0,0.0,0.2,0,0.0
6,6,0,0.0,0.0,0.2,0,0.0
12,2,0,0.0,0.0,0.3,0,0.0
20,5,0,0.0,0.0,0.6,1,0.0
9,3,1,18.78,41.7,0.65,1,268.3
3,3,1,18.75,93.1,0.05,0,414.7
14,0,1,12.64,56.9,0.3,0,486.9
7,2,1,20.58,0.9,0.2,0,301.8
8,0,1,6.0,59.3,0.55,1,1930.5
11,4,0,0.0,0.0,0.3,1,0.0
16,1,0,0.0,0.0,0.3,0,0.0
0,2,0,0.0,0.0,0.05,0,0.0
17,4,0,0.0,0.0,0.3,1,0.0
6,0,0,0.0,0.0,0.2,0,0.0
5,1,0,0.0,0.0,0.05,0,0.0
5,1,0,0.0,0.0,0.05,0,0.0
7,3,1,15.01,28.1,0.2,0,600.4
11,2,0,0.0,0.0,0.3,0,0.0
15,6,1,18.51,119.6,0.3,0,281.9
8,6,1,14.71,86.3,0.55,0,166.3
15,0,0,0.0,0.0,0.3,0,0.0
8,3,0,0.0,0.0,0.65,0,0.0
3,4,0,0.0,0.0,0.05,1,0.0
17,3,1,15.68,18.1,0.3,0,732.0
10,6,0,0.0,0.0,0.55,0,0.0
15,5,1,12.8,10.4,0.3,0,287.6
22,1,0,0.0,0.0,0.2,0,0.0
2,1,0,0.0,0.0,0.05,0,0.0
0,4,0,0.0,0.0,0.05,0,0.0
8,5,1,14.92,75.0,0.65,1,459.9
22,3,0,0.0,0.0,0.2,0,0.0
7,1,0,0.0,0.0,0.2,0,0.0
11,1,1,16.33,73.6,0.3,0,213.9
1,6,0,0.0,0.0,0.05,0,0.0
4,2,0,0.0,0.0,0.05,1,0.0
22,0,1,15.85,37.7,0.2,0,197.7
4,3,0,0.0,0.0,0.05,0,0.0
5,3,0,0.0,0.0,0.05,0,0.0
5,0,0,0.0,0.0,0.05,0,0.0
18,4,0,0.0,0.0,0.6,1,0.0
18,2,1,19.07,3.4,0.6,0,380.1
19,6,1,13.5,59.8,0.5,0,207.0
15,1,1,15.49,15.9,0.3,1,489.2
22,1,0,0.0,0.0,0.2,0,0.0
17,6,1,16.32,45.9,0.3,0,343.2
17,0,0,0.0,0.0,0.3,0,0.0
4,3,0,0.0,0.0,0.05,0,0.0
17,4,0,0.0,0.0,0.3,1,0.0
16,0,0,0.0,0.0,0.3,0,0.0
10,0,1,13.63,33.9,0.55,0,424.9
13,0,0,0.0,0.0,0.3,0,0.0
0,4,0,0.0,0.0,0.05,0,0.0
5,2,0,0.0,0.0,0.05,0,0.0
3,1,0,0.0,0.0,0.05,0,0.0
15,1,1,20.43,26.7,0.3,0,570.5
15,5,1,10.42,26.7,0.3,0,144.3
19,0,1,13.17,55.6,0.5,0,1039.9
6,0,0,0.0,0.0,0.2,0,0.0
12,1,0,0.0,0.0,0.3,0,0.0
13,1,0,0.0,0.0,0.3,1,0.0
23,2,0,0.0,0.0,0.2,1,0.0
16,5,0,0.0,0.0,0.3,1,0.0
15,4,0,0.0,0.0,0.3,0,0.0
19,1,1,13.83,110.8,0.6,0,402.8
18,5,1,15.78,0.2,0.6,0,186.2
6,3,0,0.0,0.0,0.2,1,0.0
14,6,0,0.0,0.0,0.3,1,0.0
17,2,1,18.74,0.8,0.3,0,718.0
18,2,1,15.43,178.6,0.6,0,209.1
22,5,0,0.0,0.0,0.2,0,0.0
2,0,0,0.0,0.0,0.05,0,0.0
11,2,1,13.29,2.9,0.3,0,747.9
19,3,1,17.66,58.9,0.6,1,133.2
18,2,1,13.86,6.9,0.6,1,1006.9
5,5,1,16.6,96.3,0.05,0,287.3
22,4,1,13.27,5.6,0.2,0,192.4
23,4,1,19.87,10.0,0.2,0,137.8
21,0,0,0.0,0.0,0.5,1,0.0
10,3,1,9.14,0.1,0.65,0,243.7
17,5,0,0.0,0.0,0.3,1,0.0
9,5,1,16.63,23.1,0.65,1,315.6
1,5,0,0.0,0.0,0.05,0,0.0
4,1,0,0.0,0.0,0.05,0,0.0
6,5,0,0.0,0.0,0.2,1,0.0
20,1,0,0.0,0.0,0.6,1,0.0
11,0,0,0.0,0.0,0.3,0,0.0
2,3,0,0.0,0.0,0.05,0,0.0
19,2,1,16.39,47.3,0.6,0,172.2
18,1,1,12.4,9.3,0.6,1,929.1
18,6,1,20.39,18.5,0.5,0,690.9
14,5,1,7.23,5.8,0.3,1,640.7
17,2,0,0.0,0.0,0.3,1,0.0
5,2,0,0.0,0.0,0.05,0,0.0
1,0,0,0.0,0.0,0.05,0,0.0
9,1,0,0.0,0.0,0.65,1,0.0
21,3,1,16.16,85.2,0.6,0,189.3
0,5,0,0.0,0.0,0.05,0,0.0
7,0,1,21.64,16.2,0.2,0,203.1
20,5,0,0.0,0.0,0.6,0,0.0
22,5,0,0.0,0.0,0.2,0,0.0
10,6,1,7.71,67.7,0.55,0,989.0
11,6,0,0.0,0.0,0.3,0,0.0
19,5,1,12.19,14.6,0.6,0,147.9
20,4,1,7.6,43.3,0.6,1,871.4
8,0,1,18.73,51.6,0.55,1,74.9
10,5,1,13.17,32.0,0.65,1,685.9
11,2,0,0.0,0.0,0.3,0,0.0
10,6,1,18.09,3.4,0.55,0,630.3
6,3,1,8.25,7.3,0.2,0,352.4
12,4,0,0.0,0.0,0.3,1,0.0
23,3,0,0.0,0.0,0.2,0,0.0
17,3,0,0.0,0.0,0.3,0,0.0
7,6,1,8.15,111.4,0.2,0,802.7
15,5,1,16.93,1.8,0.3,1,350.9
2,6,0,0.0,0.0,0.05,0,0.0
2,5,0,0.0,0.0,0.05,0,0.0
17,5,1,19.61,24.0,0.3,1,215.4
11,5,0,0.0,0.0,0.3,1,0.0
22,3,0,0.0,0.0,0.2,0,0.0
17,3,0,0.0,0.0,0.3,0,0.0
23,5,0,0.0,0.0,0.2,0,0.0
3,1,0,0.0,0.0,0.05,0,0.0
22,0,1,18.96,16.8,0.2,0,208.7
11,2,1,19.46,18.4,0.3,1,195.0
17,0,1,22.17,40.2,0.3,0,239.6
22,0,0,0.0,0.0,0.2,0,0.0
21,5,1,16.34,13.1,0.6,0,327.8
17,1,0,0.0,0.0,0.3,0,0.0
21,3,0,0.0,0.0,0.6,0,0.0
16,5,1,10.43,106.7,0.3,0,846.4
16,3,0,0.0,0.0,0.3,0,0.0
9,2,0,0.0,0.0,0.65,1,0.0
11,2,1,22.82,122.3,0.3,1,126.5
10,5,0,0.0,0.0,0.65,1,0.0
14,1,0,0.0,0.0,0.3,0,0.0
7,5,0,0.0,0.0,0.2,0,0.0
2,1,0,0.0,0.0,0.05,0,0.0
14,5,1,14.74,14.1,0.3,0,307.6
9,6,1,17.26,11.0,0.55,0,92.0
22,0,1,16.76,33.4,0.2,1,167.6
2,6,0,0.0,0.0,0.05,0,0.0
12,6,1,16.17,115.5,0.3,0,288.5
6,2,0,0.0,0.0,0.2,1,0.0
12,6,0,0.0,0.0,0.3,0,0.0
10,1,1,14.3,10.7,0.65,0,189.6
8,5,1,20.23,17.8,0.65,1,300.8
5,2,0,0.0,0.0,0.05,0,0.0
18,3,1,15.84,73.6,0.6,0,38.2
0,2,0,0.0,0.0,0.05,0,0.0
10,0,1,8.98,29.7,0.55,0,1219.1
13,6,0,0.0,0.0,0.3,1,0.0
3,4,0,0.0,0.0,0.05,0,0.0
1,6,0,0.0,0.0,0.05,0,0.0
5,3,0,0.0,0.0,0.05,0,0.0
22,0,0,0.0,0.0,0.2,0,0.0
0,5,0,0.0,0.0,0.05,0,0.0
13,5,0,0.0,0.0,0.3,1,0.0
7,2,0,0.0,0.0,0.2,0,0.0
14,5,1,13.46,49.8,0.3,0,536.2
13,2,0,0.0,0.0,0.3,0,0.0
2,6,0,0.0,0.0,0.05,0,0.0
10,0,1,15.83,36.0,0.55,0,190.5
1,1,0,0.0,0.0,0.05,0,0.0
3,3,0,0.0,0.0,0.05,0,0.0
12,4,1,13.94,4.8,0.3,1,346.4
23,5,0,0.0,0.0,0.2,0,0.0
9,0,0,0.0,0.0,0.55,1,0.0
11,5,0,0.0,0.0,0.3,0,0.0
6,6,0,0.0,0.0,0.2,1,0.0
0,4,0,0.0,0.0,0.05,0,0.0
23,0,0,0.0,0.0,0.2,0,0.0
8,1,1,11.2,63.5,0.65,0,414.1
23,6,0,0.0,0.0,0.2,0,0.0
9,5,1,14.4,88.1,0.65,1,669.4
1,2,0,0.0,0.0,0.05,0,0.0
9,4,1,19.26,38.2,0.65,1,355.8
22,4,0,0.0,0.0,0.2,0,0.0
21,3,1,13.58,6.3,0.6,0,775.5
15,4,1,18.94,36.5,0.3,0,321.8
10,2,1,9.59,32.7,0.65,0,437.7
19,1,0,0.0,0.0,0.6,1,0.0
14,1,0,0.0,0.0,0.3,0,0.0
18,0,1,12.86,74.5,0.5,1,623.0
6,3,1,13.4,23.5,0.2,0,325.7
7,4,1,19.33,11.9,0.2,0,251.0
8,5,1,19.9,25.9,0.65,0,294.8
21,4,1,13.01,38.5,0.6,0,184.5
1,5,0,0.0,0.0,0.05,1,0.0
10,0,1,12.55,7.6,0.55,1,284.6
1,0,0,0.0,0.0,0.05,0,0.0
2,0,0,0.0,0.0,0.05,0,0.0
9,4,1,18.24,62.0,0.65,1,24.0
21,0,1,14.32,8.6,0.5,0,179.7
16,0,1,14.31,8.1,0.3,0,414.2
13,3,1,11.78,95.9,0.3,0,822.3
9,4,1,17.71,204.1,0.65,1,429.7
20,0,1,16.78,14.4,0.5,0,580.3
21,3,1,20.37,17.2,0.6,1,223.4
22,4,1,15.06,33.7,0.2,0,896.5
16,6,0,0.0,0.0,0.3,0,0.0
12,2,1,14.69,4.7,0.3,0,950.7
8,1,1,17.73,12.1,0.65,0,198.2
1,2,0,0.0,0.0,0.05,0,0.0
17,1,1,18.96,32.8,0.3,0,338.9
15,1,1,21.4,32.2,0.3,0,64.7
19,4,1,9.95,57.2,0.6,0,419.3
18,6,1,20.37,26.8,0.5,0,273.3
10,6,1,10.09,107.9,0.55,1,164.0
3,6,0,0.0,0.0,0.05,0,0.0
1,0,0,0.0,0.0,0.05,0,0.0
12,6,0,0.0,0.0,0.3,1,0.0
7,2,0,0.0,0.0,0.2,1,0.0
21,1,1,14.47,65.6,0.6,1,612.0
13,5,1,8.1,83.0,0.3,0,1029.3
2,4,0,0.0,0.0,0.05,0,0.0
1,0,0,0.0,0.0,0.05,0,0.0
9,1,1,10.74,24.7,0.65,1,1090.2
3,0,0,0.0,0.0,0.05,0,0.0
20,3,0,0.0,0.0,0.6,1,0.0
2,4,0,0.0,0.0,0.05,0,0.0
7,3,0,0.0,0.0,0.2,0,0.0
14,5,0,0.0,0.0,0.3,1,0.0
20,3,1,19.17,43.0,0.6,1,352.2
8,4,1,11.06,89.1,0.65,1,543.5
12,1,0,0.0,0.0,0.3,0,0.0
21,4,0,0.0,0.0,0.6,0,0.0
15,3,1,16.17,15.4,0.3,1,198.2
14,1,1,20.0,107.5,0.3,0,435.7
20,0,0,0.0,0.0,0.5,0,0.0
18,5,1,15.67,138.3,0.6,1,317.1
22,5,0,0.0,0.0,0.2,0,0.0
14,6,1,19.92,3.5,0.3,1,393.0
19,5,1,17.6,50.2,0.6,0,213.5
13,0,0,0.0,0.0,0.3,1,0.0
22,4,0,0.0,0.0,0.2,1,0.0
15,4,0,0.0,0.0,0.3,1,0.0
21,2,1,18.55,118.7,0.6,0,107.5
0,2,0,0.0,0.0,0.05,0,0.0
4,6,0,0.0,0.0,0.05,0,0.0
14,2,0,0.0,0.0,0.3,1,0.0
19,4,1,17.04,73.8,0.6,0,461.2
20,0,0,0.0,0.0,0.5,1,0.0
19,0,1,17.85,76.4,0.5,1,25.5
11,5,0,0.0,0.0,0.3,1,0.0
18,0,1,21.2,39.7,0.5,0,327.5
17,5,0,0.0,0.0,0.3,0,0.0
19,0,0,0.0,0.0,0.5,1,0.0
8,5,0,0.0,0.0,0.65,1,0.0
2,3,0,0.0,0.0,0.05,0,0.0
16,0,0,0.0,0.0,0.3,0,0.0
8,2,1,15.54,14.3,0.65,0,460.9
15,6,0,0.0,0.0,0.3,0,0.0
13,4,1,19.95,41.3,0.3,0,530.9
9,2,1,15.3,0.6,0.65,1,943.5
1,3,1,16.1,40.1,0.05,0,383.2
8,2,1,14.64,115.5,0.65,1,334.1
17,6,1,12.46,99.2,0.3,0,524.2
22,1,1,17.41,16.9,0.2,0,257.8
4,6,0,0.0,0.0,0.05,0,0.0
20,3,0,0.0,0.0,0.6,1,0.0
14,0,1,24.27,54.3,0.3,1,238.9
11,5,0,0.0,0.0,0.3,0,0.0
0,5,0,0.0,0.0,0.05,0,0.0
10,1,1,15.8,27.8,0.65,0,316.2
12,0,0,0.0,0.0,0.3,0,0.0
2,2,0,0.0,0.0,0.05,0,0.0
19,1,0,0.0,0.0,0.6,1,0.0
23,5,0,0.0,0.0,0.2,1,0.0
19,2,1,11.0,147.6,0.6,0,236.4
10,5,1,13.57,17.0,0.65,0,291.7
8,2,1,22.27,6.4,0.65,1,201.8
12,2,0,0.0,0.0,0.3,0,0.0
18,1,0,0.0,0.0,0.6,1,0.0
17,3,0,0.0,0.0,0.3,1,0.0
3,3,0,0.0,0.0,0.05,0,0.0
3,1,0,0.0,0.0,0.05,0,0.0
1,0,0,0.0,0.0,0.05,0,0.0
7,2,1,16.6,63.7,0.2,0,122.0
14,5,0,0.0,0.0,0.3,0,0.0
6,1,1,16.48,111.0,0.2,0,252.5
6,2,0,0.0,0.0,0.2,0,0.0
23,1,1,17.33,14.0,0.2,1,488.0
16,3,1,11.81,35.8,0.3,1,110.8
12,1,0,0.0,0.0,0.3,0,0.0
8,1,1,15.9,132.6,0.65,0,355.8
2,5,0,0.0,0.0,0.05,0,0.0
14,1,0,0.0,0.0,0.3,0,0.0
6,3,0,0.0,0.0,0.2,0,0.0
5,5,0,0.0,0.0,0.05,0,0.0
0,3,0,0.0,0.0,0.05,0,0.0
17,5,0,0.0,0.0,0.3,1,0.0
16,3,0,0.0,0.0,0.3,0,0.0
20,4,0,0.0,0.0,0.6,1,0.0
0,5,0,0.0,0.0,0.05,0,0.0
21,4,1,15.13,22.0,0.6,0,571.6
3,1,0,0.0,0.0,0.05,1,0.0
9,1,1,16.3,25.4,0.65,1,161.4
16,0,0,0.0,0.0,0.3,0,0.0
4,5,0,0.0,0.0,0.05,0,0.0
9,1,0,0.0,0.0,0.65,1,0.0
10,4,0,0.0,0.0,0.65,0,0.0
16,3,1,20.14,21.0,0.3,0,249.4
17,3,0,0.0,0.0,0.3,1,0.0
9,6,0,0.0,0.0,0.55,1,0.0
19,5,1,14.58,161.9,0.6,1,114.3
16,5,0,0.0,0.0,0.3,0,0.0
18,2,0,0.0,0.0,0.6,1,0.0
11,5,0,0.0,0.0,0.3,0,0.0
12,2,0,0.0,0.0,0.3,1,0.0
9,6,0,0.0,0.0,0.55,1,0.0
10,3,1,12.98,53.3,0.65,1,313.5
2,0,0,0.0,0.0,0.05,0,0.0
15,2,0,0.0,0.0,0.3,0,0.0
2,3,0,0.0,0.0,0.05,0,0.0
3,2,0,0.0,0.0,0.05,0,0.0
21,6,0,0.0,0.0,0.5,0,0.0
0,3,0,0.0,0.0,0.05,0,0.0
16,5,1,17.27,87.1,0.3,0,312.8
10,5,1,13.42,5.8,0.65,1,1018.7
12,2,0,0.0,0.0,0.3,0,0.0
21,5,0,0.0,0.0,0.6,1,0.0
17,1,1,13.61,4.5,0.3,1,231.9
13,6,0,0.0,0.0,0.3,0,0.0
15,2,1,9.3,0.8,0.3,1,376.3
11,6,0,0.0,0.0,0.3,0,0.0
10,3,1,8.21,30.8,0.65,0,668.6
20,3,1,12.42,16.4,0.6,0,791.1
14,4,1,21.19,47.6,0.3,1,562.4
9,6,1,26.39,27.7,0.55,0,442.2
0,2,0,0.0,0.0,0.05,0,0.0
0,3,0,0.0,0.0,0.05,0,0.0
3,0,0,0.0,0.0,0.05,0,0.0
21,2,0,0.0,0.0,0.6,0,0.0
3,4,0,0.0,0.0,0.05,0,0.0
8,1,1,10.44,41.7,0.65,0,384.2
21,5,1,14.07,1.8,0.6,1,153.2
16,3,0,0.0,0.0,0.3,0,0.0
0,0,0,0.0,0.0,0.05,1,0.0
15,6,0,0.0,0.0,0.3,0,0.0
12,3,0,0.0,0.0,0.3,1,0.0
12,2,1,16.89,2.5,0.3,0,191.9
0,4,0,0.0,0.0,0.05,0,0.0
6,6,0,0.0,0.0,0.2,0,0.0
17,4,1,14.28,85.5,0.3,0,767.2
1,4,0,0.0,0.0,0.05,0,0.0
1,1,0,0.0,0.0,0.05,0,0.0
21,1,1,18.26,9.3,0.6,0,518.2
19,1,1,15.97,69.6,0.6,0,807.8
9,2,0,0.0,0.0,0.65,0,0.0
2,1,0,0.0,0.0,0.05,0,0.0
12,1,1,16.0,4.0,0.3,0,438.4
19,1,0,0.0,0.0,0.6,1,0.0
0,1,0,0.0,0.0,0.05,0,0.0
8,1,0,0.0,0.0,0.65,1,0.0
5,3,0,0.0,0.0,0.05,0,0.0
18,1,1,9.82,48.8,0.6,1,889.6
0,2,0,0.0,0.0,0.05,0,0.0
23,5,0,0.0,0.0,0.2,1,0.0
0,6,0,0.0,0.0,0.05,0,0.0
23,0,0,0.0,0.0,0.2,1,0.0
18,3,1,22.61,7.2,0.6,0,254.3
15,2,0,0.0,0.0,0.3,1,0.0
8,2,1,18.49,50.6,0.65,0,372.2
0,0,0,0.0,0.0,0.05,0,0.0
4,2,0,0.0,0.0,0.05,0,0.0
0,2,0,0.0,0.0,0.05,0,0.0
4,6,0,0.0,0.0,0.05,0,0.0
20,6,0,0.0,0.0,0.5,1,0.0
6,6,0,0.0,0.0,0.2,0,0.0
6,5,0,0.0,0.0,0.2,1,0.0
5,5,0,0.0,0.0,0.05,0,0.0
15,3,0,0.0,0.0,0.3,0,0.0
12,4,1,11.85,58.8,0.3,0,418.2
17,4,0,0.0,0.0,0.3,0,0.0
16,1,0,0.0,0.0,0.3,0,0.0
2,6,0,0.0,0.0,0.05,0,0.0
22,2,1,21.91,26.9,0.2,0,366.2
4,4,0,0.0,0.0,0.05,0,0.0
21,3,1,21.23,52.0,0.6,0,86.9
3,4,0,0.0,0.0,0.05,0,0.0
6,6,0,0.0,0.0,0.2,0,0.0
16,5,1,17.16,14.6,0.3,0,317.7
4,6,0,0.0,0.0,0.05,0,0.0
14,5,0,0.0,0.0,0.3,0,0.0
3,1,0,0.0,0.0,0.05,0,0.0
4,4,0,0.0,0.0,0.05,0,0.0
2,6,0,0.0,0.0,0.05,0,0.0
2,4,0,0.0,0.0,0.05,0,0.0
10,0,1,13.42,57.1,0.55,0,538.0
14,0,0,0.0,0.0,0.3,0,0.0
15,3,1,17.71,55.9,0.3,0,553.8
13,3,0,0.0,0.0,0.3,1,0.0
21,3,1,13.28,0.7,0.6,1,818.4
15,6,0,0.0,0.0,0.3,1,0.0
1,4,0,0.0,0.0,0.05,1,0.0
18,0,1,8.49,62.1,0.5,1,321.8
10,0,0,0.0,0.0,0.55,1,0.0
7,5,1,16.93,0.0,0.2,0,162.6
18,3,1,13.13,8.0,0.6,0,403.9
18,1,1,20.16,8.5,0.6,1,149.4
3,0,0,0.0,0.0,0.05,0,0.0
9,4,1,10.94,146.4,0.65,1,409.3
14,4,0,0.0,0.0,0.3,0,0.0
6,0,0,0.0,0.0,0.2,0,0.0
18,0,0,0.0,0.0,0.5,1,0.0
21,4,0,0.0,0.0,0.6,1,0.0
4,1,0,0.0,0.0,0.05,0,0.0
4,6,0,0.0,0.0,0.05,0,0.0
9,1,1,11.98,15.3,0.65,1,583.9
21,4,1,11.85,39.2,0.6,1,331.3
2,2,0,0.0,0.0,0.05,1,0.0
5,5,0,0.0,0.0,0.05,0,0.0
0,6,0,0.0,0.0,0.05,0,0.0
12,6,1,14.24,5.1,0.3,1,432.2
6,0,0,0.0,0.0,0.2,0,0.0
23,6,0,0.0,0.0,0.2,0,0.0
0,6,0,0.0,0.0,0.05,0,0.0
17,0,0,0.0,0.0,0.3,0,0.0
21,4,0,0.0,0.0,0.6,0,0.0
10,4,1,18.57,22.4,0.65,0,404.9
21,5,1,6.15,48.8,0.6,1,1941.9
2,2,0,0.0,0.0,0.05,0,0.0
18,5,1,12.79,5.7,0.6,0,901.9
6,6,0,0.0,0.0,0.2,0,0.0
4,1,0,0.0,0.0,0.05,0,0.0
7,0,0,0.0,0.0,0.2,0,0.0
15,1,1,10.94,44.4,0.3,0,957.0
10,6,0,0.0,0.0,0.55,0,0.0
1,6,0,0.0,0.0,0.05,0,0.0
19,5,1,10.52,2.1,0.6,1,1332.8
23,3,0,0.0,0.0,0.2,0,0.0
2,6,0,0.0,0.0,0.05,0,0.0
15,5,1,14.15,31.5,0.3,0,340.5
8,3,1,6.0,97.3,0.65,0,1219.4
22,4,0,0.0,0.0,0.2,1,0.0
23,0,0,0.0,0.0,0.2,1,0.0
15,2,0,0.0,0.0,0.3,0,0.0
14,0,0,0.0,0.0,0.3,0,0.0
8,4,1,15.38,28.8,0.65,1,434.0
19,6,0,0.0,0.0,0.5,1,0.0
0,1,0,0.0,0.0,0.05,0,0.0
0,3,0,0.0,0.0,0.05,0,0.0
12,3,1,12.21,13.7,0.3,0,1071.0
5,6,0,0.0,0.0,0.05,0,0.0
9,5,0,0.0,0.0,0.65,1,0.0
16,3,0,0.0,0.0,0.3,0,0.0
9,6,0,0.0,0.0,0.55,1,0.0
18,6,1,19.19,53.2,0.5,1,98.6
6,3,0,0.0,0.0,0.2,1,0.0
22,4,0,0.0,0.0,0.2,0,0.0
18,1,1,12.9,4.0,0.6,0,897.5
10,6,1,19.68,114.6,0.55,0,179.2
2,2,0,0.0,0.0,0.05,0,0.0
9,4,0,0.0,0.0,0.65,1,0.0
21,4,1,20.08,52.3,0.6,1,144.6
8,1,1,19.84,10.6,0.65,0,240.3
23,0,0,0.0,0.0,0.2,1,0.0
19,4,1,20.51,50.4,0.6,1,496.0
12,3,1,25.3,50.9,0.3,0,126.5
9,1,1,13.88,18.5,0.65,1,279.5
13,1,0,0.0,0.0,0.3,1,0.0
7,6,0,0.0,0.0,0.2,0,0.0
17,2,1,14.88,5.2,0.3,0,354.2
11,6,0,0.0,0.0,0.3,1,0.0
17,1,0,0.0,0.0,0.3,0,0.0
4,6,0,0.0,0.0,0.05,0,0.0
11,2,0,0.0,0.0,0.3,1,0.0
11,6,0,0.0,0.0,0.3,0,0.0
5,3,0,0.0,0.0,0.05,0,0.0
6,6,1,14.04,25.6,0.2,0,355.0
8,1,1,9.07,18.2,0.65,0,811.1
1,4,0,0.0,0.0,0.05,0,0.0
1,3,0,0.0,0.0,0.05,0,0.0
22,2,1,23.6,10.8,0.2,0,558.4
5,1,0,0.0,0.0,0.05,0,0.0
12,3,0,0.0,0.0,0.3,0,0.0
10,4,0,0.0,0.0,0.65,1,0.0
0,3,0,0.0,0.0,0.05,0,0.0
13,0,1,15.9,72.7,0.3,0,308.6
17,5,1,10.31,69.5,0.3,0,1052.6
18,1,0,0.0,0.0,0.6,1,0.0
15,5,0,0.0,0.0,0.3,1,0.0
20,4,1,18.95,47.9,0.6,0,431.2
4,3,0,0.0,0.0,0.05,0,0.0
3,4,0,0.0,0.0,0.05,0,0.0
9,1,1,13.18,23.2,0.65,0,841.9
5,6,0,0.0,0.0,0.05,0,0.0
14,0,1,15.98,50.2,0.3,0,568.7
10,5,0,0.0,0.0,0.65,0,0.0
1,0,0,0.0,0.0,0.05,0,0.0
14,5,0,0.0,0.0,0.3,1,0.0
18,5,1,23.52,9.7,0.6,1,163.5
18,6,0,0.0,0.0,0.5,0,0.0
0,0,0,0.0,0.0,0.05,1,0.0
14,6,1,10.23,0.1,0.3,0,627.9
9,6,0,0.0,0.0,0.55,1,0.0
4,1,0,0.0,0.0,0.05,0,0.0
15,4,1,16.46,38.7,0.3,1,636.9
0,1,0,0.0,0.0,0.05,0,0.0
13,0,1,14.69,2.7,0.3,0,399.8
11,0,0,0.0,0.0,0.3,1,0.0
18,1,0,0.0,0.0,0.6,0,0.0
21,1,1,14.63,102.6,0.6,0,619.7
14,5,0,0.0,0.0,0.3,1,0.0
23,4,0,0.0,0.0,0.2,0,0.0
20,2,0,0.0,0.0,0.6,1,0.0
21,1,1,14.62,17.9,0.6,0,455.6
4,4,0,0.0,0.0,0.05,0,0.0
19,6,0,0.0,0.0,0.5,0,0.0
17,1,0,0.0,0.0,0.3,0,0.0
15,0,0,0.0,0.0,0.3,0,0.0
20,5,1,22.81,63.9,0.6,1,568.1
6,3,0,0.0,0.0,0.2,0,0.0
6,3,0,0.0,0.0,0.2,1,0.0
6,4,0,0.0,0.0,0.2,0,0.0
15,1,0,0.0,0.0,0.3,0,0.0
8,4,1,14.53,18.4,0.65,0,158.7
11,4,1,19.23,3.5,0.3,0,357.7
3,3,0,0.0,0.0,0.05,0,0.0
11,1,0,0.0,0.0,0.3,0,0.0
1,1,0,0.0,0.0,0.05,0,0.0
8,5,1,13.88,10.9,0.65,0,1011.9
18,2,1,14.03,191.8,0.6,0,216.4
22,2,0,0.0,0.0,0.2,0,0.0
11,6,0,0.0,0.0,0.3,1,0.0
23,0,0,0.0,0.0,0.2,1,0.0
18,4,1,22.65,105.0,0.6,1,54.9
20,4,1,15.04,22.9,0.6,1,730.8
20,0,1,18.47,8.0,0.5,0,563.9
13,2,0,0.0,0.0,0.3,0,0.0
16,3,0,0.0,0.0,0.3,1,0.0
8,4,1,17.54,33.8,0.65,1,55.6
15,5,0,0.0,0.0,0.3,0,0.0
5,0,0,0.0,0.0,0.05,0,0.0
21,2,1,18.06,25.9,0.6,1,417.9
10,2,1,22.2,7.9,0.65,1,248.5
18,6,0,0.0,0.0,0.5,1,0.0
21,3,1,8.55,15.5,0.6,0,555.6
4,4,0,0.0,0.0,0.05,0,0.0
13,6,0,0.0,0.0,0.3,0,0.0
4,4,0,0.0,0.0,0.05,1,0.0
0,3,0,0.0,0.0,0.05,0,0.0
22,2,1,20.07,2.2,0.2,0,275.4
2,4,0,0.0,0.0,0.05,0,0.0
14,5,1,14.9,16.7,0.3,1,876.3
7,3,0,0.0,0.0,0.2,0,0.0
19,6,1,14.64,61.9,0.5,1,449.9
11,5,1,12.76,188.9,0.3,1,675.9
18,6,0,0.0,0.0,0.5,0,0.0
14,0,1,12.23,83.4,0.3,0,452.1
7,0,0,0.0,0.0,0.2,0,0.0
20,5,1,19.77,16.6,0.6,0,286.8
20,6,0,0.0,0.0,0.5,1,0.0
12,3,0,0.0,0.0,0.3,0,0.0
12,2,0,0.0,0.0,0.3,1,0.0
4,0,0,0.0,0.0,0.05,0,0.0
19,4,1,20.71,28.5,0.6,1,148.1
1,3,0,0.0,0.0,0.05,0,0.0
0,0,0,0.0,0.0,0.05,0,0.0
21,1,1,14.77,52.8,0.6,0,143.5
18,1,1,12.62,87.6,0.6,0,508.7
17,2,0,0.0,0.0,0.3,0,0.0
18,3,1,14.35,7.7,0.6,0,351.8
20,6,0,0.0,0.0,0.5,0,0.0
14,4,0,0.0,0.0,0.3,0,0.0
4,0,0,0.0,0.0,0.05,0,0.0
13,3,0,0.0,0.0,0.3,0,0.0
0,3,0,0.0,0.0,0.05,0,0.0
10,6,1,16.13,76.1,0.55,1,249.5
11,6,0,0.0,0.0,0.3,1,0.0
16,4,1,10.58,222.2,0.3,0,540.3
20,3,0,0.0,0.0,0.6,1,0.0
23,3,0,0.0,0.0,0.2,0,0.0
9,3,0,0.0,0.0,0.65,1,0.0
8,3,1,12.33,22.1,0.65,1,711.6
17,4,1,12.15,17.9,0.3,0,438.7
8,3,1,13.21,28.0,0.65,0,665.0
8,4,1,18.56,16.7,0.65,0,356.0
10,4,1,21.99,20.6,0.65,1,431.8
22,5,1,11.61,27.0,0.2,1,426.9
8,6,1,19.29,24.8,0.55,1,388.1
7,5,0,0.0,0.0,0.2,1,0.0
14,5,1,20.81,240.0,0.3,0,242.9
6,2,0,0.0,0.0,0.2,0,0.0
0,5,0,0.0,0.0,0.05,0,0.0
10,2,0,0.0,0.0,0.65,1,0.0
10,6,1,16.04,21.4,0.55,0,303.4
16,1,1,22.96,117.9,0.3,0,220.3
11,5,1,11.75,26.2,0.3,0,743.9
9,4,1,17.92,163.9,0.65,0,486.8
9,6,1,11.89,10.8,0.55,1,1163.8
16,3,0,0.0,0.0,0.3,0,0.0
12,4,0,0.0,0.0,0.3,0,0.0
16,5,0,0.0,0.0,0.3,0,0.0
21,5,1,11.52,41.9,0.6,0,352.9
5,0,0,0.0,0.0,0.05,0,0.0
12,2,0,0.0,0.0,0.3,0,0.0
10,4,0,0.0,0.0,0.65,1,0.0
15,4,0,0.0,0.0,0.3,0,0.0
6,0,1,6.66,13.5,0.2,0,314.7
1,6,0,0.0,0.0,0.05,0,0.0
11,3,0,0.0,0.0,0.3,0,0.0
23,1,0,0.0,0.0,0.2,1,0.0
7,1,0,0.0,0.0,0.2,0,0.0
7,0,0,0.0,0.0,0.2,0,0.0
10,4,1,13.47,41.2,0.65,1,683.4
19,3,1,15.61,5.9,0.6,0,685.2
21,0,1,13.12,142.5,0.5,0,46.2
6,6,1,11.5,73.8,0.2,0,740.4
20,0,1,13.78,13.6,0.5,0,592.7
15,1,1,15.95,14.7,0.3,1,337.3
19,3,1,14.02,48.4,0.6,1,524.0
2,1,0,0.0,0.0,0.05,1,0.0
5,1,0,0.0,0.0,0.05,0,0.0
15,1,0,0.0,0.0,0.3,0,0.0
18,3,1,6.0,29.5,0.6,0,374.3
19,5,1,20.12,33.2,0.6,0,605.3
13,3,0,0.0,0.0,0.3,0,0.0
20,6,1,22.52,38.7,0.5,0,213.6
5,6,0,0.0,0.0,0.05,0,0.0
10,4,1,16.72,83.0,0.65,1,291.4
12,6,1,13.97,15.6,0.3,1,186.8
19,4,0,0.0,0.0,0.6,1,0.0
1,3,0,0.0,0.0,0.05,0,0.0
17,5,0,0.0,0.0,0.3,1,0.0
4,0,0,0.0,0.0,0.05,1,0.0
8,3,1,12.56,234.6,0.65,1,386.1
7,5,0,0.0,0.0,0.2,1,0.0
13,4,0,0.0,0.0,0.3,0,0.0
22,1,0,0.0,0.0,0.2,1,0.0
14,1,1,16.94,116.4,0.3,0,671.9
14,6,1,7.67,76.5,0.3,1,311.3
14,3,1,18.69,14.3,0.3,0,248.4
11,6,0,0.0,0.0,0.3,0,0.0
7,5,0,0.0,0.0,0.2,0,0.0
11,0,1,18.03,18.6,0.3,0,621.8
7,3,0,0.0,0.0,0.2,0,0.0
1,6,0,0.0,0.0,0.05,0,0.0
9,5,1,7.21,32.5,0.65,0,333.2
11,0,1,17.24,43.0,0.3,0,244.3
22,5,0,0.0,0.0,0.2,0,0.0
3,6,0,0.0,0.0,0.05,0,0.0
17,5,0,0.0,0.0,0.3,1,0.0
7,0,0,0.0,0.0,0.2,0,0.0
2,5,0,0.0,0.0,0.05,0,0.0
22,2,0,0.0,0.0,0.2,0,0.0
19,0,1,11.49,78.2,0.5,0,1193.4
3,1,0,0.0,0.0,0.05,0,0.0
17,1,0,0.0,0.0,0.3,1,0.0
8,2,1,22.14,36.6,0.65,1,213.0
22,0,0,0.0,0.0,0.2,0,0.0
21,5,1,18.39,8.3,0.6,0,275.7
7,3,0,0.0,0.0,0.2,0,0.0
23,1,0,0.0,0.0,0.2,1,0.0
13,2,0,0.0,0.0,0.3,0,0.0
16,2,1,8.5,10.3,0.3,1,659.7
16,4,0,0.0,0.0,0.3,1,0.0
17,6,1,15.14,52.7,0.3,0,194.2
16,0,0,0.0,0.0,0.3,0,0.0
22,0,0,0.0,0.0,0.2,0,0.0
18,0,0,0.0,0.0,0.5,1,0.0
5,2,0,0.0,0.0,0.05,0,0.0
2,6,0,0.0,0.0,0.05,0,0.0
22,3,0,0.0,0.0,0.2,0,0.0
1,3,0,0.0,0.0,0.05,0,0.0
15,4,1,14.48,14.9,0.3,0,637.3
15,5,0,0.0,0.0,0.3,0,0.0
9,0,1,16.19,17.1,0.55,1,141.8
8,2,1,13.29,32.8,0.65,1,545.0
22,6,0,0.0,0.0,0.2,0,0.0
5,6,0,0.0,0.0,0.05,0,0.0
6,6,0,0.0,0.0,0.2,0,0.0
15,6,0,0.0,0.0,0.3,1,0.0
11,6,0,0.0,0.0,0.3,0,0.0
16,2,0,0.0,0.0,0.3,1,0.0
18,6,0,0.0,0.0,0.5,1,0.0
14,6,0,0.0,0.0,0.3,0,0.0
5,4,0,0.0,0.0,0.05,0,0.0
12,4,0,0.0,0.0,0.3,0,0.0
18,4,1,14.66,1.6,0.6,0,733.9
14,4,0,0.0,0.0,0.3,1,0.0
22,5,0,0.0,0.0,0.2,0,0.0
2,6,0,0.0,0.0,0.05,0,0.0
1,0,0,0.0,0.0,0.05,0,0.0
12,3,0,0.0,0.0,0.3,0,0.0
6,6,0,0.0,0.0,0.2,0,0.0
15,5,0,0.0,0.0,0.3,0,0.0
22,3,0,0.0,0.0,0.2,0,0.0
16,6,0,0.0,0.0,0.3,0,0.0
12,2,0,0.0,0.0,0.3,0,0.0
23,6,0,0.0,0.0,0.2,0,0.0
4,3,0,0.0,0.0,0.05,0,0.0
13,3,0,0.0,0.0,0.3,0,0.0
17,4,1,14.35,125.7,0.3,0,186.7
2,6,0,0.0,0.0,0.05,0,0.0
1,1,0,0.0,0.0,0.05,0,0.0
1,1,0,0.0,0.0,0.05,0,0.0
11,2,0,0.0,0.0,0.3,1,0.0
16,3,0,0.0,0.0,0.3,0,0.0
17,5,0,0.0,0.0,0.3,0,0.0
2,4,0,0.0,0.0,0.05,0,0.0
7,0,1,16.34,13.9,0.2,1,452.6
4,3,0,0.0,0.0,0.05,0,0.0
18,4,1,17.35,25.2,0.6,1,430.7
23,2,1,13.05,16.8,0.2,0,222.3
19,1,0,0.0,0.0,0.6,0,0.0
23,3,0,0.0,0.0,0.2,1,0.0
13,0,0,0.0,0.0,0.3,0,0.0
3,5,0,0.0,0.0,0.05,0,0.0
16,4,1,10.63,54.3,0.3,0,231.2
12,2,0,0.0,0.0,0.3,0,0.0
5,2,0,0.0,0.0,0.05,0,0.0
12,3,1,13.41,40.0,0.3,0,462.7
10,3,1,12.9,26.8,0.65,0,877.7
10,5,1,18.89,18.6,0.65,0,540.1
2,6,0,0.0,0.0,0.05,0,0.0
17,6,0,0.0,0.0,0.3,0,0.0
20,5,1,12.7,1.9,0.6,0,567.8
19,5,1,11.76,67.1,0.6,0,1050.8
2,1,0,0.0,0.0,0.05,0,0.0
18,2,1,18.74,141.9,0.6,0,441.8
22,5,0,0.0,0.0,0.2,0,0.0
3,0,1,11.67,3.7,0.05,0,665.7
15,1,0,0.0,0.0,0.3,0,0.0
3,3,0,0.0,0.0,0.05,0,0.0
17,4,0,0.0,0.0,0.3,0,0.0
0,4,0,0.0,0.0,0.05,0,0.0
4,4,1,12.74,35.1,0.05,0,535.8
1,3,0,0.0,0.0,0.05,0,0.0
3,4,0,0.0,0.0,0.05,0,0.0
9,3,1,11.06,30.6,0.65,1,462.2
19,1,1,12.84,31.1,0.6,0,159.6
17,5,0,0.0,0.0,0.3,1,0.0
14,0,0,0.0,0.0,0.3,0,0.0
4,4,0,0.0,0.0,0.05,0,0.0
5,1,0,0.0,0.0,0.05,0,0.0
23,4,0,0.0,0.0,0.2,0,0.0
2,1,0,0.0,0.0,0.05,0,0.0
0,0,0,0.0,0.0,0.05,0,0.0
15,2,1,15.72,94.1,0.3,0,323.4
11,5,0,0.0,0.0,0.3,0,0.0
6,2,0,0.0,0.0,0.2,0,0.0
23,3,1,18.51,73.0,0.2,0,206.6
14,4,0,0.0,0.0,0.3,0,0.0
11,2,0,0.0,0.0,0.3,0,0.0
12,3,1,10.44,8.8,0.3,0,287.5
6,3,0,0.0,0.0,0.2,0,0.0
12,1,1,14.01,3.3,0.3,0,445.9
21,0,1,17.08,33.6,0.5,1,553.5
16,6,1,10.38,23.5,0.3,1,897.4
21,0,1,16.65,2.8,0.5,0,352.5
1,5,0,0.0,0.0,0.05,0,0.0
4,6,0,0.0,0.0,0.05,0,0.0
12,5,1,13.28,240.0,0.3,0,55.4
6,2,0,0.0,0.0,0.2,0,0.0
16,4,0,0.0,0.0,0.3,0,0.0
21,5,1,16.36,8.4,0.6,1,649.0
19,4,1,11.28,158.7,0.6,1,286.0
23,3,1,11.39,50.3,0.2,0,387.4
17,1,0,0.0,0.0,0.3,0,0.0
3,3,0,0.0,0.0,0.05,0,0.0
18,4,0,0.0,0.0,0.6,1,0.0
22,5,0,0.0,0.0,0.2,1,0.0
0,6,0,0.0,0.0,0.05,0,0.0
4,6,0,0.0,0.0,0.05,0,0.0
12,1,1,16.09,15.5,0.3,0,448.4
5,3,0,0.0,0.0,0.05,0,0.0
6,5,0,0.0,0.0,0.2,0,0.0
20,4,1,6.89,135.3,0.6,1,109.7
5,6,0,0.0,0.0,0.05,0,0.0
5,2,0,0.0,0.0,0.05,0,0.0
12,6,1,18.83,77.8,0.3,0,436.7
19,1,1,10.9,152.3,0.6,1,207.8
12,3,0,0.0,0.0,0.3,1,0.0
1,6,0,0.0,0.0,0.05,0,0.0
2,2,0,0.0,0.0,0.05,0,0.0
8,5,1,13.88,1.5,0.65,0,553.8
17,3,1,11.7,7.1,0.3,0,969.7
18,6,0,0.0,0.0,0.5,1,0.0
17,5,0,0.0,0.0,0.3,1,0.0
0,1,0,0.0,0.0,0.05,0,0.0
17,4,0,0.0,0.0,0.3,0,0.0
16,6,1,15.88,48.7,0.3,0,164.2
17,0,1,15.06,2.9,0.3,0,744.5
17,6,0,0.0,0.0,0.3,1,0.0
20,5,1,13.15,0.6,0.6,1,978.1
21,4,1,15.48,6.2,0.6,0,200.5
22,5,0,0.0,0.0,0.2,1,0.0
9,2,1,20.76,0.9,0.65,1,215.2
19,1,1,18.67,88.2,0.6,0,174.2
10,2,0,0.0,0.0,0.65,0,0.0
5,1,0,0.0,0.0,0.05,0,0.0
20,5,1,9.71,22.2,0.6,1,469.6
16,2,0,0.0,0.0,0.3,0,0.0
4,1,0,0.0,0.0,0.05,0,0.0
22,1,1,11.79,123.9,0.2,0,1102.2
2,0,0,0.0,0.0,0.05,0,0.0
22,5,1,20.37,24.2,0.2,0,168.0
14,4,0,0.0,0.0,0.3,0,0.0
20,3,0,0.0,0.0,0.6,0,0.0
5,4,0,0.0,0.0,0.05,0,0.0
2,0,0,0.0,0.0,0.05,0,0.0
9,4,1,28.37,38.9,0.65,1,315.8
12,2,0,0.0,0.0,0.3,1,0.0
20,3,1,7.73,133.1,0.6,0,1661.6
3,0,0,0.0,0.0,0.05,1,0.0
2,1,0,0.0,0.0,0.05,0,0.0
14,2,1,16.36,14.5,0.3,0,804.1
17,5,0,0.0,0.0,0.3,0,0.0
7,3,0,0.0,0.0,0.2,0,0.0
7,6,0,0.0,0.0,0.2,1,0.0
19,2,0,0.0,0.0,0.6,1,0.0
15,5,0,0.0,0.0,0.3,0,0.0
23,4,1,11.56,11.1,0.2,0,478.4
20,2,1,15.02,8.4,0.6,1,324.1
9,1,1,18.63,13.6,0.65,1,534.5
3,3,0,0.0,0.0,0.05,0,0.0
4,5,0,0.0,0.0,0.05,0,0.0
10,4,1,8.17,22.6,0.65,1,531.4
11,6,0,0.0,0.0,0.3,1,0.0
9,5,1,17.73,46.3,0.65,1,122.7
11,2,1,20.0,14.1,0.3,1,301.3
8,0,0,0.0,0.0,0.55,1,0.0
8,3,1,12.73,59.3,0.65,0,600.9
1,0,0,0.0,0.0,0.05,0,0.0
6,6,0,0.0,0.0,0.2,0,0.0
20,3,1,19.59,20.5,0.6,1,390.5
17,3,0,0.0,0.0,0.3,0,0.0
7,0,1,26.84,13.1,0.2,0,157.8
4,6,0,0.0,0.0,0.05,0,0.0
8,5,0,0.0,0.0,0.65,1,0.0
3,0,0,0.0,0.0,0.05,0,0.0
9,4,0,0.0,0.0,0.65,1,0.0
3,5,1,18.08,3.9,0.05,0,327.4
11,0,0,0.0,0.0,0.3,0,0.0
3,6,0,0.0,0.0,0.05,0,0.0
21,6,1,22.16,70.6,0.5,0,257.6
6,3,1,16.83,240.0,0.2,1,391.1
15,6,1,14.28,5.7,0.3,0,161.1
11,3,0,0.0,0.0,0.3,0,0.0
22,2,1,21.42,2.0,0.2,1,149.7
6,5,0,0.0,0.0,0.2,0,0.0
13,1,0,0.0,0.0,0.3,1,0.0
5,4,0,0.0,0.0,0.05,0,0.0
8,5,0,0.0,0.0,0.65,1,0.0
8,4,1,13.8,9.9,0.65,0,220.9
5,5,0,0.0,0.0,0.05,0,0.0
10,0,0,0.0,0.0,0.55,1,0.0
7,1,0,0.0,0.0,0.2,0,0.0
15,2,0,0.0,0.0,0.3,0,0.0
19,6,1,12.66,15.8,0.5,0,379.6
17,3,1,15.76,56.9,0.3,0,367.7
5,2,0,0.0,0.0,0.05,1,0.0
15,5,1,15.12,17.9,0.3,0,194.5
1,5,0,0.0,0.0,0.05,0,0.0
14,1,1,24.95,35.3,0.3,1,543.3
1,6,0,0.0,0.0,0.05,0,0.0
3,3,0,0.0,0.0,0.05,0,0.0
17,6,0,0.0,0.0,0.3,0,0.0
12,6,0,0.0,0.0,0.3,0,0.0
11,4,1,17.43,81.6,0.3,0,707.1
3,5,0,0.0,0.0,0.05,0,0.0
14,5,0,0.0,0.0,0.3,0,0.0
19,1,1,19.05,19.3,0.6,0,293.8
16,2,0,0.0,0.0,0.3,0,0.0
5,3,0,0.0,0.0,0.05,0,0.0
6,1,0,0.0,0.0,0.2,1,0.0
10,1,0,0.0,0.0,0.65,0,0.0
6,0,0,0.0,0.0,0.2,1,0.0
2,1,0,0.0,0.0,0.05,0,0.0
22,2,0,0.0,0.0,0.2,0,0.0
21,6,0,0.0,0.0,0.5,0,0.0
2,6,0,0.0,0.0,0.05,1,0.0
13,6,0,0.0,0.0,0.3,1,0.0
9,6,0,0.0,0.0,0.55,1,0.0
16,5,0,0.0,0.0,0.3,0,0.0
4,4,0,0.0,0.0,0.05,0,0.0
3,1,0,0.0,0.0,0.05,0,0.0
18,6,1,20.7,126.1,0.5,0,140.5
3,0,0,0.0,0.0,0.05,0,0.0
10,6,1,14.9,0.3,0.55,0,636.1
6,3,1,14.17,59.9,0.2,0,425.1
11,2,1,16.28,14.2,0.3,0,272.5
18,2,1,17.13,66.1,0.6,0,144.0
11,0,1,10.66,36.8,0.3,1,498.2
18,3,0,0.0,0.0,0.6,0,0.0
18,4,1,18.38,32.3,0.6,1,536.5
15,5,0,0.0,0.0,0.3,1,0.0
17,3,1,9.66,42.2,0.3,0,312.6
2,6,0,0.0,0.0,0.05,0,0.0
21,5,1,14.83,183.2,0.6,1,434.6
2,6,0,0.0,0.0,0.05,0,0.0
14,6,0,0.0,0.0,0.3,0,0.0
5,5,0,0.0,0.0,0.05,0,0.0
16,6,1,14.38,20.9,0.3,0,242.2
16,0,1,20.53,34.2,0.3,0,161.9
21,3,1,12.28,13.6,0.6,0,362.6
22,6,0,0.0,0.0,0.2,1,0.0
6,0,1,13.98,42.7,0.2,0,927.6
15,6,0,0.0,0.0,0.3,1,0.0
14,4,1,12.52,81.7,0.3,1,844.5
8,6,1,23.8,1.8,0.55,0,485.7
13,6,0,0.0,0.0,0.3,1,0.0
21,6,0,0.0,0.0,0.5,1,0.0
19,5,0,0.0,0.0,0.6,0,0.0
23,0,0,0.0,0.0,0.2,0,0.0
6,6,0,0.0,0.0,0.2,0,0.0
23,3,0,0.0,0.0,0.2,1,0.0
15,2,0,0.0,0.0,0.3,0,0.0
19,4,1,8.75,28.9,0.6,1,892.1
18,0,1,12.2,12.5,0.5,0,534.5
6,1,0,0.0,0.0,0.2,0,0.0
1,2,0,0.0,0.0,0.05,0,0.0
16,6,0,0.0,0.0,0.3,1,0.0
2,2,0,0.0,0.0,0.05,1,0.0
8,4,1,14.96,16.1,0.65,0,950.3
20,4,1,17.48,12.6,0.6,1,345.6
19,2,1,13.85,7.8,0.6,0,464.5
22,0,0,0.0,0.0,0.2,1,0.0
1,5,0,0.0,0.0,0.05,0,0.0
5,4,0,0.0,0.0,0.05,0,0.0
17,6,0,0.0,0.0,0.3,0,0.0
23,4,0,0.0,0.0,0.2,1,0.0
1,0,0,0.0,0.0,0.05,0,0.0
0,3,0,0.0,0.0,0.05,0,0.0
7,2,0,0.0,0.0,0.2,0,0.0
12,3,0,0.0,0.0,0.3,1,0.0
0,0,0,0.0,0.0,0.05,0,0.0
11,2,1,17.87,14.0,0.3,0,134.8
12,0,1,15.59,54.0,0.3,1,346.5
23,5,0,0.0,0.0,0.2,0,0.0
10,0,0,0.0,0.0,0.55,0,0.0
0,4,0,0.0,0.0,0.05,0,0.0
2,3,0,0.0,0.0,0.05,0,0.0
11,5,0,0.0,0.0,0.3,0,0.0
18,4,1,14.04,30.9,0.6,0,979.7
9,4,1,18.66,25.3,0.65,1,256.7
7,4,1,15.22,140.1,0.2,0,309.0
5,2,0,0.0,0.0,0.05,0,0.0
1,4,0,0.0,0.0,0.05,0,0.0
21,5,0,0.0,0.0,0.6,0,0.0
23,6,1,17.87,240.0,0.2,0,411.2
11,3,1,17.03,109.7,0.3,0,279.0
10,1,1,21.35,3.8,0.65,0,198.5
16,5,1,14.62,12.5,0.3,0,345.4
20,1,1,12.48,39.0,0.6,0,1053.0
13,5,0,0.0,0.0,0.3,1,0.0
5,1,0,0.0,0.0,0.05,0,0.0
3,0,0,0.0,0.0,0.05,0,0.0
7,5,0,0.0,0.0,0.2,0,0.0
0,6,0,0.0,0.0,0.05,0,0.0
2,4,0,0.0,0.0,0.05,0,0.0
5,5,0,0.0,0.0,0.05,0,0.0
23,2,0,0.0,0.0,0.2,0,0.0
0,5,0,0.0,0.0,0.05,0,0.0
13,3,0,0.0,0.0,0.3,0,0.0
0,5,0,0.0,0.0,0.05,0,0.0
2,2,0,0.0,0.0,0.05,0,0.0
3,1,0,0.0,0.0,0.05,1,0.0
2,1,0,0.0,0.0,0.05,0,0.0
20,6,1,18.05,6.3,0.5,0,172.2
8,4,1,16.15,35.5,0.65,0,429.4
23,2,1,22.74,162.5,0.2,0,403.6
10,1,1,12.33,90.1,0.65,0,258.9
22,6,0,0.0,0.0,0.2,0,0.0
6,5,0,0.0,0.0,0.2,0,0.0
20,0,1,13.55,19.1,0.5,1,417.0
4,3,0,0.0,0.0,0.05,0,0.0
13,2,0,0.0,0.0,0.3,0,0.0
23,2,0,0.0,0.0,0.2,0,0.0
6,4,0,0.0,0.0,0.2,0,0.0
5,1,0,0.0,0.0,0.05,0,0.0
6,2,0,0.0,0.0,0.2,0,0.0
14,0,1,14.6,41.3,0.3,0,580.1
12,5,0,0.0,0.0,0.3,1,0.0
8,6,1,19.08,33.5,0.55,0,136.2
2,6,0,0.0,0.0,0.05,0,0.0
6,2,0,0.0,0.0,0.2,0,0.0
14,5,0,0.0,0.0,0.3,1,0.0
18,5,1,7.14,15.7,0.6,0,1958.1
6,4,0,0.0,0.0,0.2,1,0.0
16,2,1,15.22,81.3,0.3,0,97.8
9,2,1,11.5,12.1,0.65,0,895.9
7,6,1,17.51,1.7,0.2,0,435.8
14,3,0,0.0,0.0,0.3,0,0.0
13,6,0,0.0,0.0,0.3,1,0.0
22,0,0,0.0,0.0,0.2,0,0.0
8,6,1,22.67,30.7,0.55,0,230.2
14,5,0,0.0,0.0,0.3,1,0.0
20,5,0,0.0,0.0,0.6,1,0.0
11,2,0,0.0,0.0,0.3,1,0.0
20,3,0,0.0,0.0,0.6,0,0.0
19,4,1,17.23,25.1,0.6,0,601.3
22,4,0,0.0,0.0,0.2,0,0.0
15,3,1,20.68,16.8,0.3,0,264.6
12,6,0,0.0,0.0,0.3,0,0.0
22,2,0,0.0,0.0,0.2,1,0.0
22,2,0,0.0,0.0,0.2,1,0.0
17,3,1,22.04,9.5,0.3,1,122.2
8,3,0,0.0,0.0,0.65,1,0.0
21,1,1,13.04,27.7,0.6,0,924.7
13,3,1,12.44,78.1,0.3,0,714.9
1,0,0,0.0,0.0,0.05,0,0.0
11,0,1,26.96,11.5,0.3,0,75.0
8,5,1,12.85,18.3,0.65,1,760.7
7,4,1,18.19,133.8,0.2,0,456.4
13,5,0,0.0,0.0,0.3,0,0.0
14,6,1,15.1,120.0,0.3,0,152.0
3,3,0,0.0,0.0,0.05,0,0.0
3,5,0,0.0,0.0,0.05,0,0.0
15,3,0,0.0,0.0,0.3,0,0.0
21,5,1,10.49,30.2,0.6,0,370.1
19,3,1,22.81,121.0,0.6,1,153.1
17,4,0,0.0,0.0,0.3,1,0.0
21,1,1,15.83,28.6,0.6,0,558.0
14,0,0,0.0,0.0,0.3,0,0.0
19,3,1,16.75,34.8,0.6,0,416.0
9,0,0,0.0,0.0,0.55,1,0.0
12,2,1,13.69,0.2,0.3,1,459.4
16,3,1,17.18,62.1,0.3,0,493.3
6,6,0,0.0,0.0,0.2,1,0.0
12,6,1,10.64,116.3,0.3,0,557.9
21,3,1,13.8,139.6,0.6,0,759.3
23,3,1,15.29,61.4,0.2,0,796.2
1,2,0,0.0,0.0,0.05,0,0.0
14,6,1,13.63,126.7,0.3,0,209.5
13,5,0,0.0,0.0,0.3,0,0.0
14,1,0,0.0,0.0,0.3,1,0.0
19,1,1,16.74,85.7,0.6,0,320.0
8,4,1,22.96,7.1,0.65,1,116.0
23,2,1,14.03,30.5,0.2,0,351.5
5,3,0,0.0,0.0,0.05,0,0.0
20,0,1,16.48,57.7,0.5,1,295.1
16,5,1,12.49,15.0,0.3,0,690.9
4,0,0,0.0,0.0,0.05,0,0.0
15,5,0,0.0,0.0,0.3,1,0.0
2,5,0,0.0,0.0,0.05,0,0.0
15,3,0,0.0,0.0,0.3,1,0.0
1,4,0,0.0,0.0,0.05,0,0.0
21,1,1,19.39,11.9,0.6,1,158.8
8,4,1,18.36,55.3,0.65,1,240.6
13,4,1,11.82,19.5,0.3,0,390.5
6,6,1,17.92,15.5,0.2,0,291.1
2,2,0,0.0,0.0,0.05,0,0.0
10,2,1,21.53,57.6,0.65,1,172.6
17,2,0,0.0,0.0,0.3,1,0.0
15,1,0,0.0,0.0,0.3,1,0.0
12,0,1,21.63,156.7,0.3,0,147.4
13,5,0,0.0,0.0,0.3,0,0.0
1,0,0,0.0,0.0,0.05,0,0.0
4,5,0,0.0,0.0,0.05,0,0.0
6,1,0,0.0,0.0,0.2,0,0.0
17,4,0,0.0,0.0,0.3,0,0.0
7,4,0,0.0,0.0,0.2,0,0.0
16,5,1,16.93,75.7,0.3,0,281.5
11,0,0,0.0,0.0,0.3,0,0.0
17,2,1,23.02,46.7,0.3,0,159.3
11,1,0,0.0,0.0,0.3,1,0.0
18,4,1,15.14,4.8,0.6,1,241.7
2,3,0,0.0,0.0,0.05,0,0.0
2,3,0,0.0,0.0,0.05,0,0.0
0,1,0,0.0,0.0,0.05,0,0.0
12,5,0,0.0,0.0,0.3,0,0.0
23,3,1,14.46,3.1,0.2,0,836.2
22,3,0,0.0,0.0,0.2,0,0.0
4,0,0,0.0,0.0,0.05,0,0.0
4,4,0,0.0,0.0,0.05,1,0.0
13,3,1,12.95,99.4,0.3,1,184.1
17,3,1,12.84,56.8,0.3,0,542.2
0,5,0,0.0,0.0,0.05,0,0.0
19,6,1,18.77,39.5,0.5,1,237.0
20,5,1,22.06,1.2,0.6,0,653.2
10,0,0,0.0,0.0,0.55,0,0.0
2,1,0,0.0,0.0,0.05,0,0.0
19,3,1,20.59,131.2,0.6,0,0.0
13,1,0,0.0,0.0,0.3,1,0.0
18,4,1,14.96,19.7,0.6,1,205.4
9,5,1,15.01,131.8,0.65,1,495.9
13,2,0,0.0,0.0,0.3,0,0.0
3,5,0,0.0,0.0,0.05,0,0.0
11,4,0,0.0,0.0,0.3,0,0.0
23,3,1,12.31,38.1,0.2,0,468.7
7,6,0,0.0,0.0,0.2,0,0.0
6,5,0,0.0,0.0,0.2,0,0.0
16,1,0,0.0,0.0,0.3,1,0.0
10,6,1,18.15,91.7,0.55,1,205.4
19,1,1,18.04,145.1,0.6,1,373.5
22,1,1,16.81,49.3,0.2,0,773.7
1,3,0,0.0,0.0,0.05,0,0.0
5,6,1,22.37,14.3,0.05,0,509.4
13,5,0,0.0,0.0,0.3,0,0.0
11,2,0,0.0,0.0,0.3,0,0.0
23,0,0,0.0,0.0,0.2,0,0.0
11,4,0,0.0,0.0,0.3,0,0.0
7,0,1,13.65,6.4,0.2,1,403.2
9,5,1,19.85,124.5,0.65,1,217.1
21,6,1,19.28,4.3,0.5,1,385.6
1,2,0,0.0,0.0,0.05,0,0.0
11,2,0,0.0,0.0,0.3,0,0.0
14,3,1,15.2,35.7,0.3,0,173.0
21,3,1,11.27,66.0,0.6,0,1126.4
12,6,0,0.0,0.0,0.3,1,0.0
13,6,0,0.0,0.0,0.3,1,0.0
19,5,0,0.0,0.0,0.6,0,0.0
3,5,0,0.0,0.0,0.05,1,0.0
22,0,0,0.0,0.0,0.2,0,0.0
2,2,0,0.0,0.0,0.05,0,0.0
0,2,0,0.0,0.0,0.05,1,0.0
4,3,0,0.0,0.0,0.05,0,0.0
11,0,0,0.0,0.0,0.3,0,0.0
4,3,0,0.0,0.0,0.05,0,0.0
20,3,1,18.99,98.9,0.6,0,202.0
21,1,1,17.07,17.6,0.6,1,296.6
20,1,1,14.54,48.6,0.6,1,332.7
13,4,0,0.0,0.0,0.3,1,0.0
8,3,1,17.11,68.6,0.65,1,231.8
17,2,0,0.0,0.0,0.3,1,0.0
10,6,1,12.74,48.9,0.55,0,483.7
7,5,0,0.0,0.0,0.2,1,0.0
20,2,1,11.39,4.0,0.6,0,415.3
9,5,0,0.0,0.0,0.65,1,0.0
10,5,1,18.11,8.6,0.65,0,590.9
7,2,1,11.27,49.5,0.2,0,487.4
11,6,1,18.93,43.7,0.3,0,651.9
23,6,0,0.0,0.0,0.2,0,0.0
4,5,0,0.0,0.0,0.05,0,0.0
4,6,0,0.0,0.0,0.05,0,0.0
15,5,1,13.95,55.8,0.3,0,208.6
12,2,1,15.32,2.4,0.3,0,333.8
22,5,0,0.0,0.0,0.2,0,0.0
12,2,1,17.37,45.5,0.3,0,532.9
6,4,0,0.0,0.0,0.2,1,0.0
14,4,0,0.0,0.0,0.3,0,0.0
17,2,1,21.16,31.4,0.3,0,164.4
10,4,1,11.2,20.2,0.65,0,202.3
8,4,1,8.25,0.0,0.65,0,496.9
4,5,0,0.0,0.0,0.05,0,0.0
11,2,0,0.0,0.0,0.3,0,0.0
22,3,0,0.0,0.0,0.2,1,0.0
21,5,1,20.06,64.1,0.6,1,220.9
22,2,0,0.0,0.0,0.2,0,0.0
14,3,0,0.0,0.0,0.3,0,0.0
13,1,1,15.11,151.9,0.3,0,813.0
17,6,0,0.0,0.0,0.3,1,0.0
20,4,1,17.13,11.4,0.6,1,133.7
8,0,1,10.59,49.1,0.55,0,869.1
18,5,1,14.8,138.8,0.6,1,739.8
22,6,0,0.0,0.0,0.2,1,0.0
7,0,0,0.0,0.0,0.2,0,0.0
14,6,1,10.15,132.3,0.3,1,266.9
1,1,0,0.0,0.0,0.05,0,0.0
16,5,1,17.73,78.8,0.3,0,270.2
0,0,0,0.0,0.0,0.05,0,0.0
1,2,0,0.0,0.0,0.05,0,0.0
15,1,0,0.0,0.0,0.3,0,0.0
15,3,0,0.0,0.0,0.3,0,0.0
2,3,0,0.0,0.0,0.05,0,0.0
21,4,1,21.17,0.2,0.6,1,541.0
6,6,0,0.0,0.0,0.2,1,0.0
9,1,1,17.69,9.6,0.65,0,320.6
0,5,0,0.0,0.0,0.05,0,0.0
7,1,0,0.0,0.0,0.2,1,0.0
4,1,0,0.0,0.0,0.05,0,0.0
13,5,0,0.0,0.0,0.3,0,0.0
17,3,0,0.0,0.0,0.3,1,0.0
9,1,1,19.46,58.0,0.65,0,376.4
1,2,0,0.0,0.0,0.05,0,0.0
12,4,0,0.0,0.0,0.3,0,0.0
22,6,0,0.0,0.0,0.2,0,0.0
12,0,0,0.0,0.0,0.3,0,0.0
8,5,1,9.42,84.6,0.65,0,688.5
6,0,0,0.0,0.0,0.2,1,0.0
3,5,0,0.0,0.0,0.05,0,0.0
16,4,1,16.75,116.9,0.3,0,495.7
0,5,0,0.0,0.0,0.05,0,0.0
22,0,0,0.0,0.0,0.2,0,0.0
4,5,0,0.0,0.0,0.05,0,0.0
22,4,0,0.0,0.0,0.2,0,0.0
21,6,1,22.43,18.2,0.5,1,164.6
4,1,0,0.0,0.0,0.05,0,0.0
23,2,0,0.0,0.0,0.2,0,0.0
2,6,0,0.0,0.0,0.05,0,0.0
22,6,0,0.0,0.0,0.2,0,0.0
13,3,0,0.0,0.0,0.3,1,0.0
11,1,0,0.0,0.0,0.3,1,0.0
6,3,0,0.0,0.0,0.2,0,0.0
16,4,1,23.0,52.2,0.3,0,230.2
5,4,0,0.0,0.0,0.05,0,0.0
14,5,1,13.69,35.2,0.3,0,212.4
9,5,1,13.28,29.6,0.65,0,244.1
11,5,1,9.34,22.9,0.3,0,633.3
10,3,1,14.17,18.8,0.65,0,566.4
22,1,0,0.0,0.0,0.2,0,0.0
19,5,1,12.13,21.2,0.6,0,1051.9
3,6,1,22.13,11.0,0.05,0,615.3
14,0,1,17.68,4.5,0.3,1,395.8
18,5,1,12.77,46.6,0.6,1,298.2
9,1,1,20.9,27.0,0.65,0,220.6
5,1,0,0.0,0.0,0.05,0,0.0
6,0,0,0.0,0.0,0.2,0,0.0
22,0,0,0.0,0.0,0.2,0,0.0
20,3,1,18.29,84.9,0.6,1,344.3
10,4,1,14.48,40.5,0.65,0,820.6
6,0,1,17.64,15.2,0.2,0,234.2
21,5,1,12.11,31.3,0.6,0,1158.2
2,1,0,0.0,0.0,0.05,0,0.0
3,2,0,0.0,0.0,0.05,0,0.0
12,5,1,16.29,15.7,0.3,0,129.3
5,6,0,0.0,0.0,0.05,0,0.0
8,2,1,21.76,54.7,0.65,1,48.5
21,6,1,13.06,21.9,0.5,1,144.1
21,6,1,13.39,1.7,0.5,1,289.6
0,6,0,0.0,0.0,0.05,0,0.0
6,5,1,12.24,64.3,0.2,0,522.1
15,6,1,8.77,54.1,0.3,0,822.6
5,3,0,0.0,0.0,0.05,0,0.0
7,5,0,0.0,0.0,0.2,0,0.0
13,1,1,20.21,19.6,0.3,0,472.4
3,4,0,0.0,0.0,0.05,0,0.0
9,2,1,8.63,16.0,0.65,0,268.2
8,5,0,0.0,0.0,0.65,1,0.0
18,3,0,0.0,0.0,0.6,1,0.0
13,0,0,0.0,0.0,0.3,0,0.0
16,1,0,0.0,0.0,0.3,1,0.0
16,2,0,0.0,0.0,0.3,1,0.0
1,1,0,0.0,0.0,0.05,0,0.0
19,4,0,0.0,0.0,0.6,1,0.0
11,0,1,13.82,26.7,0.3,0,323.9
22,6,1,12.68,5.6,0.2,1,985.3
11,2,0,0.0,0.0,0.3,1,0.0
22,6,0,0.0,0.0,0.2,0,0.0
3,1,0,0.0,0.0,0.05,0,0.0
1,3,1,10.2,34.6,0.05,0,388.4
1,4,0,0.0,0.0,0.05,0,0.0
2,3,0,0.0,0.0,0.05,0,0.0
20,4,0,0.0,0.0,0.6,1,0.0
0,5,0,0.0,0.0,0.05,0,0.0
20,4,1,13.09,26.8,0.6,0,361.7
23,4,0,0.0,0.0,0.2,0,0.0
18,0,1,16.35,188.8,0.5,0,0.0
20,0,1,11.97,123.6,0.5,0,176.4
5,1,0,0.0,0.0,0.05,0,0.0
21,2,1,10.63,12.9,0.6,1,891.2
16,2,1,18.96,5.3,0.3,0,620.2
9,5,1,11.28,35.5,0.65,0,182.1
11,0,1,20.12,59.3,0.3,0,179.1
12,0,1,20.31,217.3,0.3,1,399.5
1,1,0,0.0,0.0,0.05,0,0.0
7,6,0,0.0,0.0,0.2,0,0.0
5,6,0,0.0,0.0,0.05,0,0.0
23,3,0,0.0,0.0,0.2,0,0.0
22,6,0,0.0,0.0,0.2,0,0.0
19,6,1,15.66,37.9,0.5,0,373.3
5,2,0,0.0,0.0,0.05,0,0.0
20,4,1,21.57,18.7,0.6,0,118.1
9,6,0,0.0,0.0,0.55,0,0.0
4,0,0,0.0,0.0,0.05,0,0.0
7,1,0,0.0,0.0,0.2,0,0.0
14,0,0,0.0,0.0,0.3,1,0.0
19,6,0,0.0,0.0,0.5,1,0.0
7,6,0,0.0,0.0,0.2,0,0.0
12,1,0,0.0,0.0,0.3,0,0.0
23,5,0,0.0,0.0,0.2,0,0.0
23,0,0,0.0,0.0,0.2,1,0.0
12,0,0,0.0,0.0,0.3,1,0.0
3,6,0,0.0,0.0,0.05,0,0.0
19,2,1,15.15,28.4,0.6,0,914.4
0,0,0,0.0,0.0,0.05,0,0.0
16,3,0,0.0,0.0,0.3,1,0.0
12,3,1,12.76,57.0,0.3,0,781.1
20,6,1,11.9,3.0,0.5,1,236.1
2,3,0,0.0,0.0,0.05,0,0.0
10,2,0,0.0,0.0,0.65,1,0.0
11,1,0,0.0,0.0,0.3,0,0.0
11,3,0,0.0,0.0,0.3,0,0.0
13,3,0,0.0,0.0,0.3,0,0.0
4,5,0,0.0,0.0,0.05,0,0.0
4,6,0,0.0,0.0,0.05,0,0.0
5,6,0,0.0,0.0,0.05,0,0.0
12,1,0,0.0,0.0,0.3,1,0.0
14,6,1,11.21,52.7,0.3,0,520.8
9,5,0,0.0,0.0,0.65,1,0.0
0,4,0,0.0,0.0,0.05,0,0.0
6,0,0,0.0,0.0,0.2,0,0.0
11,4,1,14.29,51.8,0.3,0,756.5
1,2,0,0.0,0.0,0.05,0,0.0
19,4,1,14.14,110.3,0.6,0,123.9
23,3,0,0.0,0.0,0.2,1,0.0
16,4,0,0.0,0.0,0.3,1,0.0
1,6,0,0.0,0.0,0.05,0,0.0
10,0,0,0.0,0.0,0.55,1,0.0
4,3,0,0.0,0.0,0.05,0,0.0
22,6,0,0.0,0.0,0.2,1,0.0
20,4,1,19.39,14.5,0.6,1,636.2
6,4,0,0.0,0.0,0.2,0,0.0
1,4,0,0.0,0.0,0.05,1,0.0
5,6,0,0.0,0.0,0.05,0,0.0
21,3,1,19.13,12.5,0.6,0,279.9
19,4,0,0.0,0.0,0.6,1,0.0
0,5,0,0.0,0.0,0.05,0,0.0
15,0,1,16.21,10.3,0.3,1,370.4
13,5,0,0.0,0.0,0.3,0,0.0
20,4,1,15.71,32.1,0.6,1,316.1
0,5,1,14.87,142.7,0.05,0,509.7
11,3,0,0.0,0.0,0.3,0,0.0
1,6,0,0.0,0.0,0.05,0,0.0
10,2,1,14.5,42.4,0.65,0,294.0
9,3,1,14.97,32.1,0.65,1,151.6
5,5,0,0.0,0.0,0.05,0,0.0
1,2,0,0.0,0.0,0.05,0,0.0
17,2,1,14.38,170.2,0.3,0,145.3
6,2,0,0.0,0.0,0.2,0,0.0
19,5,1,8.09,1.1,0.6,0,562.7
16,6,1,9.61,10.1,0.3,0,278.2
5,2,0,0.0,0.0,0.05,0,0.0
17,4,1,14.46,8.8,0.3,0,236.0
20,1,1,19.28,174.8,0.6,1,45.7
20,1,1,14.13,5.3,0.6,0,432.8
21,0,1,20.74,19.1,0.5,1,206.0
20,5,1,14.94,18.3,0.6,0,441.9
18,4,1,11.64,71.5,0.6,1,261.1
10,2,1,13.03,42.1,0.65,1,991.2
9,1,1,11.21,67.0,0.65,0,514.4
8,5,1,15.35,30.1,0.65,0,820.5
7,0,0,0.0,0.0,0.2,0,0.0
14,1,0,0.0,0.0,0.3,0,0.0
17,0,0,0.0,0.0,0.3,1,0.0
13,4,0,0.0,0.0,0.3,0,0.0
21,4,1,15.14,14.6,0.6,0,459.3
12,3,1,13.59,41.9,0.3,0,619.1
21,2,1,16.84,25.9,0.6,0,271.7
22,4,0,0.0,0.0,0.2,1,0.0
16,5,0,0.0,0.0,0.3,1,0.0
7,4,1,18.57,15.6,0.2,0,176.8
4,3,0,0.0,0.0,0.05,0,0.0
22,4,0,0.0,0.0,0.2,0,0.0
18,3,1,20.53,13.8,0.6,1,273.8
17,1,0,0.0,0.0,0.3,1,0.0
5,5,0,0.0,0.0,0.05,0,0.0
0,5,0,0.0,0.0,0.05,0,0.0
15,3,1,16.27,36.0,0.3,0,340.7
3,4,0,0.0,0.0,0.05,0,0.0
3,5,0,0.0,0.0,0.05,0,0.0
1,3,0,0.0,0.0,0.05,1,0.0
13,0,1,16.81,95.4,0.3,0,420.8
2,0,0,0.0,0.0,0.05,0,0.0
0,5,0,0.0,0.0,0.05,0,0.0
22,6,0,0.0,0.0,0.2,0,0.0
20,6,0,0.0,0.0,0.5,1,0.0
19,4,1,13.09,1.8,0.6,0,634.2
21,5,1,16.35,81.8,0.6,0,28.9
22,2,1,16.43,58.7,0.2,0,373.0
9,5,1,8.47,3.8,0.65,0,911.9
9,2,0,0.0,0.0,0.65,1,0.0
17,2,1,9.91,21.7,0.3,0,268.2
5,6,0,0.0,0.0,0.05,0,0.0
8,3,1,13.3,0.8,0.65,1,201.5
9,4,0,0.0,0.0,0.65,0,0.0
7,6,0,0.0,0.0,0.2,1,0.0
22,3,0,0.0,0.0,0.2,0,0.0
22,1,0,0.0,0.0,0.2,1,0.0
0,3,0,0.0,0.0,0.05,0,0.0
0,6,0,0.0,0.0,0.05,0,0.0
23,6,0,0.0,0.0,0.2,1,0.0
12,0,1,7.13,84.1,0.3,0,417.3
23,0,1,18.23,70.2,0.2,0,337.1
9,1,1,11.63,10.7,0.65,1,343.6
7,1,0,0.0,0.0,0.2,0,0.0
19,6,1,14.69,31.0,0.5,0,849.8
20,4,1,21.15,20.8,0.6,0,264.9
19,2,1,14.55,44.1,0.6,0,952.8
23,0,1,16.88,78.2,0.2,0,59.5
10,0,0,0.0,0.0,0.55,0,0.0
6,4,0,0.0,0.0,0.2,0,0.0
4,6,0,0.0,0.0,0.05,0,0.0
16,2,0,0.0,0.0,0.3,1,0.0
17,3,1,13.05,9.3,0.3,0,596.5
3,5,0,0.0,0.0,0.05,0,0.0
18,2,0,0.0,0.0,0.6,1,0.0
17,4,0,0.0,0.0,0.3,0,0.0
4,0,0,0.0,0.0,0.05,0,0.0
5,0,0,0.0,0.0,0.05,0,0.0
22,1,0,0.0,0.0,0.2,0,0.0
6,1,1,17.44,24.9,0.2,0,806.0
7,1,0,0.0,0.0,0.2,0,0.0
11,1,0,0.0,0.0,0.3,1,0.0
15,0,1,11.64,31.9,0.3,0,171.1
5,5,0,0.0,0.0,0.05,0,0.0
19,3,1,20.43,28.4,0.6,0,445.6
4,2,0,0.0,0.0,0.05,0,0.0
21,6,1,24.66,11.0,0.5,1,271.6
17,0,0,0.0,0.0,0.3,1,0.0
8,2,1,20.22,14.3,0.65,1,525.3
17,1,1,13.44,60.4,0.3,0,423.2
1,2,0,0.0,0.0,0.05,0,0.0
1,5,0,0.0,0.0,0.05,0,0.0
19,0,1,15.37,65.3,0.5,1,247.7
11,4,0,0.0,0.0,0.3,0,0.0
22,5,0,0.0,0.0,0.2,0,0.0
12,5,0,0.0,0.0,0.3,1,0.0
4,0,0,0.0,0.0,0.05,0,0.0
10,5,0,0.0,0.0,0.65,1,0.0
20,6,0,0.0,0.0,0.5,0,0.0
14,5,0,0.0,0.0,0.3,0,0.0
12,1,0,0.0,0.0,0.3,0,0.0
20,6,1,18.95,18.1,0.5,1,128.3
20,4,1,8.45,57.5,0.6,1,679.4
4,5,0,0.0,0.0,0.05,0,0.0
4,4,0,0.0,0.0,0.05,0,0.0
23,6,0,0.0,0.0,0.2,0,0.0
8,4,1,23.85,48.9,0.65,0,118.3
18,1,1,17.33,23.8,0.6,1,367.2
19,5,0,0.0,0.0,0.6,1,0.0
14,5,1,9.12,153.9,0.3,1,147.0
23,2,1,20.19,7.9,0.2,0,669.3
19,5,1,18.51,13.8,0.6,1,514.5
17,1,0,0.0,0.0,0.3,1,0.0
5,6,0,0.0,0.0,0.05,0,0.0
18,2,1,17.43,22.1,0.6,0,267.0
0,3,0,0.0,0.0,0.05,0,0.0
10,2,1,17.02,13.6,0.65,0,522.4
20,6,0,0.0,0.0,0.5,0,0.0
21,1,1,18.79,57.8,0.6,1,357.3
21,0,1,18.63,3.7,0.5,0,603.2
9,6,0,0.0,0.0,0.55,1,0.0
20,0,1,8.55,169.8,0.5,1,545.5
12,6,0,0.0,0.0,0.3,1,0.0
12,1,0,0.0,0.0,0.3,1,0.0
23,4,0,0.0,0.0,0.2,0,0.0
2,3,0,0.0,0.0,0.05,1,0.0
9,6,0,0.0,0.0,0.55,1,0.0
13,6,0,0.0,0.0,0.3,0,0.0
21,3,1,9.96,89.2,0.6,1,939.6
5,0,1,15.65,18.5,0.05,0,279.6
7,4,1,19.9,11.3,0.2,0,518.3
3,5,0,0.0,0.0,0.05,0,0.0
13,6,0,0.0,0.0,0.3,0,0.0
9,5,1,15.4,53.5,0.65,1,809.0
19,1,1,18.38,59.4,0.6,1,669.4
7,2,0,0.0,0.0,0.2,0,0.0
5,6,0,0.0,0.0,0.05,0,0.0
9,5,1,13.57,3.4,0.65,1,434.6
11,0,0,0.0,0.0,0.3,1,0.0
11,0,0,0.0,0.0,0.3,0,0.0
2,1,0,0.0,0.0,0.05,0,0.0
1,2,0,0.0,0.0,0.05,0,0.0
22,1,0,0.0,0.0,0.2,0,0.0
18,1,0,0.0,0.0,0.6,0,0.0
4,2,1,13.37,1.4,0.05,0,480.8
7,5,0,0.0,0.0,0.2,1,0.0
14,6,0,0.0,0.0,0.3,0,0.0
2,6,0,0.0,0.0,0.05,0,0.0
20,3,1,21.19,49.5,0.6,1,167.9
18,4,1,24.6,42.8,0.6,1,81.5
1,2,0,0.0,0.0,0.05,0,0.0
21,5,1,19.08,9.7,0.6,0,507.9
22,6,0,0.0,0.0,0.2,0,0.0
14,4,1,15.88,13.0,0.3,0,405.4
16,5,0,0.0,0.0,0.3,0,0.0
0,4,0,0.0,0.0,0.05,0,0.0
10,2,1,17.34,25.7,0.65,0,224.0
4,1,0,0.0,0.0,0.05,0,0.0
23,4,0,0.0,0.0,0.2,0,0.0
5,4,0,0.0,0.0,0.05,0,0.0
3,0,0,0.0,0.0,0.05,0,0.0
22,4,0,0.0,0.0,0.2,0,0.0
5,2,0,0.0,0.0,0.05,0,0.0
15,0,1,12.56,86.8,0.3,0,100.9
22,3,1,14.22,21.0,0.2,0,666.3
13,1,0,0.0,0.0,0.3,0,0.0
9,0,1,9.07,27.3,0.55,1,732.2
17,3,0,0.0,0.0,0.3,1,0.0
14,6,0,0.0,0.0,0.3,0,0.0
5,6,0,0.0,0.0,0.05,0,0.0
16,6,0,0.0,0.0,0.3,0,0.0
20,1,1,14.43,33.2,0.6,0,171.2
20,2,0,0.0,0.0,0.6,1,0.0
8,0,1,24.0,3.5,0.55,0,72.6
17,3,0,0.0,0.0,0.3,0,0.0
14,3,0,0.0,0.0,0.3,1,0.0
9,0,1,11.78,138.2,0.55,0,326.4
17,6,0,0.0,0.0,0.3,0,0.0
17,3,0,0.0,0.0,0.3,0,0.0
14,3,1,17.09,97.8,0.3,0,439.9
7,5,0,0.0,0.0,0.2,0,0.0
8,1,1,20.12,65.1,0.65,1,521.8
18,2,1,14.56,31.8,0.6,1,212.8
11,3,0,0.0,0.0,0.3,1,0.0
14,2,1,10.39,37.5,0.3,0,379.0
17,2,0,0.0,0.0,0.3,0,0.0
4,5,0,0.0,0.0,0.05,0,0.0
5,3,0,0.0,0.0,0.05,0,0.0
5,3,0,0.0,0.0,0.05,0,0.0
20,1,1,20.65,97.1,0.6,1,256.1
16,2,1,15.26,5.7,0.3,0,397.4
8,6,1,14.32,1.3,0.55,0,348.2
6,6,0,0.0,0.0,0.2,1,0.0
13,3,0,0.0,0.0,0.3,0,0.0
21,0,0,0.0,0.0,0.5,1,0.0
16,5,0,0.0,0.0,0.3,1,0.0
22,5,0,0.0,0.0,0.2,0,0.0
14,5,1,10.01,103.5,0.3,0,1223.9
21,5,1,15.96,114.0,0.6,0,9.6
17,2,0,0.0,0.0,0.3,0,0.0
21,2,0,0.0,0.0,0.6,1,0.0
7,0,0,0.0,0.0,0.2,0,0.0
3,5,0,0.0,0.0,0.05,0,0.0
13,2,0,0.0,0.0,0.3,1,0.0
19,4,1,17.13,90.7,0.6,0,72.0
10,5,1,17.34,13.3,0.65,1,118.8
5,6,0,0.0,0.0,0.05,1,0.0
16,2,0,0.0,0.0,0.3,0,0.0
0,3,0,0.0,0.0,0.05,0,0.0
7,4,0,0.0,0.0,0.2,1,0.0
17,5,0,0.0,0.0,0.3,0,0.0
7,2,0,0.0,0.0,0.2,1,0.0
18,3,1,13.12,21.9,0.6,1,457.2
15,1,1,20.89,9.7,0.3,1,145.4
7,4,0,0.0,0.0,0.2,0,0.0
16,1,0,0.0,0.0,0.3,0,0.0
14,1,1,9.33,53.1,0.3,0,1201.4
18,1,1,10.96,54.5,0.6,0,821.8
2,4,0,0.0,0.0,0.05,0,0.0
12,4,0,0.0,0.0,0.3,1,0.0
1,3,0,0.0,0.0,0.05,0,0.0
9,0,1,14.38,107.9,0.55,1,14.2
13,4,1,17.93,4.1,0.3,0,399.5
7,6,1,22.61,47.9,0.2,0,453.3
14,0,0,0.0,0.0,0.3,1,0.0
14,1,0,0.0,0.0,0.3,0,0.0
20,5,1,19.59,38.4,0.6,1,547.8
18,2,1,11.96,137.6,0.6,0,812.9
14,3,0,0.0,0.0,0.3,0,0.0
22,0,0,0.0,0.0,0.2,0,0.0
11,4,0,0.0,0.0,0.3,1,0.0
21,1,1,21.47,34.0,0.6,0,397.2
6,2,1,19.84,17.3,0.2,0,550.0
1,3,0,0.0,0.0,0.05,0,0.0
22,2,0,0.0,0.0,0.2,0,0.0
23,5,0,0.0,0.0,0.2,0,0.0
12,4,0,0.0,0.0,0.3,1,0.0
21,0,1,14.24,9.3,0.5,1,605.4
13,6,0,0.0,0.0,0.3,1,0.0
5,6,0,0.0,0.0,0.05,0,0.0
15,3,0,0.0,0.0,0.3,1,0.0
2,4,0,0.0,0.0,0.05,0,0.0
19,5,1,18.32,31.3,0.6,0,621.2
10,6,0,0.0,0.0,0.55,1,0.0
8,0,1,13.56,3.7,0.55,0,525.0
16,3,1,13.65,5.7,0.3,0,168.2
18,0,1,20.97,56.7,0.5,1,283.9
1,0,0,0.0,0.0,0.05,0,0.0
11,6,0,0.0,0.0,0.3,0,0.0
13,5,1,14.97,22.9,0.3,0,691.2
15,0,1,15.9,31.9,0.3,1,520.1
11,6,1,16.72,19.2,0.3,0,435.1
18,2,1,15.29,56.8,0.6,1,217.1
2,6,0,0.0,0.0,0.05,0,0.0
12,5,0,0.0,0.0,0.3,0,0.0
12,0,0,0.0,0.0,0.3,1,0.0
13,4,0,0.0,0.0,0.3,0,0.0
23,6,0,0.0,0.0,0.2,1,0.0
17,2,1,16.77,35.9,0.3,0,663.2
7,0,0,0.0,0.0,0.2,0,0.0
9,4,1,14.78,47.0,0.65,0,316.4
3,5,0,0.0,0.0,0.05,0,0.0
3,4,0,0.0,0.0,0.05,0,0.0
15,4,0,0.0,0.0,0.3,0,0.0
23,2,1,17.76,29.4,0.2,0,98.4
10,0,0,0.0,0.0,0.55,1,0.0
9,2,1,15.38,12.7,0.65,1,230.9
7,1,0,0.0,0.0,0.2,0,0.0
12,4,0,0.0,0.0,0.3,1,0.0
1,2,0,0.0,0.0,0.05,1,0.0
8,3,1,21.03,25.8,0.65,1,185.6
17,5,0,0.0,0.0,0.3,1,0.0
20,3,1,18.83,6.3,0.6,1,351.4
4,4,0,0.0,0.0,0.05,0,0.0
3,4,0,0.0,0.0,0.05,0,0.0
7,4,0,0.0,0.0,0.2,0,0.0
1,6,0,0.0,0.0,0.05,0,0.0
14,0,0,0.0,0.0,0.3,0,0.0
4,0,0,0.0,0.0,0.05,0,0.0
9,1,1,13.38,26.6,0.65,0,634.0
20,1,1,16.78,18.0,0.6,1,552.3
8,1,1,10.85,14.8,0.65,1,678.3
11,0,0,0.0,0.0,0.3,0,0.0
5,3,0,0.0,0.0,0.05,0,0.0
13,3,1,12.77,6.8,0.3,0,298.9
8,2,1,15.69,15.1,0.65,0,373.6
17,4,0,0.0,0.0,0.3,1,0.0
14,5,1,16.73,5.1,0.3,1,171.6
12,2,0,0.0,0.0,0.3,1,0.0
8,4,1,8.59,62.0,0.65,1,306.8
7,6,0,0.0,0.0,0.2,0,0.0
9,1,1,20.79,69.1,0.65,0,300.1
7,3,0,0.0,0.0,0.2,0,0.0
2,4,0,0.0,0.0,0.05,0,0.0
20,6,1,14.86,10.5,0.5,1,328.4
13,2,0,0.0,0.0,0.3,1,0.0
6,1,0,0.0,0.0,0.2,1,0.0
3,1,0,0.0,0.0,0.05,0,0.0
7,6,1,23.85,43.2,0.2,0,412.1
8,6,1,17.34,48.8,0.55,0,331.3
16,3,0,0.0,0.0,0.3,0,0.0
14,2,1,16.36,48.1,0.3,0,730.9
6,3,1,19.01,86.8,0.2,0,260.9
1,2,0,0.0,0.0,0.05,0,0.0
3,6,0,0.0,0.0,0.05,0,0.0
15,1,0,0.0,0.0,0.3,0,0.0
18,1,0,0.0,0.0,0.6,1,0.0
18,3,0,0.0,0.0,0.6,1,0.0
9,4,1,17.95,13.1,0.65,1,444.8
5,1,1,17.75,116.2,0.05,0,195.1
4,6,0,0.0,0.0,0.05,0,0.0
1,4,0,0.0,0.0,0.05,0,0.0
14,5,0,0.0,0.0,0.3,0,0.0
12,2,1,20.71,32.5,0.3,0,505.3
22,6,0,0.0,0.0,0.2,1,0.0
19,5,0,0.0,0.0,0.6,1,0.0
18,6,0,0.0,0.0,0.5,1,0.0
22,3,0,0.0,0.0,0.2,0,0.0
2,1,0,0.0,0.0,0.05,0,0.0
23,4,1,9.31,10.3,0.2,0,477.3
19,1,0,0.0,0.0,0.6,1,0.0
22,5,1,15.53,24.7,0.2,0,174.6
2,3,0,0.0,0.0,0.05,1,0.0
5,0,0,0.0,0.0,0.05,0,0.0
16,2,1,20.13,7.2,0.3,0,501.2
2,0,0,0.0,0.0,0.05,0,0.0
18,2,0,0.0,0.0,0.6,0,0.0
11,0,1,15.92,24.9,0.3,0,883.5
3,5,0,0.0,0.0,0.05,0,0.0
23,3,0,0.0,0.0,0.2,1,0.0
2,5,0,0.0,0.0,0.05,0,0.0
23,3,0,0.0,0.0,0.2,0,0.0
9,2,1,13.9,52.5,0.65,1,570.1
14,2,0,0.0,0.0,0.3,1,0.0
1,3,0,0.0,0.0,0.05,0,0.0
13,3,1,20.58,92.9,0.3,0,200.9
15,6,1,24.96,66.7,0.3,1,184.2
9,1,1,16.48,34.8,0.65,1,343.4
6,0,1,15.16,15.2,0.2,1,156.9
12,5,0,0.0,0.0,0.3,1,0.0
10,0,0,0.0,0.0,0.55,0,0.0
17,4,0,0.0,0.0,0.3,1,0.0
23,4,0,0.0,0.0,0.2,0,0.0
14,0,0,0.0,0.0,0.3,0,0.0
14,5,0,0.0,0.0,0.3,0,0.0
5,5,0,0.0,0.0,0.05,0,0.0
14,6,0,0.0,0.0,0.3,0,0.0
0,2,0,0.0,0.0,0.05,0,0.0
1,6,0,0.0,0.0,0.05,0,0.0
14,5,0,0.0,0.0,0.3,1,0.0
19,5,1,21.74,9.4,0.6,0,439.1
16,4,1,17.14,11.2,0.3,0,154.7
4,5,0,0.0,0.0,0.05,0,0.0
23,0,0,0.0,0.0,0.2,0,0.0
2,0,0,0.0,0.0,0.05,0,0.0
3,2,0,0.0,0.0,0.05,0,0.0
1,2,0,0.0,0.0,0.05,0,0.0
4,4,0,0.0,0.0,0.05,0,0.0
9,5,0,0.0,0.0,0.65,1,0.0
23,3,1,12.75,3.7,0.2,1,713.3
17,5,1,12.92,4.5,0.3,1,681.4
22,4,1,12.52,171.2,0.2,0,173.6
6,4,0,0.0,0.0,0.2,0,0.0
9,2,0,0.0,0.0,0.65,0,0.0
17,4,0,0.0,0.0,0.3,0,0.0
18,0,0,0.0,0.0,0.5,0,0.0
9,5,1,15.92,65.9,0.65,0,257.6
4,2,0,0.0,0.0,0.05,0,0.0
9,6,1,16.33,44.6,0.55,0,235.9
1,2,0,0.0,0.0,0.05,1,0.0
14,3,0,0.0,0.0,0.3,1,0.0
13,4,1,17.89,15.5,0.3,0,723.7
18,5,0,0.0,0.0,0.6,1,0.0
3,1,0,0.0,0.0,0.05,0,0.0
3,0,0,0.0,0.0,0.05,0,0.0
20,6,1,15.86,30.3,0.5,0,666.0
22,3,0,0.0,0.0,0.2,0,0.0
0,1,0,0.0,0.0,0.05,0,0.0
18,0,1,13.89,175.2,0.5,1,7.1
18,6,1,11.34,54.0,0.5,0,768.0
10,1,1,16.41,41.3,0.65,1,374.4
1,5,0,0.0,0.0,0.05,0,0.0
4,6,0,0.0,0.0,0.05,0,0.0
22,4,0,0.0,0.0,0.2,1,0.0
11,2,1,17.51,37.9,0.3,1,223.9
0,2,0,0.0,0.0,0.05,0,0.0
21,2,1,24.48,28.2,0.6,0,257.3
9,5,1,15.83,27.4,0.65,0,451.6
15,3,0,0.0,0.0,0.3,0,0.0
22,2,1,14.66,148.5,0.2,0,332.9
4,4,0,0.0,0.0,0.05,0,0.0
2,1,0,0.0,0.0,0.05,0,0.0
1,2,0,0.0,0.0,0.05,0,0.0
12,6,1,12.99,5.2,0.3,0,344.5
15,6,1,20.71,2.2,0.3,0,452.9
5,4,1,8.99,1.6,0.05,0,289.7
5,0,0,0.0,0.0,0.05,0,0.0
10,0,1,20.52,112.1,0.55,1,31.0
10,0,1,15.47,12.3,0.55,1,240.0
15,2,0,0.0,0.0,0.3,1,0.0
0,4,0,0.0,0.0,0.05,0,0.0
8,2,1,12.89,46.8,0.65,1,772.0
19,0,0,0.0,0.0,0.5,1,0.0
0,1,0,0.0,0.0,0.05,0,0.0
4,4,1,19.39,103.2,0.05,0,448.9
21,6,1,19.19,0.4,0.5,1,513.4
20,6,0,0.0,0.0,0.5,1,0.0
18,6,1,16.66,5.7,0.5,1,802.8
20,6,1,13.03,1.2,0.5,1,333.6
11,5,0,0.0,0.0,0.3,1,0.0
17,6,1,16.48,3.5,0.3,0,463.5
9,6,1,16.87,129.9,0.55,1,555.2
13,5,1,8.84,19.4,0.3,1,1352.1
2,3,0,0.0,0.0,0.05,0,0.0
18,1,1,20.03,17.4,0.6,1,242.2
13,1,1,20.96,26.8,0.3,1,217.5
14,3,1,16.77,9.6,0.3,0,180.1
4,4,0,0.0,0.0,0.05,0,0.0
21,4,1,16.75,28.2,0.6,0,304.5
18,3,1,15.22,102.1,0.6,1,630.6
0,5,0,0.0,0.0,0.05,0,0.0
1,6,0,0.0,0.0,0.05,0,0.0
14,3,0,0.0,0.0,0.3,1,0.0
18,1,1,15.23,9.3,0.6,0,175.4
12,0,1,10.64,1.9,0.3,0,257.4
15,3,0,0.0,0.0,0.3,0,0.0
12,0,0,0.0,0.0,0.3,0,0.0
12,1,1,18.18,16.3,0.3,0,285.3
18,5,1,8.93,30.0,0.6,0,840.4
21,2,0,0.0,0.0,0.6,1,0.0
10,4,1,19.79,6.8,0.65,0,660.0
6,1,0,0.0,0.0,0.2,1,0.0
12,3,0,0.0,0.0,0.3,0,0.0
13,5,1,6.0,64.0,0.3,0,1707.4
15,5,0,0.0,0.0,0.3,0,0.0
5,3,0,0.0,0.0,0.05,0,0.0
8,2,1,15.87,40.2,0.65,1,840.3
18,1,1,17.84,63.6,0.6,0,211.2
1,1,0,0.0,0.0,0.05,0,0.0
19,4,1,8.24,3.2,0.6,1,855.9
23,4,1,14.88,76.0,0.2,0,133.3
11,1,0,0.0,0.0,0.3,1,0.0
20,6,1,14.62,4.5,0.5,0,596.2
3,2,0,0.0,0.0,0.05,0,0.0
19,0,1,19.4,6.2,0.5,0,450.0
10,2,1,10.0,43.1,0.65,0,1150.4
21,6,1,16.92,19.8,0.5,0,669.6
12,0,1,11.5,141.7,0.3,1,1087.1
10,4,1,16.3,23.8,0.65,1,272.6
6,0,0,0.0,0.0,0.2,0,0.0
16,0,0,0.0,0.0,0.3,1,0.0
20,0,1,17.86,17.0,0.5,0,456.3
21,4,1,21.9,10.5,0.6,1,119.1
2,6,0,0.0,0.0,0.05,0,0.0
6,1,0,0.0,0.0,0.2,1,0.0
23,3,0,0.0,0.0,0.2,0,0.0
19,5,0,0.0,0.0,0.6,1,0.0
12,0,0,0.0,0.0,0.3,0,0.0
10,1,0,0.0,0.0,0.65,1,0.0
22,2,0,0.0,0.0,0.2,1,0.0
18,0,1,14.16,31.2,0.5,0,334.7
13,2,0,0.0,0.0,0.3,0,0.0
8,0,0,0.0,0.0,0.55,1,0.0
0,0,0,0.0,0.0,0.05,0,0.0
23,2,1,11.75,88.4,0.2,0,383.4
21,6,1,18.85,3.0,0.5,0,153.0
17,1,1,18.32,25.1,0.3,1,552.9
14,4,0,0.0,0.0,0.3,1,0.0
7,5,1,22.57,12.3,0.2,0,413.6
22,2,0,0.0,0.0,0.2,0,0.0
19,1,1,11.52,21.4,0.6,0,218.0
3,6,0,0.0,0.0,0.05,0,0.0
15,4,0,0.0,0.0,0.3,1,0.0
17,4,0,0.0,0.0,0.3,0,0.0
0,6,0,0.0,0.0,0.05,0,0.0
5,0,1,18.45,30.5,0.05,0,148.5
1,3,0,0.0,0.0,0.05,0,0.0
14,1,0,0.0,0.0,0.3,1,0.0
10,2,1,19.59,25.1,0.65,1,60.1
18,6,0,0.0,0.0,0.5,0,0.0
3,1,0,0.0,0.0,0.05,0,0.0
2,6,0,0.0,0.0,0.05,0,0.0
4,2,0,0.0,0.0,0.05,0,0.0
12,1,0,0.0,0.0,0.3,0,0.0
4,0,0,0.0,0.0,0.05,0,0.0
7,6,1,20.01,18.7,0.2,0,364.4
15,6,1,12.39,64.5,0.3,0,513.4
6,3,0,0.0,0.0,0.2,0,0.0
16,1,0,0.0,0.0,0.3,0,0.0
20,2,1,23.08,42.7,0.6,0,77.7
22,4,0,0.0,0.0,0.2,0,0.0
8,4,1,7.94,156.7,0.65,1,673.9
14,4,0,0.0,0.0,0.3,0,0.0
22,4,1,15.87,19.0,0.2,0,435.1
11,6,0,0.0,0.0,0.3,0,0.0
17,2,0,0.0,0.0,0.3,0,0.0
17,2,1,10.58,17.5,0.3,0,898.8
9,4,1,16.04,190.4,0.65,1,0.0
22,6,0,0.0,0.0,0.2,0,0.0
1,4,0,0.0,0.0,0.05,0,0.0
21,1,1,11.34,86.1,0.6,0,55.8
14,4,0,0.0,0.0,0.3,1,0.0
18,2,1,14.0,35.3,0.6,0,457.5
14,3,1,16.9,3.8,0.3,1,378.5
22,2,0,0.0,0.0,0.2,0,0.0
0,0,0,0.0,0.0,0.05,0,0.0
13,3,0,0.0,0.0,0.3,1,0.0
18,2,1,8.03,22.3,0.6,1,685.3
20,6,1,13.17,14.9,0.5,0,251.6
6,2,0,0.0,0.0,0.2,0,0.0
16,2,1,14.49,2.9,0.3,0,703.4
4,3,1,17.95,58.5,0.05,0,433.8
12,5,0,0.0,0.0,0.3,0,0.0
21,2,1,15.92,33.4,0.6,0,71.8
0,1,0,0.0,0.0,0.05,0,0.0
8,4,1,13.15,41.0,0.65,1,911.3
15,2,0,0.0,0.0,0.3,0,0.0
5,2,0,0.0,0.0,0.05,0,0.0
12,0,0,0.0,0.0,0.3,1,0.0
17,3,0,0.0,0.0,0.3,0,0.0
5,0,0,0.0,0.0,0.05,0,0.0
14,1,0,0.0,0.0,0.3,0,0.0
1,1,0,0.0,0.0,0.05,0,0.0
7,0,0,0.0,0.0,0.2,1,0.0
15,3,0,0.0,0.0,0.3,1,0.0
21,6,0,0.0,0.0,0.5,1,0.0
12,2,1,6.47,29.6,0.3,0,1723.4
18,5,1,11.59,40.2,0.6,0,1134.5
9,6,1,14.1,29.8,0.55,1,154.4
15,6,0,0.0,0.0,0.3,0,0.0
23,1,0,0.0,0.0,0.2,0,0.0
19,3,0,0.0,0.0,0.6,1,0.0
11,4,0,0.0,0.0,0.3,0,0.0
2,3,0,0.0,0.0,0.05,0,0.0
18,4,1,13.34,2.6,0.6,0,364.0
16,0,0,0.0,0.0,0.3,0,0.0
22,4,0,0.0,0.0,0.2,0,0.0
12,6,0,0.0,0.0,0.3,1,0.0
13,0,0,0.0,0.0,0.3,0,0.0
1,2,0,0.0,0.0,0.05,0,0.0
7,4,0,0.0,0.0,0.2,0,0.0
15,5,0,0.0,0.0,0.3,1,0.0
14,0,0,0.0,0.0,0.3,0,0.0
7,4,0,0.0,0.0,0.2,0,0.0
19,6,1,13.44,186.8,0.5,0,3.5
9,1,1,20.36,10.2,0.65,1,181.0
17,1,0,0.0,0.0,0.3,1,0.0
0,6,0,0.0,0.0,0.05,1,0.0
14,1,0,0.0,0.0,0.3,1,0.0
22,1,1,18.91,51.7,0.2,0,533.3
3,2,0,0.0,0.0,0.05,0,0.0
13,2,0,0.0,0.0,0.3,0,0.0
14,4,1,16.4,6.4,0.3,0,490.1
7,1,0,0.0,0.0,0.2,0,0.0
8,5,1,13.57,49.7,0.65,0,695.7
10,4,0,0.0,0.0,0.65,1,0.0
9,1,0,0.0,0.0,0.65,1,0.0
16,2,1,10.1,18.9,0.3,0,572.7
4,4,0,0.0,0.0,0.05,0,0.0
22,1,0,0.0,0.0,0.2,0,0.0
1,4,0,0.0,0.0,0.05,0,0.0
6,6,1,14.6,2.9,0.2,0,152.3
15,4,0,0.0,0.0,0.3,1,0.0
7,6,0,0.0,0.0,0.2,0,0.0
14,2,0,0.0,0.0,0.3,0,0.0
7,3,0,0.0,0.0,0.2,1,0.0
15,1,0,0.0,0.0,0.3,1,0.0
14,0,0,0.0,0.0,0.3,1,0.0
19,5,0,0.0,0.0,0.6,1,0.0
12,5,0,0.0,0.0,0.3,1,0.0
13,3,0,0.0,0.0,0.3,0,0.0
9,6,1,19.61,81.3,0.55,1,163.6
19,3,0,0.0,0.0,0.6,0,0.0
4,0,0,0.0,0.0,0.05,0,0.0
1,0,0,0.0,0.0,0.05,0,0.0
16,5,0,0.0,0.0,0.3,1,0.0
8,4,1,9.93,23.2,0.65,1,646.3
22,1,0,0.0,0.0,0.2,0,0.0
5,2,0,0.0,0.0,0.05,0,0.0
17,4,1,16.9,43.3,0.3,0,578.4
19,5,1,10.7,31.3,0.6,1,855.9
3,3,0,0.0,0.0,0.05,0,0.0
20,5,0,0.0,0.0,0.6,1,0.0
23,1,0,0.0,0.0,0.2,0,0.0
16,0,0,0.0,0.0,0.3,0,0.0
6,6,0,0.0,0.0,0.2,0,0.0
10,6,0,0.0,0.0,0.55,1,0.0
15,2,1,24.42,20.0,0.3,0,241.4
21,4,1,20.57,202.0,0.6,0,172.5
20,0,0,0.0,0.0,0.5,1,0.0
4,0,0,0.0,0.0,0.05,0,0.0
16,2,0,0.0,0.0,0.3,1,0.0
20,4,1,14.63,11.9,0.6,1,127.8
18,6,1,21.74,9.7,0.5,1,230.6
19,3,0,0.0,0.0,0.6,1,0.0
23,0,0,0.0,0.0,0.2,1,0.0
3,3,0,0.0,0.0,0.05,0,0.0
14,1,0,0.0,0.0,0.3,1,0.0
2,3,0,0.0,0.0,0.05,0,0.0
12,3,0,0.0,0.0,0.3,0,0.0
15,3,0,0.0,0.0,0.3,1,0.0
23,5,0,0.0,0.0,0.2,1,0.0
21,3,1,13.22,47.5,0.6,1,819.9
3,5,1,22.67,3.2,0.05,0,270.8
19,6,1,17.22,49.9,0.5,0,286.9
23,5,0,0.0,0.0,0.2,0,0.0
7,6,0,0.0,0.0,0.2,0,0.0
13,1,0,0.0,0.0,0.3,1,0.0
15,2,1,13.79,31.4,0.3,0,437.8
3,4,0,0.0,0.0,0.05,0,0.0
3,2,0,0.0,0.0,0.05,0,0.0
15,6,0,0.0,0.0,0.3,0,0.0
0,0,0,0.0,0.0,0.05,0,0.0
6,4,0,0.0,0.0,0.2,1,0.0
3,6,0,0.0,0.0,0.05,0,0.0
5,6,0,0.0,0.0,0.05,0,0.0
11,5,1,15.16,34.6,0.3,1,622.1
8,4,1,22.92,25.4,0.65,0,225.3
16,4,0,0.0,0.0,0.3,1,0.0
1,1,0,0.0,0.0,0.05,0,0.0
5,0,0,0.0,0.0,0.05,0,0.0
20,5,0,0.0,0.0,0.6,1,0.0
0,6,0,0.0,0.0,0.05,0,0.0
4,6,0,0.0,0.0,0.05,0,0.0
2,3,0,0.0,0.0,0.05,0,0.0
5,4,0,0.0,0.0,0.05,0,0.0
11,1,0,0.0,0.0,0.3,1,0.0
21,4,1,10.04,114.1,0.6,1,831.3
2,2,0,0.0,0.0,0.05,0,0.0
4,0,0,0.0,0.0,0.05,0,0.0
18,5,1,23.5,90.9,0.6,0,109.5
13,6,0,0.0,0.0,0.3,1,0.0
1,1,0,0.0,0.0,0.05,0,0.0
0,6,0,0.0,0.0,0.05,0,0.0
9,2,0,0.0,0.0,0.65,1,0.0
10,2,1,16.42,51.7,0.65,1,146.6
23,6,0,0.0,0.0,0.2,0,0.0
1,6,1,18.49,7.8,0.05,0,378.4
6,3,0,0.0,0.0,0.2,0,0.0
3,2,0,0.0,0.0,0.05,1,0.0
2,3,0,0.0,0.0,0.05,1,0.0
15,2,0,0.0,0.0,0.3,1,0.0
0,5,0,0.0,0.0,0.05,0,0.0
20,3,1,22.55,53.0,0.6,0,455.5
0,0,0,0.0,0.0,0.05,0,0.0
20,3,1,15.52,120.8,0.6,1,172.5
7,3,1,14.6,12.6,0.2,0,727.0
14,1,1,22.21,45.9,0.3,0,373.2
11,4,0,0.0,0.0,0.3,1,0.0
14,6,0,0.0,0.0,0.3,1,0.0
22,4,1,9.32,33.6,0.2,0,1379.3
5,2,0,0.0,0.0,0.05,0,0.0
2,3,1,18.86,11.0,0.05,0,129.4
20,4,1,17.24,5.3,0.6,1,435.4
16,3,0,0.0,0.0,0.3,0,0.0
6,0,0,0.0,0.0,0.2,0,0.0
7,5,0,0.0,0.0,0.2,1,0.0
9,6,1,19.17,1.3,0.55,1,477.1
14,0,0,0.0,0.0,0.3,1,0.0
7,0,0,0.0,0.0,0.2,0,0.0
17,1,1,13.71,54.9,0.3,0,127.4
18,3,1,17.87,25.3,0.6,1,270.1
7,5,0,0.0,0.0,0.2,0,0.0
17,2,1,15.73,2.2,0.3,0,627.3
18,0,0,0.0,0.0,0.5,1,0.0
6,6,0,0.0,0.0,0.2,0,0.0
15,2,1,16.31,33.4,0.3,1,416.0
15,6,1,22.18,65.9,0.3,0,215.3
10,5,0,0.0,0.0,0.65,0,0.0
2,5,0,0.0,0.0,0.05,0,0.0
22,5,1,10.36,0.4,0.2,0,744.6
22,4,1,14.08,35.6,0.2,0,906.6
10,0,1,13.91,33.6,0.55,0,286.2
8,6,0,0.0,0.0,0.55,1,0.0
11,3,1,10.2,105.8,0.3,0,1317.6
10,6,0,0.0,0.0,0.55,1,0.0
19,1,0,0.0,0.0,0.6,0,0.0
5,6,0,0.0,0.0,0.05,0,0.0
18,1,0,0.0,0.0,0.6,0,0.0
14,5,0,0.0,0.0,0.3,1,0.0
15,0,0,0.0,0.0,0.3,1,0.0
2,5,0,0.0,0.0,0.05,0,0.0
20,5,0,0.0,0.0,0.6,0,0.0
17,0,0,0.0,0.0,0.3,1,0.0
4,5,0,0.0,0.0,0.05,0,0.0
15,6,1,19.27,7.6,0.3,1,565.6
2,5,0,0.0,0.0,0.05,0,0.0
23,5,0,0.0,0.0,0.2,1,0.0
3,6,0,0.0,0.0,0.05,0,0.0
1,6,0,0.0,0.0,0.05,0,0.0
0,1,0,0.0,0.0,0.05,0,0.0
20,5,1,18.64,164.8,0.6,0,139.4
3,0,0,0.0,0.0,0.05,0,0.0
19,3,0,0.0,0.0,0.6,1,0.0
14,6,0,0.0,0.0,0.3,1,0.0
3,0,0,0.0,0.0,0.05,0,0.0
19,4,1,11.06,19.3,0.6,0,442.4
14,5,1,11.04,8.5,0.3,1,429.5
13,2,0,0.0,0.0,0.3,0,0.0
3,1,1,24.15,100.4,0.05,0,164.9
17,6,1,19.01,45.8,0.3,0,608.2
1,5,0,0.0,0.0,0.05,1,0.0
23,6,0,0.0,0.0,0.2,0,0.0
5,2,0,0.0,0.0,0.05,1,0.0
13,4,0,0.0,0.0,0.3,0,0.0
7,1,1,24.88,43.8,0.2,0,423.4
0,3,0,0.0,0.0,0.05,0,0.0
13,6,0,0.0,0.0,0.3,1,0.0
0,2,1,15.3,89.0,0.05,0,401.2
7,4,0,0.0,0.0,0.2,0,0.0
14,4,1,19.2,48.0,0.3,0,201.4
15,0,0,0.0,0.0,0.3,0,0.0
11,5,0,0.0,0.0,0.3,0,0.0
0,0,0,0.0,0.0,0.05,0,0.0
9,1,0,0.0,0.0,0.65,1,0.0
9,0,1,18.14,51.9,0.55,0,164.6
13,1,0,0.0,0.0,0.3,1,0.0
6,6,0,0.0,0.0,0.2,0,0.0
21,6,1,14.52,2.3,0.5,0,446.7
17,1,0,0.0,0.0,0.3,0,0.0
12,6,0,0.0,0.0,0.3,0,0.0
11,3,1,15.5,89.9,0.3,1,299.6
5,6,0,0.0,0.0,0.05,0,0.0
7,0,0,0.0,0.0,0.2,0,0.0
18,0,1,19.58,53.6,0.5,1,347.9
21,2,1,18.1,25.9,0.6,0,436.3
21,0,1,10.97,29.2,0.5,1,189.8
11,6,0,0.0,0.0,0.3,0,0.0
22,6,0,0.0,0.0,0.2,0,0.0
22,4,1,16.73,67.3,0.2,0,379.1
16,1,0,0.0,0.0,0.3,1,0.0
12,0,0,0.0,0.0,0.3,1,0.0
17,0,1,13.86,9.5,0.3,0,832.9
18,2,1,11.97,9.5,0.6,1,537.6
7,6,0,0.0,0.0,0.2,1,0.0
20,4,0,0.0,0.0,0.6,0,0.0
21,2,1,11.1,97.7,0.6,1,838.8
8,5,1,18.7,67.8,0.65,1,51.5
16,5,0,0.0,0.0,0.3,1,0.0
14,3,1,14.76,214.1,0.3,0,61.8
3,4,0,0.0,0.0,0.05,0,0.0
18,3,1,16.59,4.1,0.6,1,220.1
10,1,1,20.01,7.4,0.65,1,322.6
22,2,0,0.0,0.0,0.2,0,0.0
21,6,1,11.67,74.4,0.5,0,332.6
14,0,0,0.0,0.0,0.3,0,0.0
10,4,1,13.44,60.5,0.65,0,255.3
13,0,1,12.09,12.0,0.3,0,368.7
13,4,0,0.0,0.0,0.3,1,0.0
7,4,0,0.0,0.0,0.2,0,0.0
23,0,1,9.3,29.6,0.2,0,778.8
4,1,0,0.0,0.0,0.05,0,0.0
3,0,0,0.0,0.0,0.05,0,0.0
16,1,1,15.99,48.1,0.3,1,202.4
8,1,1,23.56,6.1,0.65,1,374.0
9,2,1,19.36,72.7,0.65,0,405.3
6,3,0,0.0,0.0,0.2,0,0.0
17,5,1,23.31,92.4,0.3,0,286.8
3,1,0,0.0,0.0,0.05,0,0.0
4,3,0,0.0,0.0,0.05,0,0.0
18,3,1,17.67,20.6,0.6,0,175.2
4,4,0,0.0,0.0,0.05,1,0.0
3,3,0,0.0,0.0,0.05,0,0.0
22,6,0,0.0,0.0,0.2,0,0.0
8,3,1,17.96,12.9,0.65,1,190.3
2,0,0,0.0,0.0,0.05,0,0.0
14,2,0,0.0,0.0,0.3,1,0.0
4,6,0,0.0,0.0,0.05,0,0.0
23,4,0,0.0,0.0,0.2,0,0.0
23,1,0,0.0,0.0,0.2,0,0.0
15,1,0,0.0,0.0,0.3,0,0.0
9,2,1,17.89,23.2,0.65,0,186.5
23,6,0,0.0,0.0,0.2,0,0.0
1,1,0,0.0,0.0,0.05,0,0.0
18,2,1,14.79,64.2,0.6,0,323.5
16,2,1,14.28,47.7,0.3,0,740.6
17,2,0,0.0,0.0,0.3,1,0.0
20,2,1,18.84,3.4,0.6,0,100.1
21,2,1,15.73,125.1,0.6,1,633.9
13,3,1,13.23,96.3,0.3,0,776.9
18,0,0,0.0,0.0,0.5,1,0.0
10,0,1,21.16,63.4,0.55,1,236.4
9,1,1,21.48,21.8,0.65,0,204.2
1,4,0,0.0,0.0,0.05,0,0.0
3,6,0,0.0,0.0,0.05,0,0.0
20,0,1,23.74,4.5,0.5,0,315.2
10,0,0,0.0,0.0,0.55,0,0.0
8,2,0,0.0,0.0,0.65,1,0.0
10,2,0,0.0,0.0,0.65,1,0.0
16,5,0,0.0,0.0,0.3,0,0.0
19,5,0,0.0,0.0,0.6,1,0.0
11,5,0,0.0,0.0,0.3,0,0.0
21,6,0,0.0,0.0,0.5,1,0.0
23,6,0,0.0,0.0,0.2,0,0.0
15,6,1,11.51,240.0,0.3,0,386.0
8,6,0,0.0,0.0,0.55,1,0.0
2,0,0,0.0,0.0,0.05,0,0.0
19,1,0,0.0,0.0,0.6,1,0.0
2,2,0,0.0,0.0,0.05,0,0.0
16,4,0,0.0,0.0,0.3,0,0.0
8,5,1,19.32,54.1,0.65,1,688.9
15,0,1,21.17,39.3,0.3,0,113.7
17,5,0,0.0,0.0,0.3,1,0.0
18,5,1,11.1,47.3,0.6,1,363.4
3,5,0,0.0,0.0,0.05,0,0.0
5,4,0,0.0,0.0,0.05,0,0.0
19,0,1,10.25,52.5,0.5,0,357.8
18,3,1,20.99,27.9,0.6,1,164.7
2,5,1,14.76,14.7,0.05,0,443.2
23,6,1,27.74,15.5,0.2,1,74.6
18,0,1,17.68,190.0,0.5,0,161.6
17,6,1,9.59,2.2,0.3,1,333.6
11,5,0,0.0,0.0,0.3,0,0.0
7,1,1,8.04,0.4,0.2,0,1716.7
13,0,0,0.0,0.0,0.3,0,0.0
13,0,0,0.0,0.0,0.3,1,0.0
13,5,0,0.0,0.0,0.3,0,0.0
20,1,1,16.12,99.7,0.6,1,369.8
9,1,1,10.59,44.2,0.65,0,405.1
22,3,1,18.69,18.7,0.2,1,399.3
22,6,1,21.11,43.4,0.2,0,143.5
9,2,1,7.23,20.7,0.65,1,1553.0
16,0,1,23.0,163.4,0.3,0,280.6
12,2,1,18.26,13.5,0.3,1,348.4
21,3,0,0.0,0.0,0.6,1,0.0
12,6,1,13.71,14.9,0.3,0,701.4
20,3,1,22.69,35.4,0.6,0,359.0
21,1,1,19.01,22.0,0.6,1,578.5
21,5,1,15.3,85.1,0.6,0,603.1
16,4,0,0.0,0.0,0.3,1,0.0
6,5,0,0.0,0.0,0.2,0,0.0
15,2,1,20.08,32.3,0.3,0,100.9
2,3,1,23.83,0.0,0.05,0,306.5
20,6,1,14.11,2.8,0.5,0,481.8
22,4,0,0.0,0.0,0.2,0,0.0
8,0,1,15.5,1.7,0.55,0,258.9
7,5,0,0.0,0.0,0.2,0,0.0
21,6,0,0.0,0.0,0.5,1,0.0
4,5,0,0.0,0.0,0.05,0,0.0
15,3,0,0.0,0.0,0.3,0,0.0
15,3,0,0.0,0.0,0.3,0,0.0
6,1,1,19.49,37.2,0.2,0,620.8
3,1,0,0.0,0.0,0.05,0,0.0
15,1,0,0.0,0.0,0.3,0,0.0
18,4,1,11.71,240.0,0.6,1,196.2
7,1,0,0.0,0.0,0.2,0,0.0
8,0,1,9.67,122.9,0.55,0,1083.2
17,1,0,0.0,0.0,0.3,1,0.0
23,5,0,0.0,0.0,0.2,0,0.0
3,0,0,0.0,0.0,0.05,0,0.0
4,0,0,0.0,0.0,0.05,0,0.0
4,4,0,0.0,0.0,0.05,0,0.0
17,3,1,20.02,40.7,0.3,0,287.6
18,0,1,17.59,22.3,0.5,1,497.1
22,0,1,19.85,49.0,0.2,0,339.3
18,2,1,10.88,11.8,0.6,0,513.3
5,2,0,0.0,0.0,0.05,0,0.0
3,3,0,0.0,0.0,0.05,0,0.0
1,6,0,0.0,0.0,0.05,0,0.0
23,4,1,11.98,10.4,0.2,0,595.5
9,0,1,12.15,27.1,0.55,0,790.1
10,5,0,0.0,0.0,0.65,1,0.0
21,1,0,0.0,0.0,0.6,1,0.0
14,2,0,0.0,0.0,0.3,1,0.0
12,6,0,0.0,0.0,0.3,0,0.0
3,3,0,0.0,0.0,0.05,0,0.0
9,2,0,0.0,0.0,0.65,1,0.0
21,1,0,0.0,0.0,0.6,1,0.0
20,4,1,15.79,11.0,0.6,0,242.4
15,3,0,0.0,0.0,0.3,1,0.0
11,5,0,0.0,0.0,0.3,1,0.0
21,5,0,0.0,0.0,0.6,1,0.0
20,2,1,14.92,21.7,0.6,0,240.6
8,3,0,0.0,0.0,0.65,1,0.0
0,3,0,0.0,0.0,0.05,0,0.0
10,4,0,0.0,0.0,0.65,1,0.0
7,5,0,0.0,0.0,0.2,1,0.0
7,4,0,0.0,0.0,0.2,1,0.0
13,0,0,0.0,0.0,0.3,0,0.0
5,2,0,0.0,0.0,0.05,0,0.0
22,3,1,15.65,31.6,0.2,0,87.7
5,0,0,0.0,0.0,0.05,0,0.0
21,4,0,0.0,0.0,0.6,1,0.0
18,1,1,19.9,77.8,0.6,0,569.9
3,1,0,0.0,0.0,0.05,0,0.0
17,6,1,12.0,49.1,0.3,0,314.9
19,6,0,0.0,0.0,0.5,0,0.0
21,4,1,14.1,12.1,0.6,0,985.4
16,6,0,0.0,0.0,0.3,0,0.0
20,2,1,22.84,18.5,0.6,0,219.5
5,5,0,0.0,0.0,0.05,0,0.0
10,2,1,18.36,45.4,0.65,0,281.5
7,4,0,0.0,0.0,0.2,0,0.0
10,3,1,18.23,6.6,0.65,0,272.2
11,4,0,0.0,0.0,0.3,1,0.0
0,2,0,0.0,0.0,0.05,0,0.0
6,2,0,0.0,0.0,0.2,0,0.0
6,6,1,17.35,96.4,0.2,0,459.8
22,6,0,0.0,0.0,0.2,1,0.0
16,5,0,0.0,0.0,0.3,1,0.0
18,0,1,13.14,40.6,0.5,1,133.8
3,0,0,0.0,0.0,0.05,0,0.0
5,6,0,0.0,0.0,0.05,0,0.0
20,5,1,9.59,15.7,0.6,1,662.3
20,5,1,19.28,43.7,0.6,1,470.1
16,6,1,16.08,0.7,0.3,1,400.9
6,1,0,0.0,0.0,0.2,0,0.0
6,3,0,0.0,0.0,0.2,0,0.0
17,5,0,0.0,0.0,0.3,0,0.0
10,1,1,18.33,8.9,0.65,1,789.4
4,5,1,14.37,64.9,0.05,0,154.0
13,4,0,0.0,0.0,0.3,0,0.0
1,3,1,9.97,50.2,0.05,0,1015.4
9,6,0,0.0,0.0,0.55,1,0.0
20,3,1,21.39,27.7,0.6,1,53.2
7,2,0,0.0,0.0,0.2,0,0.0
12,1,1,17.49,40.2,0.3,0,696.9
17,2,0,0.0,0.0,0.3,0,0.0
5,0,0,0.0,0.0,0.05,0,0.0
8,6,0,0.0,0.0,0.55,1,0.0
16,3,0,0.0,0.0,0.3,0,0.0
8,5,1,9.61,41.1,0.65,0,943.2
12,3,0,0.0,0.0,0.3,0,0.0
9,1,1,18.96,116.8,0.65,1,223.3
19,1,1,20.46,53.1,0.6,0,477.9
3,4,0,0.0,0.0,0.05,0,0.0
1,3,0,0.0,0.0,0.05,0,0.0
2,2,1,14.82,81.9,0.05,0,602.6
6,2,0,0.0,0.0,0.2,0,0.0
14,2,0,0.0,0.0,0.3,0,0.0
6,6,0,0.0,0.0,0.2,0,0.0
18,3,0,0.0,0.0,0.6,1,0.0
18,2,1,12.21,117.5,0.6,1,571.9
17,5,0,0.0,0.0,0.3,0,0.0
22,4,0,0.0,0.0,0.2,0,0.0
23,6,0,0.0,0.0,0.2,0,0.0
2,4,0,0.0,0.0,0.05,0,0.0
6,1,0,0.0,0.0,0.2,0,0.0
20,5,1,20.28,106.2,0.6,1,302.0
11,1,1,15.28,95.3,0.3,0,526.7
14,6,0,0.0,0.0,0.3,1,0.0
0,1,0,0.0,0.0,0.05,1,0.0
12,2,1,25.38,23.5,0.3,0,83.1
5,5,0,0.0,0.0,0.05,0,0.0
3,4,0,0.0,0.0,0.05,0,0.0
9,0,1,6.48,0.8,0.55,1,399.9
9,0,1,13.51,190.1,0.55,0,218.6
22,4,0,0.0,0.0,0.2,0,0.0
6,0,1,14.63,53.3,0.2,1,89.0
21,1,1,16.73,64.8,0.6,1,288.3
0,5,0,0.0,0.0,0.05,0,0.0
21,2,1,13.85,240.0,0.6,0,198.6
8,6,1,14.26,31.6,0.55,1,422.2
20,5,1,20.55,4.6,0.6,1,443.2
10,3,0,0.0,0.0,0.65,1,0.0
8,3,1,15.18,2.4,0.65,0,824.9
20,1,1,14.16,2.1,0.6,0,691.3
16,6,0,0.0,0.0,0.3,1,0.0
6,5,0,0.0,0.0,0.2,0,0.0
11,3,1,10.2,19.6,0.3,0,616.4
10,3,1,14.35,68.1,0.65,0,582.5
23,0,0,0.0,0.0,0.2,0,0.0
11,0,1,12.16,20.2,0.3,0,612.1
3,5,0,0.0,0.0,0.05,0,0.0
22,5,0,0.0,0.0,0.2,0,0.0
22,3,0,0.0,0.0,0.2,0,0.0
16,2,0,0.0,0.0,0.3,0,0.0
11,4,1,16.22,100.0,0.3,0,19.3
9,6,1,27.23,0.3,0.55,1,445.7
2,1,0,0.0,0.0,0.05,0,0.0
23,2,0,0.0,0.0,0.2,0,0.0
1,1,0,0.0,0.0,0.05,0,0.0
11,2,1,10.94,240.0,0.3,0,190.2
15,1,1,23.54,79.6,0.3,0,268.6
16,4,1,13.66,15.9,0.3,0,446.6
11,1,1,28.16,18.8,0.3,0,332.9
1,6,0,0.0,0.0,0.05,0,0.0
13,0,1,14.86,7.2,0.3,0,418.3
9,1,1,16.65,9.8,0.65,1,356.9
3,5,0,0.0,0.0,0.05,0,0.0
6,3,1,11.99,15.9,0.2,0,776.1
4,5,1,10.07,2.2,0.05,0,427.4
19,4,0,0.0,0.0,0.6,1,0.0
21,6,1,18.35,9.1,0.5,0,232.5
10,4,0,0.0,0.0,0.65,0,0.0
22,0,0,0.0,0.0,0.2,0,0.0
11,4,0,0.0,0.0,0.3,1,0.0
5,5,0,0.0,0.0,0.05,0,0.0
9,6,0,0.0,0.0,0.55,1,0.0
4,1,0,0.0,0.0,0.05,0,0.0
8,6,1,13.6,114.9,0.55,1,379.1
8,1,1,20.48,12.4,0.65,0,268.7
9,3,1,16.81,21.8,0.65,1,314.4
13,3,0,0.0,0.0,0.3,0,0.0
16,6,1,11.47,20.3,0.3,0,764.9
11,6,0,0.0,0.0,0.3,1,0.0
23,1,1,17.37,41.2,0.2,1,613.8
17,0,0,0.0,0.0,0.3,0,0.0
0,0,0,0.0,0.0,0.05,0,0.0
8,4,0,0.0,0.0,0.65,1,0.0
2,2,0,0.0,0.0,0.05,0,0.0
19,4,0,0.0,0.0,0.6,0,0.0
11,0,0,0.0,0.0,0.3,0,0.0
21,3,1,10.26,76.5,0.6,0,879.1
11,4,1,16.53,5.8,0.3,0,332.6
14,3,0,0.0,0.0,0.3,0,0.0
5,3,0,0.0,0.0,0.05,0,0.0
4,6,1,17.16,87.0,0.05,0,148.1
22,4,0,0.0,0.0,0.2,0,0.0
16,5,0,0.0,0.0,0.3,1,0.0
23,0,0,0.0,0.0,0.2,0,0.0
6,0,1,17.25,55.5,0.2,0,435.4
5,4,0,0.0,0.0,0.05,0,0.0
23,6,0,0.0,0.0,0.2,0,0.0
22,6,0,0.0,0.0,0.2,1,0.0
6,3,1,12.94,86.3,0.2,0,442.9
0,6,0,0.0,0.0,0.05,0,0.0
10,3,1,16.91,63.6,0.65,0,478.9
6,3,0,0.0,0.0,0.2,0,0.0
9,6,0,0.0,0.0,0.55,0,0.0
10,6,1,14.26,43.5,0.55,0,288.3
17,1,0,0.0,0.0,0.3,0,0.0
2,6,0,0.0,0.0,0.05,0,0.0
11,3,0,0.0,0.0,0.3,0,0.0
10,5,1,11.67,18.1,0.65,0,217.2
10,1,0,0.0,0.0,0.65,1,0.0
16,1,0,0.0,0.0,0.3,0,0.0
2,2,0,0.0,0.0,0.05,0,0.0
1,2,0,0.0,0.0,0.05,0,0.0
22,1,0,0.0,0.0,0.2,0,0.0
10,1,0,0.0,0.0,0.65,1,0.0
6,5,1,15.24,20.4,0.2,0,573.2
8,4,1,15.38,143.0,0.65,0,332.2
11,6,1,13.2,86.7,0.3,0,278.3
14,6,0,0.0,0.0,0.3,1,0.0
1,3,0,0.0,0.0,0.05,0,0.0
11,6,0,0.0,0.0,0.3,1,0.0
5,1,0,0.0,0.0,0.05,0,0.0
8,4,1,16.8,19.2,0.65,1,501.2
1,0,0,0.0,0.0,0.05,0,0.0
17,1,1,18.04,10.6,0.3,1,317.8
16,3,0,0.0,0.0,0.3,0,0.0
9,6,1,14.62,10.8,0.55,0,541.5
0,5,1,21.3,1.6,0.05,0,256.9
13,2,1,16.38,171.6,0.3,0,251.5
15,5,1,12.01,55.3,0.3,1,348.1
5,5,0,0.0,0.0,0.05,0,0.0
20,3,1,11.77,8.9,0.6,1,692.8
10,4,1,17.17,80.5,0.65,1,702.4
14,4,1,26.47,53.5,0.3,0,199.3
8,3,1,14.05,7.9,0.65,1,134.6
0,4,0,0.0,0.0,0.05,0,0.0
23,3,0,0.0,0.0,0.2,0,0.0
15,1,0,0.0,0.0,0.3,0,0.0
10,0,0,0.0,0.0,0.55,0,0.0
19,4,1,27.72,36.4,0.6,0,107.0
19,3,1,15.66,21.1,0.6,0,183.1
9,4,1,19.36,50.8,0.65,0,231.6
4,4,1,17.11,140.7,0.05,0,161.5
17,0,1,8.68,18.3,0.3,1,857.2
12,6,1,13.8,13.1,0.3,0,418.8
19,1,1,15.79,25.1,0.6,0,112.9
9,5,1,16.6,35.3,0.65,0,516.1
19,5,1,9.94,7.2,0.6,0,1085.8
4,5,0,0.0,0.0,0.05,0,0.0
14,4,0,0.0,0.0,0.3,0,0.0
8,1,0,0.0,0.0,0.65,1,0.0
5,2,0,0.0,0.0,0.05,0,0.0
15,3,0,0.0,0.0,0.3,0,0.0
16,4,0,0.0,0.0,0.3,1,0.0
21,2,1,13.42,240.0,0.6,1,206.9
11,6,1,20.44,3.2,0.3,0,374.8
23,1,1,17.01,38.0,0.2,0,455.3
22,6,1,22.04,0.2,0.2,0,282.1
18,1,1,11.7,29.4,0.6,1,1027.2
2,2,0,0.0,0.0,0.05,0,0.0
16,2,1,18.78,9.4,0.3,0,323.6
4,1,0,0.0,0.0,0.05,0,0.0
13,1,1,13.94,97.6,0.3,0,65.9
2,5,0,0.0,0.0,0.05,0,0.0
20,0,0,0.0,0.0,0.5,0,0.0
12,5,1,14.22,43.8,0.3,1,921.8
17,1,0,0.0,0.0,0.3,0,0.0
2,3,0,0.0,0.0,0.05,0,0.0
5,6,0,0.0,0.0,0.05,0,0.0
4,2,0,0.0,0.0,0.05,0,0.0
14,1,1,19.64,39.3,0.3,1,342.2
12,6,1,19.18,58.1,0.3,1,281.2
12,5,1,18.42,11.5,0.3,1,367.9
21,5,1,18.12,18.3,0.6,1,425.0
8,1,0,0.0,0.0,0.65,1,0.0
0,6,0,0.0,0.0,0.05,0,0.0
10,1,0,0.0,0.0,0.65,1,0.0
6,6,0,0.0,0.0,0.2,0,0.0
23,2,0,0.0,0.0,0.2,0,0.0
1,6,0,0.0,0.0,0.05,0,0.0
14,6,1,11.0,11.3,0.3,0,917.6
19,5,1,9.55,25.6,0.6,1,715.8
13,1,1,9.39,28.3,0.3,0,1284.8
16,5,0,0.0,0.0,0.3,0,0.0
16,3,1,17.64,4.2,0.3,1,219.7
21,1,1,21.53,14.9,0.6,1,348.2
0,5,0,0.0,0.0,0.05,0,0.0
6,2,0,0.0,0.0,0.2,1,0.0
10,4,1,17.9,31.6,0.65,0,202.3
0,2,0,0.0,0.0,0.05,0,0.0
19,6,1,12.74,106.0,0.5,0,860.8
20,2,1,13.43,10.9,0.6,0,251.4
11,3,0,0.0,0.0,0.3,0,0.0
14,1,0,0.0,0.0,0.3,0,0.0
4,3,0,0.0,0.0,0.05,0,0.0
5,1,0,0.0,0.0,0.05,0,0.0
10,0,1,12.7,61.3,0.55,0,644.8
1,4,0,0.0,0.0,0.05,0,0.0
9,0,1,14.33,17.7,0.55,0,1000.5
17,1,1,12.48,5.6,0.3,0,1084.4
5,0,0,0.0,0.0,0.05,0,0.0
16,2,0,0.0,0.0,0.3,0,0.0
16,2,1,14.39,39.4,0.3,0,948.9
21,0,1,19.02,45.8,0.5,1,626.4
2,0,0,0.0,0.0,0.05,0,0.0
11,4,0,0.0,0.0,0.3,0,0.0
22,0,1,18.89,22.0,0.2,0,244.1
3,1,0,0.0,0.0,0.05,0,0.0
18,0,1,14.44,31.6,0.5,0,874.5
9,0,1,16.75,1.5,0.55,1,653.4
18,5,0,0.0,0.0,0.6,1,0.0
16,1,0,0.0,0.0,0.3,0,0.0
15,1,0,0.0,0.0,0.3,0,0.0
22,5,0,0.0,0.0,0.2,1,0.0
22,4,0,0.0,0.0,0.2,0,0.0
22,1,0,0.0,0.0,0.2,1,0.0
20,4,1,12.23,46.3,0.6,0,672.0
10,4,1,14.53,190.6,0.65,1,189.8
13,4,0,0.0,0.0,0.3,1,0.0
2,1,0,0.0,0.0,0.05,0,0.0
20,5,1,14.29,100.2,0.6,0,261.2
7,5,0,0.0,0.0,0.2,1,0.0
22,3,1,8.61,13.9,0.2,0,987.7
22,2,0,0.0,0.0,0.2,0,0.0
16,1,0,0.0,0.0,0.3,0,0.0
6,6,0,0.0,0.0,0.2,0,0.0
11,3,1,13.12,86.2,0.3,0,443.5
20,1,1,15.33,26.2,0.6,1,459.6
11,5,0,0.0,0.0,0.3,0,0.0
1,6,0,0.0,0.0,0.05,0,0.0
16,2,0,0.0,0.0,0.3,0,0.0
17,0,0,0.0,0.0,0.3,0,0.0
16,0,0,0.0,0.0,0.3,0,0.0
7,6,0,0.0,0.0,0.2,0,0.0
14,0,1,12.71,41.4,0.3,0,785.5
16,4,0,0.0,0.0,0.3,0,0.0
4,4,0,0.0,0.0,0.05,0,0.0
5,1,0,0.0,0.0,0.05,0,0.0
19,2,1,16.66,7.5,0.6,0,386.6
15,0,0,0.0,0.0,0.3,0,0.0
18,3,1,18.36,94.9,0.6,0,678.5
8,0,1,20.01,6.0,0.55,1,543.7
9,1,1,12.74,59.1,0.65,0,309.0
4,4,0,0.0,0.0,0.05,0,0.0
6,2,0,0.0,0.0,0.2,0,0.0
16,0,0,0.0,0.0,0.3,0,0.0
4,6,0,0.0,0.0,0.05,1,0.0
3,4,0,0.0,0.0,0.05,0,0.0
22,2,0,0.0,0.0,0.2,1,0.0
17,1,1,14.91,22.4,0.3,0,902.6
10,4,1,14.47,20.7,0.65,1,397.6
21,5,1,15.98,135.4,0.6,0,311.6
9,4,0,0.0,0.0,0.65,1,0.0
15,0,0,0.0,0.0,0.3,0,0.0
19,1,0,0.0,0.0,0.6,0,0.0
5,4,0,0.0,0.0,0.05,0,0.0
22,1,0,0.0,0.0,0.2,1,0.0
9,3,0,0.0,0.0,0.65,1,0.0
4,2,0,0.0,0.0,0.05,0,0.0
20,1,1,13.5,2.1,0.6,0,170.7
17,0,1,19.49,55.6,0.3,0,517.1
17,1,0,0.0,0.0,0.3,0,0.0
22,0,0,0.0,0.0,0.2,0,0.0
20,3,0,0.0,0.0,0.6,1,0.0
19,0,1,14.83,74.9,0.5,0,179.1
2,1,0,0.0,0.0,0.05,0,0.0
0,2,0,0.0,0.0,0.05,0,0.0
14,1,0,0.0,0.0,0.3,0,0.0
19,6,1,19.7,9.1,0.5,1,349.1
13,6,0,0.0,0.0,0.3,0,0.0
6,5,0,0.0,0.0,0.2,0,0.0
7,3,0,0.0,0.0,0.2,1,0.0
5,6,0,0.0,0.0,0.05,0,0.0
2,6,1,17.71,95.4,0.05,0,310.9
13,3,1,13.38,18.9,0.3,0,791.1
1,3,0,0.0,0.0,0.05,0,0.0
17,6,1,17.57,18.7,0.3,0,472.9
0,4,0,0.0,0.0,0.05,0,0.0
14,0,0,0.0,0.0,0.3,0,0.0
21,5,1,19.9,16.3,0.6,0,379.8
13,2,1,13.62,2.1,0.3,0,118.8
5,6,0,0.0,0.0,0.05,0,0.0
8,6,1,14.5,5.7,0.55,0,698.3
18,3,0,0.0,0.0,0.6,1,0.0
23,2,0,0.0,0.0,0.2,0,0.0
6,6,0,0.0,0.0,0.2,0,0.0
4,0,0,0.0,0.0,0.05,0,0.0
19,4,1,8.76,74.2,0.6,1,635.4
0,0,0,0.0,0.0,0.05,1,0.0
20,3,1,19.62,5.3,0.6,1,192.0
13,6,1,14.46,159.4,0.3,0,326.5
1,2,0,0.0,0.0,0.05,0,0.0
9,1,1,14.5,11.5,0.65,1,178.0
9,4,1,18.76,14.0,0.65,1,109.7
13,3,0,0.0,0.0,0.3,1,0.0
2,4,0,0.0,0.0,0.05,0,0.0
22,2,0,0.0,0.0,0.2,1,0.0
3,0,0,0.0,0.0,0.05,0,0.0
15,6,1,10.03,0.5,0.3,1,910.3
22,0,0,0.0,0.0,0.2,0,0.0
12,3,0,0.0,0.0,0.3,1,0.0
1,5,0,0.0,0.0,0.05,0,0.0
7,2,0,0.0,0.0,0.2,0,0.0
23,0,0,0.0,0.0,0.2,0,0.0
19,1,1,16.03,28.0,0.6,0,651.4
21,3,0,0.0,0.0,0.6,1,0.0
18,2,1,16.31,70.7,0.6,1,385.2
2,1,0,0.0,0.0,0.05,1,0.0
8,1,0,0.0,0.0,0.65,1,0.0
5,2,0,0.0,0.0,0.05,0,0.0
8,3,1,15.67,24.5,0.65,1,358.7
15,3,1,21.56,33.6,0.3,1,170.8
23,2,0,0.0,0.0,0.2,0,0.0
17,0,0,0.0,0.0,0.3,0,0.0
1,1,0,0.0,0.0,0.05,0,0.0
21,3,1,19.06,105.1,0.6,0,500.6
20,0,1,15.82,8.3,0.5,1,479.0
20,5,1,19.39,53.2,0.6,0,445.6
16,0,0,0.0,0.0,0.3,0,0.0
16,6,0,0.0,0.0,0.3,1,0.0
0,4,0,0.0,0.0,0.05,0,0.0
1,2,1,16.14,2.7,0.05,0,415.5
4,2,0,0.0,0.0,0.05,0,0.0
4,2,0,0.0,0.0,0.05,0,0.0
6,5,0,0.0,0.0,0.2,0,0.0
0,1,0,0.0,0.0,0.05,0,0.0
3,1,0,0.0,0.0,0.05,0,0.0
8,0,1,12.48,116.1,0.55,1,453.0
3,3,0,0.0,0.0,0.05,0,0.0
20,1,1,13.15,46.1,0.6,1,1012.5
15,6,1,16.93,51.6,0.3,1,132.7
5,0,0,0.0,0.0,0.05,0,0.0
11,0,1,13.51,15.8,0.3,0,313.7
1,3,0,0.0,0.0,0.05,0,0.0
7,4,0,0.0,0.0,0.2,0,0.0
23,4,1,16.68,36.5,0.2,0,82.6
9,6,1,15.76,49.0,0.55,0,144.1
15,3,1,18.4,16.7,0.3,0,72.7
1,2,0,0.0,0.0,0.05,0,0.0
10,6,0,0.0,0.0,0.55,1,0.0
21,5,1,14.76,44.1,0.6,1,203.4
10,3,1,27.87,29.7,0.65,0,58.0
11,2,1,14.27,83.8,0.3,0,295.3
19,3,0,0.0,0.0,0.6,0,0.0
20,1,1,17.12,5.1,0.6,1,276.4
10,3,0,0.0,0.0,0.65,0,0.0
7,5,0,0.0,0.0,0.2,0,0.0
13,4,0,0.0,0.0,0.3,0,0.0
0,0,0,0.0,0.0,0.05,0,0.0
19,2,0,0.0,0.0,0.6,1,0.0
1,3,0,0.0,0.0,0.05,0,0.0
12,0,0,0.0,0.0,0.3,1,0.0
8,5,1,10.32,24.5,0.65,1,180.8
12,4,1,14.61,159.5,0.3,0,383.7
0,4,0,0.0,0.0,0.05,0,0.0
18,0,1,12.49,10.1,0.5,0,496.4
17,3,1,21.5,31.7,0.3,0,241.0
5,6,0,0.0,0.0,0.05,0,0.0
21,4,0,0.0,0.0,0.6,1,0.0
5,6,0,0.0,0.0,0.05,0,0.0
17,4,0,0.0,0.0,0.3,0,0.0
7,0,0,0.0,0.0,0.2,0,0.0
0,6,0,0.0,0.0,0.05,0,0.0
17,3,0,0.0,0.0,0.3,0,0.0
2,1,0,0.0,0.0,0.05,0,0.0
4,4,0,0.0,0.0,0.05,0,0.0
8,3,1,15.3,48.6,0.65,0,162.8
23,5,0,0.0,0.0,0.2,0,0.0
16,0,0,0.0,0.0,0.3,0,0.0
5,5,0,0.0,0.0,0.05,0,0.0
6,4,0,0.0,0.0,0.2,0,0.0
6,3,0,0.0,0.0,0.2,0,0.0
2,3,0,0.0,0.0,0.05,0,0.0
3,5,0,0.0,0.0,0.05,0,0.0
5,1,0,0.0,0.0,0.05,0,0.0
13,2,1,13.55,94.4,0.3,1,433.6
11,3,0,0.0,0.0,0.3,1,0.0
0,0,0,0.0,0.0,0.05,0,0.0
13,4,0,0.0,0.0,0.3,0,0.0
11,5,0,0.0,0.0,0.3,0,0.0
3,2,0,0.0,0.0,0.05,0,0.0
8,2,0,0.0,0.0,0.65,1,0.0
2,3,0,0.0,0.0,0.05,0,0.0
17,3,1,14.64,38.3,0.3,1,201.7
5,5,1,8.58,19.1,0.05,0,786.4
12,1,0,0.0,0.0,0.3,1,0.0
4,4,0,0.0,0.0,0.05,0,0.0
22,0,1,21.1,56.8,0.2,0,225.3
1,3,0,0.0,0.0,0.05,0,0.0
6,4,1,16.55,15.4,0.2,0,403.4
8,3,1,12.39,50.1,0.65,0,695.1
21,4,1,16.64,25.3,0.6,1,174.4
4,5,0,0.0,0.0,0.05,0,0.0
7,3,0,0.0,0.0,0.2,0,0.0
1,4,0,0.0,0.0,0.05,0,0.0
21,5,1,16.08,2.8,0.6,1,511.5
13,1,0,0.0,0.0,0.3,0,0.0
0,5,0,0.0,0.0,0.05,0,0.0
5,0,0,0.0,0.0,0.05,1,0.0
14,4,0,0.0,0.0,0.3,1,0.0
16,4,0,0.0,0.0,0.3,0,0.0
7,4,0,0.0,0.0,0.2,1,0.0
16,3,1,16.55,44.7,0.3,0,450.6
12,6,0,0.0,0.0,0.3,0,0.0
4,5,0,0.0,0.0,0.05,0,0.0
17,0,1,21.44,5.2,0.3,1,238.1
20,3,1,12.69,71.9,0.6,1,377.5
14,5,1,13.1,4.0,0.3,0,443.6
11,2,0,0.0,0.0,0.3,0,0.0
16,6,1,17.2,172.3,0.3,0,542.2
8,2,1,14.13,1.4,0.65,0,787.2
2,0,0,0.0,0.0,0.05,0,0.0
12,6,0,0.0,0.0,0.3,1,0.0
5,3,0,0.0,0.0,0.05,0,0.0
12,0,1,14.76,44.8,0.3,1,333.3
10,0,0,0.0,0.0,0.55,1,0.0
6,0,0,0.0,0.0,0.2,0,0.0
19,3,1,13.23,203.1,0.6,0,94.4
10,4,1,19.15,32.7,0.65,0,531.6
3,4,0,0.0,0.0,0.05,0,0.0
21,1,0,0.0,0.0,0.6,1,0.0
15,3,1,23.64,13.5,0.3,0,360.3
7,5,0,0.0,0.0,0.2,1,0.0
16,3,0,0.0,0.0,0.3,0,0.0
2,4,0,0.0,0.0,0.05,0,0.0
15,6,0,0.0,0.0,0.3,0,0.0
3,3,0,0.0,0.0,0.05,0,0.0
4,5,0,0.0,0.0,0.05,0,0.0
16,1,1,13.97,40.9,0.3,0,211.6
19,3,0,0.0,0.0,0.6,1,0.0
1,2,1,10.64,65.3,0.05,0,497.8
0,3,0,0.0,0.0,0.05,0,0.0
7,6,1,18.68,50.4,0.2,0,159.8
20,3,1,14.82,7.7,0.6,0,284.2
7,5,1,15.43,135.0,0.2,1,197.8
11,3,0,0.0,0.0,0.3,1,0.0
20,2,0,0.0,0.0,0.6,0,0.0
8,0,1,17.49,64.0,0.55,1,50.6
15,3,0,0.0,0.0,0.3,0,0.0
5,2,0,0.0,0.0,0.05,0,0.0
16,3,0,0.0,0.0,0.3,0,0.0
20,3,1,20.12,27.9,0.6,0,469.3
12,1,0,0.0,0.0,0.3,0,0.0
21,1,0,0.0,0.0,0.6,0,0.0
13,3,1,13.08,6.3,0.3,0,504.2
6,3,0,0.0,0.0,0.2,0,0.0
19,5,1,21.71,50.1,0.6,0,388.1
19,2,0,0.0,0.0,0.6,1,0.0
7,3,0,0.0,0.0,0.2,0,0.0
0,6,0,0.0,0.0,0.05,0,0.0
0,0,0,0.0,0.0,0.05,0,0.0
20,1,1,16.0,0.2,0.6,1,709.1
14,2,0,0.0,0.0,0.3,1,0.0
21,3,0,0.0,0.0,0.6,0,0.0
23,5,0,0.0,0.0,0.2,0,0.0
0,1,0,0.0,0.0,0.05,0,0.0
16,4,0,0.0,0.0,0.3,0,0.0
7,4,1,6.0,96.2,0.2,0,682.4
18,3,1,24.45,141.7,0.6,0,115.9
18,6,0,0.0,0.0,0.5,1,0.0
15,2,0,0.0,0.0,0.3,0,0.0
12,1,0,0.0,0.0,0.3,1,0.0
13,3,0,0.0,0.0,0.3,1,0.0
20,0,0,0.0,0.0,0.5,1,0.0
12,0,0,0.0,0.0,0.3,0,0.0
16,6,0,0.0,0.0,0.3,1,0.0
17,3,0,0.0,0.0,0.3,1,0.0
10,4,1,18.66,12.1,0.65,1,284.4
17,2,1,19.29,7.0,0.3,1,440.3
3,0,0,0.0,0.0,0.05,0,0.0
16,6,1,9.93,120.2,0.3,0,560.3
15,3,0,0.0,0.0,0.3,0,0.0
1,6,0,0.0,0.0,0.05,1,0.0
6,0,0,0.0,0.0,0.2,0,0.0
8,6,0,0.0,0.0,0.55,0,0.0
22,2,0,0.0,0.0,0.2,0,0.0
13,1,1,22.61,61.9,0.3,0,77.2
13,1,0,0.0,0.0,0.3,0,0.0
7,2,0,0.0,0.0,0.2,0,0.0
11,1,1,11.7,31.9,0.3,0,857.9
2,4,0,0.0,0.0,0.05,0,0.0
18,3,1,21.03,23.3,0.6,1,588.0
19,1,1,20.65,5.9,0.6,0,209.3
18,4,0,0.0,0.0,0.6,1,0.0
6,4,0,0.0,0.0,0.2,0,0.0
18,2,1,15.41,153.5,0.6,0,42.6
6,0,0,0.0,0.0,0.2,0,0.0
18,6,1,13.17,13.3,0.5,1,340.6
1,0,0,0.0,0.0,0.05,0,0.0
21,3,1,20.73,2.1,0.6,1,487.5
8,6,1,16.84,78.4,0.55,1,126.1
13,1,1,14.33,64.1,0.3,0,596.3
18,2,0,0.0,0.0,0.6,1,0.0
8,2,1,16.89,12.6,0.65,0,680.9
3,3,0,0.0,0.0,0.05,0,0.0
21,6,0,0.0,0.0,0.5,1,0.0
3,6,0,0.0,0.0,0.05,0,0.0
20,0,0,0.0,0.0,0.5,1,0.0
4,1,0,0.0,0.0,0.05,0,0.0
23,3,0,0.0,0.0,0.2,0,0.0
19,3,0,0.0,0.0,0.6,1,0.0
17,6,1,18.98,39.8,0.3,0,155.0
0,1,0,0.0,0.0,0.05,0,0.0
4,4,0,0.0,0.0,0.05,0,0.0
16,2,1,20.37,71.2,0.3,0,193.9
20,2,1,15.42,1.3,0.6,0,684.8
7,0,1,12.53,7.4,0.2,0,637.7
17,4,0,0.0,0.0,0.3,0,0.0
7,2,0,0.0,0.0,0.2,0,0.0
14,5,1,16.36,76.7,0.3,1,74.9
4,1,0,0.0,0.0,0.05,0,0.0
6,3,0,0.0,0.0,0.2,0,0.0
3,2,0,0.0,0.0,0.05,0,0.0
8,1,1,10.86,155.9,0.65,0,650.0
8,0,0,0.0,0.0,0.55,0,0.0
16,0,0,0.0,0.0,0.3,0,0.0
2,4,0,0.0,0.0,0.05,0,0.0
0,0,0,0.0,0.0,0.05,1,0.0
9,6,1,15.31,66.7,0.55,0,840.6
8,0,0,0.0,0.0,0.55,0,0.0
11,4,0,0.0,0.0,0.3,0,0.0
7,2,0,0.0,0.0,0.2,0,0.0
3,0,0,0.0,0.0,0.05,1,0.0
18,2,1,15.64,132.9,0.6,1,294.4
15,1,1,14.28,70.9,0.3,0,879.9
22,1,1,12.49,66.7,0.2,0,505.6
17,5,1,14.03,0.2,0.3,0,563.1
6,1,0,0.0,0.0,0.2,1,0.0
4,5,0,0.0,0.0,0.05,0,0.0
21,1,1,8.87,92.4,0.6,0,881.6
2,3,0,0.0,0.0,0.05,0,0.0
11,2,0,0.0,0.0,0.3,0,0.0
0,0,0,0.0,0.0,0.05,0,0.0
3,6,0,0.0,0.0,0.05,0,0.0
21,0,0,0.0,0.0,0.5,0,0.0
4,2,0,0.0,0.0,0.05,0,0.0
12,6,0,0.0,0.0,0.3,0,0.0
22,1,1,20.88,51.6,0.2,0,625.0
10,1,1,15.61,6.7,0.65,1,167.0
11,1,1,16.04,64.4,0.3,0,245.3
18,1,0,0.0,0.0,0.6,1,0.0
3,5,1,18.16,31.8,0.05,0,178.8
22,1,0,0.0,0.0,0.2,1,0.0
12,4,0,0.0,0.0,0.3,1,0.0
19,0,1,11.35,75.7,0.5,1,814.7
23,2,0,0.0,0.0,0.2,0,0.0
5,6,0,0.0,0.0,0.05,1,0.0
10,3,1,19.24,29.6,0.65,1,427.1
21,2,1,11.59,49.8,0.6,0,932.1
22,1,0,0.0,0.0,0.2,0,0.0
8,4,0,0.0,0.0,0.65,1,0.0
12,6,1,16.26,22.2,0.3,0,453.4
5,4,0,0.0,0.0,0.05,0,0.0
7,2,0,0.0,0.0,0.2,0,0.0
1,2,0,0.0,0.0,0.05,0,0.0
9,3,0,0.0,0.0,0.65,1,0.0
6,6,1,19.79,63.4,0.2,0,187.6
13,4,0,0.0,0.0,0.3,1,0.0
23,4,0,0.0,0.0,0.2,1,0.0
15,4,0,0.0,0.0,0.3,1,0.0
23,1,0,0.0,0.0,0.2,1,0.0
3,3,0,0.0,0.0,0.05,0,0.0
14,2,0,0.0,0.0,0.3,0,0.0
7,4,0,0.0,0.0,0.2,0,0.0
9,4,0,0.0,0.0,0.65,1,0.0
9,4,1,11.47,8.9,0.65,0,596.4
20,5,0,0.0,0.0,0.6,1,0.0
4,6,0,0.0,0.0,0.05,0,0.0
13,1,1,16.06,37.7,0.3,1,338.7
11,5,0,0.0,0.0,0.3,0,0.0
15,5,0,0.0,0.0,0.3,0,0.0
16,1,1,20.17,48.3,0.3,0,467.2
0,2,0,0.0,0.0,0.05,0,0.0
11,0,1,20.63,86.2,0.3,1,337.0
17,5,0,0.0,0.0,0.3,0,0.0
5,1,0,0.0,0.0,0.05,0,0.0
0,4,0,0.0,0.0,0.05,0,0.0
9,4,1,15.51,16.3,0.65,1,336.0
15,0,1,17.3,27.7,0.3,0,495.0
5,3,0,0.0,0.0,0.05,0,0.0
6,4,0,0.0,0.0,0.2,0,0.0
1,4,0,0.0,0.0,0.05,0,0.0
5,5,0,0.0,0.0,0.05,0,0.0
13,1,0,0.0,0.0,0.3,0,0.0
4,0,0,0.0,0.0,0.05,0,0.0
10,5,1,21.89,12.4,0.65,1,315.8
11,2,0,0.0,0.0,0.3,1,0.0
12,5,0,0.0,0.0,0.3,0,0.0
0,6,0,0.0,0.0,0.05,0,0.0
0,3,0,0.0,0.0,0.05,0,0.0
10,3,0,0.0,0.0,0.65,1,0.0
14,6,1,10.32,143.2,0.3,1,976.1
10,4,1,11.88,46.3,0.65,1,739.0
3,3,0,0.0,0.0,0.05,0,0.0
17,0,0,0.0,0.0,0.3,0,0.0
13,6,0,0.0,0.0,0.3,1,0.0
15,4,0,0.0,0.0,0.3,1,0.0
7,6,0,0.0,0.0,0.2,0,0.0
21,5,0,0.0,0.0,0.6,0,0.0
21,2,0,0.0,0.0,0.6,1,0.0
5,0,0,0.0,0.0,0.05,0,0.0
18,5,1,16.59,14.2,0.6,1,386.6
10,2,0,0.0,0.0,0.65,1,0.0
2,6,0,0.0,0.0,0.05,0,0.0
14,5,0,0.0,0.0,0.3,0,0.0
4,3,0,0.0,0.0,0.05,0,0.0
14,2,1,16.19,61.7,0.3,0,173.1
15,5,0,0.0,0.0,0.3,1,0.0
10,0,0,0.0,0.0,0.55,0,0.0
15,0,1,9.35,8.1,0.3,0,741.8
15,1,0,0.0,0.0,0.3,0,0.0
3,5,1,20.39,166.5,0.05,0,51.9
16,5,0,0.0,0.0,0.3,1,0.0
8,5,0,0.0,0.0,0.65,0,0.0
11,4,0,0.0,0.0,0.3,0,0.0
8,6,1,14.48,6.8,0.55,1,339.6
8,4,1,14.88,7.4,0.65,0,466.1
21,3,0,0.0,0.0,0.6,1,0.0
15,2,0,0.0,0.0,0.3,0,0.0
14,2,1,14.96,22.7,0.3,0,312.1
16,1,0,0.0,0.0,0.3,0,0.0
5,2,0,0.0,0.0,0.05,0,0.0
0,0,0,0.0,0.0,0.05,0,0.0
22,2,0,0.0,0.0,0.2,1,0.0
8,5,0,0.0,0.0,0.65,0,0.0
6,2,1,19.75,31.0,0.2,0,181.3
0,6,0,0.0,0.0,0.05,0,0.0
21,3,0,0.0,0.0,0.6,0,0.0
12,2,1,14.12,0.6,0.3,1,359.3
13,1,0,0.0,0.0,0.3,1,0.0
5,3,0,0.0,0.0,0.05,1,0.0
23,5,0,0.0,0.0,0.2,0,0.0
6,4,1,12.84,130.8,0.2,1,472.1
8,0,0,0.0,0.0,0.55,0,0.0
6,0,0,0.0,0.0,0.2,0,0.0
7,1,0,0.0,0.0,0.2,0,0.0
2,4,0,0.0,0.0,0.05,0,0.0
6,4,0,0.0,0.0,0.2,1,0.0
1,1,0,0.0,0.0,0.05,1,0.0
3,6,0,0.0,0.0,0.05,0,0.0
0,1,0,0.0,0.0,0.05,0,0.0
11,4,1,16.34,4.2,0.3,0,852.0
8,1,1,13.77,24.1,0.65,0,809.9
3,0,0,0.0,0.0,0.05,0,0.0
11,1,0,0.0,0.0,0.3,0,0.0
16,4,0,0.0,0.0,0.3,0,0.0
13,6,0,0.0,0.0,0.3,0,0.0
0,3,0,0.0,0.0,0.05,0,0.0
17,0,0,0.0,0.0,0.3,0,0.0
8,0,0,0.0,0.0,0.55,0,0.0
16,3,1,18.51,4.1,0.3,0,376.8
12,4,0,0.0,0.0,0.3,0,0.0
16,2,0,0.0,0.0,0.3,0,0.0
3,4,1,6.28,32.1,0.05,0,1617.8
8,3,0,0.0,0.0,0.65,1,0.0
17,2,0,0.0,0.0,0.3,1,0.0
13,1,0,0.0,0.0,0.3,0,0.0
6,1,0,0.0,0.0,0.2,0,0.0
8,4,0,0.0,0.0,0.65,1,0.0
10,3,1,20.35,26.4,0.65,1,537.9
22,3,0,0.0,0.0,0.2,1,0.0
7,3,1,10.46,25.4,0.2,0,335.9
5,6,0,0.0,0.0,0.05,1,0.0
9,4,1,16.39,38.4,0.65,1,65.5
6,1,0,0.0,0.0,0.2,0,0.0
18,6,0,0.0,0.0,0.5,0,0.0
0,0,0,0.0,0.0,0.05,0,0.0
12,0,0,0.0,0.0,0.3,0,0.0
10,3,1,18.88,17.3,0.65,0,713.5
12,1,0,0.0,0.0,0.3,1,0.0
1,4,0,0.0,0.0,0.05,0,0.0
7,2,0,0.0,0.0,0.2,0,0.0
15,0,1,14.37,23.2,0.3,0,635.3
2,6,0,0.0,0.0,0.05,0,0.0
11,6,0,0.0,0.0,0.3,0,0.0
17,5,1,14.56,55.8,0.3,0,346.4
1,6,1,13.12,44.8,0.05,0,258.4
2,0,0,0.0,0.0,0.05,0,0.0
11,6,0,0.0,0.0,0.3,0,0.0
20,4,1,13.46,116.7,0.6,0,370.4
15,2,1,18.58,3.3,0.3,1,363.9
19,3,1,10.66,5.0,0.6,0,1159.3
9,2,1,23.39,95.3,0.65,1,228.0
2,5,0,0.0,0.0,0.05,0,0.0
14,1,1,13.78,5.7,0.3,1,746.0
1,2,0,0.0,0.0,0.05,0,0.0
4,1,0,0.0,0.0,0.05,0,0.0
19,5,0,0.0,0.0,0.6,1,0.0
9,1,1,11.95,11.5,0.65,1,266.8
13,0,0,0.0,0.0,0.3,1,0.0
23,3,0,0.0,0.0,0.2,0,0.0
20,3,1,9.2,102.2,0.6,0,776.4
4,1,0,0.0,0.0,0.05,0,0.0
22,6,0,0.0,0.0,0.2,0,0.0
15,4,1,17.09,102.0,0.3,0,494.1
23,2,1,13.14,0.9,0.2,0,627.5
4,1,0,0.0,0.0,0.05,0,0.0
0,5,0,0.0,0.0,0.05,0,0.0
14,2,1,18.15,50.5,0.3,0,314.2
5,0,0,0.0,0.0,0.05,0,0.0
11,4,0,0.0,0.0,0.3,0,0.0
1,0,0,0.0,0.0,0.05,0,0.0
13,4,1,19.57,94.3,0.3,0,327.1
1,0,0,0.0,0.0,0.05,0,0.0
14,2,0,0.0,0.0,0.3,0,0.0
21,5,1,16.65,1.8,0.6,1,202.5
22,1,0,0.0,0.0,0.2,0,0.0
5,0,0,0.0,0.0,0.05,0,0.0
13,1,0,0.0,0.0,0.3,0,0.0
21,4,1,17.43,10.2,0.6,1,284.9
15,0,0,0.0,0.0,0.3,0,0.0
15,5,0,0.0,0.0,0.3,0,0.0
2,6,0,0.0,0.0,0.05,0,0.0
22,3,1,23.54,160.9,0.2,0,0.0
11,2,0,0.0,0.0,0.3,1,0.0
17,5,0,0.0,0.0,0.3,1,0.0
6,3,0,0.0,0.0,0.2,0,0.0
13,6,0,0.0,0.0,0.3,0,0.0
4,5,0,0.0,0.0,0.05,0,0.0
3,6,0,0.0,0.0,0.05,0,0.0
3,6,0,0.0,0.0,0.05,0,0.0
1,4,0,0.0,0.0,0.05,0,0.0
5,2,0,0.0,0.0,0.05,0,0.0
9,0,1,18.61,12.4,0.55,0,252.1
21,6,1,19.36,31.2,0.5,0,202.2
22,0,0,0.0,0.0,0.2,0,0.0
20,6,0,0.0,0.0,0.5,0,0.0
22,1,0,0.0,0.0,0.2,0,0.0
0,4,0,0.0,0.0,0.05,0,0.0
15,5,0,0.0,0.0,0.3,0,0.0
13,0,1,20.57,33.2,0.3,0,149.8
14,2,1,12.07,25.7,0.3,1,1186.4
20,1,1,16.72,95.3,0.6,0,131.5
10,4,0,0.0,0.0,0.65,1,0.0
8,5,1,23.4,0.8,0.65,1,279.1
19,2,1,13.13,5.5,0.6,0,655.3
2,4,0,0.0,0.0,0.05,0,0.0
13,4,0,0.0,0.0,0.3,1,0.0
16,2,1,15.98,36.6,0.3,1,314.3
4,3,0,0.0,0.0,0.05,0,0.0
17,4,1,20.57,35.0,0.3,1,391.2
7,3,0,0.0,0.0,0.2,0,0.0
5,3,0,0.0,0.0,0.05,0,0.0
3,4,0,0.0,0.0,0.05,0,0.0
13,3,0,0.0,0.0,0.3,0,0.0
13,2,1,13.89,15.5,0.3,0,703.7
2,2,0,0.0,0.0,0.05,0,0.0
3,6,1,10.38,7.7,0.05,0,1325.3
18,5,0,0.0,0.0,0.6,1,0.0
1,6,0,0.0,0.0,0.05,0,0.0
19,2,0,0.0,0.0,0.6,1,0.0
12,4,0,0.0,0.0,0.3,0,0.0
17,0,0,0.0,0.0,0.3,0,0.0
15,1,0,0.0,0.0,0.3,1,0.0
15,5,1,13.67,10.7,0.3,0,1057.7
20,2,1,19.23,4.9,0.6,0,659.6
16,1,0,0.0,0.0,0.3,0,0.0
22,2,1,16.01,0.7,0.2,0,218.2
11,0,1,18.8,6.0,0.3,1,242.7
17,6,1,9.99,4.1,0.3,0,956.6
11,2,1,15.05,17.4,0.3,1,191.8
16,4,1,14.39,11.1,0.3,0,153.6
10,6,0,0.0,0.0,0.55,1,0.0
22,3,0,0.0,0.0,0.2,0,0.0
4,5,0,0.0,0.0,0.05,0,0.0
22,0,1,17.18,14.5,0.2,0,227.0
9,1,1,18.58,213.5,0.65,1,364.3
19,4,1,18.5,29.6,0.6,1,236.5
16,2,0,0.0,0.0,0.3,0,0.0
12,2,0,0.0,0.0,0.3,0,0.0
21,5,1,16.12,159.2,0.6,1,348.9
4,3,0,0.0,0.0,0.05,0,0.0
17,2,0,0.0,0.0,0.3,0,0.0
16,2,0,0.0,0.0,0.3,0,0.0
11,3,0,0.0,0.0,0.3,0,0.0
11,1,0,0.0,0.0,0.3,1,0.0
8,5,1,16.4,70.2,0.65,1,316.6
22,0,0,0.0,0.0,0.2,0,0.0
2,2,0,0.0,0.0,0.05,0,0.0
5,3,0,0.0,0.0,0.05,0,0.0
12,6,0,0.0,0.0,0.3,0,0.0
22,0,0,0.0,0.0,0.2,0,0.0
7,4,1,18.42,48.7,0.2,0,497.8
23,6,0,0.0,0.0,0.2,0,0.0
14,5,0,0.0,0.0,0.3,1,0.0
22,1,0,0.0,0.0,0.2,0,0.0
18,5,1,18.88,1.2,0.6,1,545.9
1,4,0,0.0,0.0,0.05,0,0.0
1,3,0,0.0,0.0,0.05,0,0.0
21,5,1,11.36,14.7,0.6,1,192.4
0,6,0,0.0,0.0,0.05,0,0.0
6,0,0,0.0,0.0,0.2,0,0.0
20,6,0,0.0,0.0,0.5,1,0.0
16,3,0,0.0,0.0,0.3,0,0.0
2,0,0,0.0,0.0,0.05,0,0.0
20,2,1,15.43,17.2,0.6,1,443.1
10,5,1,17.6,96.0,0.65,0,323.8
22,5,0,0.0,0.0,0.2,0,0.0
21,5,1,16.2,12.4,0.6,1,250.6
22,1,0,0.0,0.0,0.2,0,0.0
9,1,1,12.59,23.7,0.65,0,552.9
0,2,0,0.0,0.0,0.05,0,0.0
17,5,1,12.22,16.6,0.3,0,722.4
3,0,0,0.0,0.0,0.05,0,0.0
10,4,1,17.29,59.2,0.65,1,39.1
23,2,0,0.0,0.0,0.2,0,0.0
9,3,1,15.03,107.2,0.65,0,764.8
16,6,0,0.0,0.0,0.3,0,0.0
18,6,1,19.52,18.3,0.5,1,226.3
23,3,1,14.03,67.0,0.2,0,554.4
2,3,0,0.0,0.0,0.05,0,0.0
22,6,1,17.84,100.5,0.2,0,301.1
13,2,1,10.38,9.5,0.3,0,706.4
5,5,0,0.0,0.0,0.05,0,0.0
12,0,0,0.0,0.0,0.3,0,0.0
12,1,0,0.0,0.0,0.3,1,0.0
9,6,0,0.0,0.0,0.55,1,0.0
13,1,0,0.0,0.0,0.3,1,0.0
2,1,1,18.54,17.1,0.05,0,522.6
4,6,0,0.0,0.0,0.05,0,0.0
2,0,0,0.0,0.0,0.05,0,0.0
20,4,0,0.0,0.0,0.6,1,0.0
14,5,1,13.01,24.0,0.3,0,331.2
18,2,1,19.13,7.1,0.6,0,227.5
14,2,0,0.0,0.0,0.3,0,0.0
10,2,1,21.62,16.7,0.65,0,430.4
22,5,0,0.0,0.0,0.2,0,0.0
7,4,0,0.0,0.0,0.2,1,0.0
6,3,0,0.0,0.0,0.2,1,0.0
21,5,1,14.26,208.7,0.6,0,212.7
9,6,1,17.19,16.5,0.55,1,308.9
23,1,1,19.63,49.9,0.2,0,218.9
7,4,1,14.43,74.3,0.2,0,627.9
19,0,1,20.43,89.0,0.5,0,137.7
17,1,0,0.0,0.0,0.3,0,0.0
22,5,0,0.0,0.0,0.2,0,0.0
13,0,0,0.0,0.0,0.3,1,0.0
22,3,0,0.0,0.0,0.2,0,0.0
12,1,0,0.0,0.0,0.3,1,0.0
14,4,1,8.87,47.8,0.3,0,632.7
18,0,1,15.13,89.3,0.5,1,58.1
19,4,0,0.0,0.0,0.6,1,0.0
10,1,0,0.0,0.0,0.65,1,0.0
4,5,0,0.0,0.0,0.05,0,0.0
11,5,1,14.69,83.5,0.3,0,528.2
14,6,1,16.44,34.7,0.3,0,203.4
14,6,0,0.0,0.0,0.3,1,0.0
14,5,0,0.0,0.0,0.3,0,0.0
0,2,0,0.0,0.0,0.05,0,0.0
15,5,0,0.0,0.0,0.3,0,0.0
12,4,0,0.0,0.0,0.3,1,0.0
13,5,1,19.46,26.0,0.3,1,193.2
20,4,0,0.0,0.0,0.6,1,0.0
0,0,0,0.0,0.0,0.05,0,0.0
19,5,1,20.83,58.0,0.6,1,471.7
0,5,0,0.0,0.0,0.05,0,0.0
9,3,1,18.37,41.2,0.65,0,608.9
5,5,0,0.0,0.0,0.05,0,0.0
4,1,0,0.0,0.0,0.05,0,0.0
10,6,0,0.0,0.0,0.55,1,0.0
3,5,0,0.0,0.0,0.05,0,0.0
0,3,0,0.0,0.0,0.05,0,0.0
17,6,0,0.0,0.0,0.3,0,0.0
3,5,0,0.0,0.0,0.05,0,0.0
1,3,0,0.0,0.0,0.05,0,0.0
19,1,1,14.51,11.8,0.6,0,255.0
20,2,1,12.02,1.0,0.6,0,953.8
4,1,0,0.0,0.0,0.05,0,0.0
7,5,0,0.0,0.0,0.2,0,0.0
15,0,0,0.0,0.0,0.3,0,0.0
21,0,0,0.0,0.0,0.5,0,0.0
3,5,0,0.0,0.0,0.05,0,0.0
13,5,0,0.0,0.0,0.3,0,0.0
17,3,0,0.0,0.0,0.3,0,0.0
11,1,0,0.0,0.0,0.3,0,0.0
23,2,0,0.0,0.0,0.2,0,0.0
17,3,0,0.0,0.0,0.3,1,0.0
12,1,1,15.34,22.0,0.3,0,393.8
12,1,0,0.0,0.0,0.3,0,0.0
18,1,1,19.29,11.1,0.6,0,268.0
14,1,0,0.0,0.0,0.3,0,0.0
9,4,1,16.07,35.3,0.65,0,469.6
1,1,0,0.0,0.0,0.05,0,0.0
19,2,1,14.75,99.9,0.6,0,388.8
23,5,0,0.0,0.0,0.2,0,0.0
16,2,0,0.0,0.0,0.3,1,0.0
9,4,0,0.0,0.0,0.65,1,0.0
14,3,1,12.05,4.8,0.3,0,883.5
20,5,1,14.59,3.2,0.6,0,277.6
19,1,0,0.0,0.0,0.6,1,0.0
1,2,0,0.0,0.0,0.05,0,0.0
17,1,0,0.0,0.0,0.3,0,0.0
11,0,1,15.72,33.1,0.3,0,432.2
13,0,1,8.55,108.9,0.3,0,277.1
6,6,1,15.89,49.4,0.2,0,150.1
13,4,1,12.72,19.7,0.3,0,379.0
4,2,0,0.0,0.0,0.05,0,0.0
0,0,1,7.03,39.0,0.05,1,685.6
10,6,0,0.0,0.0,0.55,1,0.0
9,6,1,14.03,37.1,0.55,1,337.9
8,6,1,21.58,2.1,0.55,1,306.3
11,6,0,0.0,0.0,0.3,1,0.0
19,3,1,18.46,7.9,0.6,1,778.5
1,5,0,0.0,0.0,0.05,0,0.0
23,4,1,16.54,52.8,0.2,0,428.8
23,2,0,0.0,0.0,0.2,0,0.0
0,2,0,0.0,0.0,0.05,0,0.0
1,2,0,0.0,0.0,0.05,0,0.0
4,4,0,0.0,0.0,0.05,0,0.0
14,5,1,18.65,90.8,0.3,0,457.1
2,4,0,0.0,0.0,0.05,0,0.0
13,4,0,0.0,0.0,0.3,0,0.0
17,2,0,0.0,0.0,0.3,0,0.0
0,0,0,0.0,0.0,0.05,0,0.0
22,6,0,0.0,0.0,0.2,0,0.0
3,1,0,0.0,0.0,0.05,1,0.0
7,3,0,0.0,0.0,0.2,0,0.0
8,6,0,0.0,0.0,0.55,0,0.0
10,0,1,16.82,6.5,0.55,1,313.1
12,3,1,17.79,18.3,0.3,1,298.1
21,2,1,14.37,24.3,0.6,1,166.0
8,2,0,0.0,0.0,0.65,1,0.0
14,1,1,10.08,8.3,0.3,0,312.0
4,6,0,0.0,0.0,0.05,0,0.0
20,3,1,16.79,76.0,0.6,0,261.2
3,0,0,0.0,0.0,0.05,0,0.0
9,4,1,26.91,14.3,0.65,0,356.1
20,3,1,10.55,79.8,0.6,0,338.4
5,3,0,0.0,0.0,0.05,0,0.0
8,5,1,19.54,49.0,0.65,0,37.2
4,5,0,0.0,0.0,0.05,0,0.0
15,6,0,0.0,0.0,0.3,0,0.0
8,2,1,17.18,13.3,0.65,0,283.6
7,5,1,20.88,23.4,0.2,0,177.0
6,4,1,15.54,92.7,0.2,0,208.2
9,3,1,12.95,36.5,0.65,1,437.3
17,5,1,21.81,58.9,0.3,0,231.4
5,6,0,0.0,0.0,0.05,0,0.0
22,1,0,0.0,0.0,0.2,0,0.0
16,2,0,0.0,0.0,0.3,0,0.0
4,1,0,0.0,0.0,0.05,0,0.0
0,6,0,0.0,0.0,0.05,0,0.0
21,3,1,16.65,26.7,0.6,0,463.7
15,1,0,0.0,0.0,0.3,1,0.0
15,4,0,0.0,0.0,0.3,0,0.0
6,6,0,0.0,0.0,0.2,0,0.0
7,1,1,21.15,8.3,0.2,0,138.3
18,2,0,0.0,0.0,0.6,1,0.0
21,6,1,20.56,68.6,0.5,0,221.1
21,6,0,0.0,0.0,0.5,1,0.0
15,5,1,12.19,14.9,0.3,0,350.7
3,0,0,0.0,0.0,0.05,0,0.0
10,5,1,18.86,0.1,0.65,1,436.7
23,4,0,0.0,0.0,0.2,0,0.0
14,3,0,0.0,0.0,0.3,0,0.0
14,1,1,14.37,153.1,0.3,0,268.6
16,1,0,0.0,0.0,0.3,0,0.0
4,1,0,0.0,0.0,0.05,0,0.0
20,4,0,0.0,0.0,0.6,1,0.0
17,3,0,0.0,0.0,0.3,1,0.0
5,1,0,0.0,0.0,0.05,0,0.0
11,0,1,18.67,34.2,0.3,0,610.6
17,4,0,0.0,0.0,0.3,0,0.0
6,0,0,0.0,0.0,0.2,0,0.0
11,1,0,0.0,0.0,0.3,0,0.0
8,1,1,10.21,4.2,0.65,1,222.3
8,2,1,11.92,11.4,0.65,1,941.1
3,4,0,0.0,0.0,0.05,0,0.0
11,0,1,15.21,25.3,0.3,0,130.6
20,3,1,17.97,97.0,0.6,1,457.6
13,6,0,0.0,0.0,0.3,1,0.0
12,5,0,0.0,0.0,0.3,1,0.0
15,6,0,0.0,0.0,0.3,0,0.0
23,6,0,0.0,0.0,0.2,1,0.0
18,2,1,19.82,5.0,0.6,0,379.1
7,0,0,0.0,0.0,0.2,0,0.0
17,4,0,0.0,0.0,0.3,0,0.0
11,4,1,14.1,114.8,0.3,0,126.8
4,5,0,0.0,0.0,0.05,0,0.0
21,5,0,0.0,0.0,0.6,1,0.0
2,6,0,0.0,0.0,0.05,0,0.0
14,6,0,0.0,0.0,0.3,0,0.0
22,5,0,0.0,0.0,0.2,0,0.0
5,4,0,0.0,0.0,0.05,0,0.0
9,0,1,15.61,4.1,0.55,0,351.0
0,0,0,0.0,0.0,0.05,0,0.0
11,6,0,0.0,0.0,0.3,1,0.0
14,6,0,0.0,0.0,0.3,0,0.0
13,1,0,0.0,0.0,0.3,0,0.0
21,3,1,11.67,94.3,0.6,0,1131.9
21,4,1,15.03,3.1,0.6,0,386.4
13,5,1,18.23,58.5,0.3,1,264.0
1,3,1,10.34,27.3,0.05,0,638.1
4,6,0,0.0,0.0,0.05,0,0.0
22,3,1,20.23,104.4,0.2,0,580.2
8,1,1,9.46,7.8,0.65,0,948.3
5,3,0,0.0,0.0,0.05,0,0.0
5,3,0,0.0,0.0,0.05,0,0.0
2,6,0,0.0,0.0,0.05,0,0.0
5,4,0,0.0,0.0,0.05,0,0.0
4,6,0,0.0,0.0,0.05,0,0.0
6,2,0,0.0,0.0,0.2,0,0.0
1,0,0,0.0,0.0,0.05,0,0.0
7,0,0,0.0,0.0,0.2,0,0.0
7,2,0,0.0,0.0,0.2,0,0.0
4,6,0,0.0,0.0,0.05,1,0.0
21,2,0,0.0,0.0,0.6,1,0.0
6,6,0,0.0,0.0,0.2,0,0.0
7,3,0,0.0,0.0,0.2,0,0.0
12,6,1,12.97,4.0,0.3,0,128.6
10,0,1,22.46,0.5,0.55,1,101.1
3,5,1,15.6,12.7,0.05,0,435.0
6,2,0,0.0,0.0,0.2,0,0.0
10,2,1,13.26,1.0,0.65,0,301.7
12,1,1,24.93,10.0,0.3,1,186.0
7,1,0,0.0,0.0,0.2,1,0.0
4,2,0,0.0,0.0,0.05,0,0.0
4,6,0,0.0,0.0,0.05,0,0.0
4,6,1,14.59,7.3,0.05,0,658.1
21,6,1,18.01,12.0,0.5,1,371.6
1,5,0,0.0,0.0,0.05,0,0.0
10,4,0,0.0,0.0,0.65,1,0.0
2,2,0,0.0,0.0,0.05,0,0.0
14,2,0,0.0,0.0,0.3,0,0.0
10,5,0,0.0,0.0,0.65,1,0.0
17,6,1,17.8,9.5,0.3,0,251.3
11,6,0,0.0,0.0,0.3,1,0.0
22,6,0,0.0,0.0,0.2,0,0.0
20,3,1,16.65,34.5,0.6,0,450.3
20,4,1,14.87,30.4,0.6,0,554.2
8,1,1,15.25,19.2,0.65,0,496.7
3,5,0,0.0,0.0,0.05,0,0.0
18,1,0,0.0,0.0,0.6,1,0.0
11,2,0,0.0,0.0,0.3,0,0.0
7,6,0,0.0,0.0,0.2,0,0.0
10,5,1,17.63,114.7,0.65,0,271.6
6,3,1,16.98,1.0,0.2,0,240.9
18,6,1,20.22,64.1,0.5,0,154.0
23,4,0,0.0,0.0,0.2,0,0.0
8,6,0,0.0,0.0,0.55,0,0.0
22,1,0,0.0,0.0,0.2,0,0.0
9,3,1,15.15,52.7,0.65,0,218.3
15,2,1,15.09,65.5,0.3,1,163.1
15,4,1,14.53,16.4,0.3,0,350.4
16,1,0,0.0,0.0,0.3,0,0.0
17,0,1,20.49,8.0,0.3,0,203.3
7,0,0,0.0,0.0,0.2,1,0.0
2,0,0,0.0,0.0,0.05,0,0.0
3,3,0,0.0,0.0,0.05,0,0.0
1,4,0,0.0,0.0,0.05,0,0.0
6,2,1,15.48,56.1,0.2,0,112.0
18,4,1,28.86,2.4,0.6,0,249.0
10,2,0,0.0,0.0,0.65,1,0.0
4,5,0,0.0,0.0,0.05,0,0.0
23,1,0,0.0,0.0,0.2,0,0.0
18,6,1,11.88,141.4,0.5,1,787.4
21,2,1,13.74,25.6,0.6,1,547.6
15,0,0,0.0,0.0,0.3,1,0.0
10,3,1,16.85,6.0,0.65,0,204.4
1,1,0,0.0,0.0,0.05,0,0.0
7,5,1,21.21,64.1,0.2,0,436.9
20,4,1,14.38,48.3,0.6,0,306.2
22,3,1,15.63,12.8,0.2,0,123.4
13,4,1,17.99,2.5,0.3,0,465.7
20,0,0,0.0,0.0,0.5,0,0.0
22,3,0,0.0,0.0,0.2,0,0.0
3,3,0,0.0,0.0,0.05,0,0.0
7,3,0,0.0,0.0,0.2,1,0.0
4,4,0,0.0,0.0,0.05,0,0.0
2,4,0,0.0,0.0,0.05,0,0.0
9,3,1,11.37,35.7,0.65,1,226.7
8,0,0,0.0,0.0,0.55,1,0.0
18,1,0,0.0,0.0,0.6,1,0.0
0,6,0,0.0,0.0,0.05,0,0.0
6,5,0,0.0,0.0,0.2,1,0.0
21,2,1,16.03,22.1,0.6,1,215.4
4,1,0,0.0,0.0,0.05,0,0.0
6,0,0,0.0,0.0,0.2,1,0.0
12,0,0,0.0,0.0,0.3,0,0.0
7,1,1,15.29,33.8,0.2,0,358.8
1,3,0,0.0,0.0,0.05,0,0.0
4,2,0,0.0,0.0,0.05,0,0.0
13,5,0,0.0,0.0,0.3,0,0.0
8,6,0,0.0,0.0,0.55,1,0.0
21,4,0,0.0,0.0,0.6,1,0.0
16,4,0,0.0,0.0,0.3,1,0.0
5,3,0,0.0,0.0,0.05,0,0.0
8,6,1,7.08,113.8,0.55,0,499.6
6,2,0,0.0,0.0,0.2,0,0.0
15,6,1,14.94,54.4,0.3,0,252.1
10,1,1,19.26,31.8,0.65,1,588.1
14,3,1,6.79,6.5,0.3,1,560.2
0,6,0,0.0,0.0,0.05,0,0.0
16,4,1,21.51,109.6,0.3,0,428.3
8,2,0,0.0,0.0,0.65,1,0.0
18,5,0,0.0,0.0,0.6,0,0.0
9,0,1,12.79,230.3,0.55,0,585.6
10,5,0,0.0,0.0,0.65,1,0.0
20,0,0,0.0,0.0,0.5,0,0.0
17,5,0,0.0,0.0,0.3,1,0.0
12,0,0,0.0,0.0,0.3,1,0.0
20,4,0,0.0,0.0,0.6,1,0.0
23,4,0,0.0,0.0,0.2,1,0.0
23,1,0,0.0,0.0,0.2,1,0.0
1,2,0,0.0,0.0,0.05,0,0.0
10,1,1,12.97,4.5,0.65,1,529.7
23,1,0,0.0,0.0,0.2,1,0.0
9,1,0,0.0,0.0,0.65,1,0.0
22,1,0,0.0,0.0,0.2,1,0.0
20,2,1,17.11,58.8,0.6,1,268.3
14,0,0,0.0,0.0,0.3,1,0.0
8,6,0,0.0,0.0,0.55,0,0.0
2,5,0,0.0,0.0,0.05,0,0.0
22,0,0,0.0,0.0,0.2,0,0.0
21,1,0,0.0,0.0,0.6,0,0.0
19,3,0,0.0,0.0,0.6,1,0.0
14,0,0,0.0,0.0,0.3,1,0.0
8,2,1,10.55,4.4,0.65,1,806.1
21,5,1,18.68,127.9,0.6,1,157.9
23,0,1,15.4,181.4,0.2,0,47.2
4,6,0,0.0,0.0,0.05,0,0.0
11,3,1,20.64,42.3,0.3,0,274.4
13,0,0,0.0,0.0,0.3,0,0.0
22,1,0,0.0,0.0,0.2,0,0.0
4,1,0,0.0,0.0,0.05,0,0.0
1,1,0,0.0,0.0,0.05,0,0.0
22,4,0,0.0,0.0,0.2,1,0.0
4,0,0,0.0,0.0,0.05,0,0.0
2,6,0,0.0,0.0,0.05,0,0.0
2,6,0,0.0,0.0,0.05,0,0.0
8,3,1,20.67,5.6,0.65,1,232.2
4,2,0,0.0,0.0,0.05,0,0.0
2,1,0,0.0,0.0,0.05,0,0.0
5,1,0,0.0,0.0,0.05,0,0.0
23,4,0,0.0,0.0,0.2,0,0.0
4,2,0,0.0,0.0,0.05,0,0.0
1,5,0,0.0,0.0,0.05,0,0.0
16,3,0,0.0,0.0,0.3,1,0.0
15,1,1,17.92,69.8,0.3,0,680.4
20,0,0,0.0,0.0,0.5,1,0.0
0,0,0,0.0,0.0,0.05,0,0.0
15,0,0,0.0,0.0,0.3,0,0.0
14,6,0,0.0,0.0,0.3,0,0.0
0,6,0,0.0,0.0,0.05,0,0.0
3,6,0,0.0,0.0,0.05,0,0.0
13,5,0,0.0,0.0,0.3,1,0.0
8,1,1,10.72,12.0,0.65,0,155.9
19,3,1,19.95,25.0,0.6,0,286.0
2,1,0,0.0,0.0,0.05,0,0.0
17,6,1,17.61,41.4,0.3,0,385.0
2,3,0,0.0,0.0,0.05,1,0.0
8,4,1,18.22,165.1,0.65,1,72.6
8,3,1,13.92,18.1,0.65,1,465.4
7,3,1,21.59,25.7,0.2,0,123.5
3,0,0,0.0,0.0,0.05,0,0.0
3,6,0,0.0,0.0,0.05,0,0.0
23,3,1,20.32,1.2,0.2,0,441.4
8,3,1,7.36,60.8,0.65,1,751.9
21,0,0,0.0,0.0,0.5,1,0.0
17,6,1,15.29,82.3,0.3,0,278.5
16,0,1,13.71,53.1,0.3,0,457.7
19,3,1,14.9,30.7,0.6,1,344.6
8,1,0,0.0,0.0,0.65,1,0.0
22,4,0,0.0,0.0,0.2,1,0.0
16,2,1,15.88,108.9,0.3,0,424.3
21,6,0,0.0,0.0,0.5,1,0.0
18,5,0,0.0,0.0,0.6,0,0.0
19,4,1,22.98,117.8,0.6,0,162.2
1,0,0,0.0,0.0,0.05,0,0.0
1,1,0,0.0,0.0,0.05,0,0.0
14,1,1,9.9,11.6,0.3,0,568.4
19,2,1,19.75,58.3,0.6,1,309.6
18,6,0,0.0,0.0,0.5,1,0.0
19,3,1,17.74,93.9,0.6,0,540.5
18,6,0,0.0,0.0,0.5,0,0.0
19,6,1,15.45,30.2,0.5,0,307.4
4,4,0,0.0,0.0,0.05,0,0.0
11,5,0,0.0,0.0,0.3,0,0.0
4,2,0,0.0,0.0,0.05,0,0.0
16,5,0,0.0,0.0,0.3,0,0.0
1,5,0,0.0,0.0,0.05,0,0.0
11,1,0,0.0,0.0,0.3,0,0.0
5,5,0,0.0,0.0,0.05,0,0.0
23,4,0,0.0,0.0,0.2,0,0.0
23,4,0,0.0,0.0,0.2,0,0.0
2,4,0,0.0,0.0,0.05,0,0.0
16,0,0,0.0,0.0,0.3,0,0.0
16,5,0,0.0,0.0,0.3,1,0.0
11,2,1,21.12,25.8,0.3,0,305.0
20,2,1,21.05,32.7,0.6,1,162.4
17,3,1,13.26,4.1,0.3,0,327.5
6,2,0,0.0,0.0,0.2,0,0.0
17,3,1,9.91,18.9,0.3,0,267.4
22,0,0,0.0,0.0,0.2,0,0.0
16,0,0,0.0,0.0,0.3,0,0.0
15,6,0,0.0,0.0,0.3,0,0.0
22,0,0,0.0,0.0,0.2,0,0.0
1,5,0,0.0,0.0,0.05,0,0.0
10,0,0,0.0,0.0,0.55,1,0.0
10,6,0,0.0,0.0,0.55,1,0.0
8,4,1,18.13,61.8,0.65,1,198.8
17,3,1,18.66,50.3,0.3,0,245.0
5,0,0,0.0,0.0,0.05,0,0.0
0,1,0,0.0,0.0,0.05,0,0.0
23,4,0,0.0,0.0,0.2,1,0.0
3,3,0,0.0,0.0,0.05,0,0.0
6,4,0,0.0,0.0,0.2,0,0.0
19,0,0,0.0,0.0,0.5,0,0.0
0,2,0,0.0,0.0,0.05,0,0.0
15,1,0,0.0,0.0,0.3,0,0.0
13,0,1,15.2,137.5,0.3,0,723.4
6,5,0,0.0,0.0,0.2,0,0.0
10,0,1,12.95,16.2,0.55,0,589.5
11,1,0,0.0,0.0,0.3,0,0.0
14,5,0,0.0,0.0,0.3,0,0.0
4,0,0,0.0,0.0,0.05,0,0.0
18,3,1,19.67,106.9,0.6,0,301.1
22,0,1,15.86,25.5,0.2,0,414.9
14,0,0,0.0,0.0,0.3,0,0.0
14,6,1,21.69,4.6,0.3,0,311.3
0,0,0,0.0,0.0,0.05,0,0.0
15,4,0,0.0,0.0,0.3,0,0.0
16,5,0,0.0,0.0,0.3,1,0.0
14,0,0,0.0,0.0,0.3,1,0.0
18,6,0,0.0,0.0,0.5,1,0.0
11,3,0,0.0,0.0,0.3,0,0.0
10,1,1,12.66,11.6,0.65,0,441.5
9,3,1,11.04,7.7,0.65,1,191.9
7,3,1,14.39,113.9,0.2,0,404.0
11,5,0,0.0,0.0,0.3,0,0.0
10,1,1,16.85,21.4,0.65,0,789.5
8,1,0,0.0,0.0,0.65,1,0.0
9,0,1,19.45,12.6,0.55,0,188.9
15,6,0,0.0,0.0,0.3,1,0.0
21,0,1,15.55,24.0,0.5,0,125.8
19,3,1,14.33,74.9,0.6,0,414.8
2,0,0,0.0,0.0,0.05,0,0.0
4,3,0,0.0,0.0,0.05,0,0.0
1,2,0,0.0,0.0,0.05,0,0.0
21,3,0,0.0,0.0,0.6,1,0.0
7,5,0,0.0,0.0,0.2,1,0.0
6,0,0,0.0,0.0,0.2,1,0.0
19,6,1,16.89,22.8,0.5,0,205.2
18,5,1,17.84,16.5,0.6,0,667.8
17,2,0,0.0,0.0,0.3,0,0.0
6,6,0,0.0,0.0,0.2,0,0.0
13,1,0,0.0,0.0,0.3,0,0.0
22,4,0,0.0,0.0,0.2,1,0.0
4,2,0,0.0,0.0,0.05,1,0.0
12,6,1,11.71,149.5,0.3,0,184.9
11,5,1,11.51,123.4,0.3,0,433.0
5,4,1,14.82,9.9,0.05,0,467.9
9,4,0,0.0,0.0,0.65,1,0.0
19,4,0,0.0,0.0,0.6,1,0.0
0,2,0,0.0,0.0,0.05,0,0.0
6,4,0,0.0,0.0,0.2,0,0.0
11,4,1,18.77,11.8,0.3,0,605.0
11,0,0,0.0,0.0,0.3,0,0.0
2,4,1,11.28,32.9,0.05,0,237.7
18,3,1,8.1,38.8,0.6,1,523.6
22,5,0,0.0,0.0,0.2,0,0.0
8,6,0,0.0,0.0,0.55,0,0.0
12,3,0,0.0,0.0,0.3,1,0.0
14,5,0,0.0,0.0,0.3,0,0.0
5,3,0,0.0,0.0,0.05,0,0.0
14,2,1,15.2,56.6,0.3,0,145.0
3,0,0,0.0,0.0,0.05,0,0.0
15,4,0,0.0,0.0,0.3,1,0.0
16,1,0,0.0,0.0,0.3,0,0.0
12,3,0,0.0,0.0,0.3,0,0.0
12,0,0,0.0,0.0,0.3,1,0.0
4,0,0,0.0,0.0,0.05,0,0.0
22,3,1,17.72,15.3,0.2,1,410.9
16,6,1,16.12,62.5,0.3,1,207.9
12,4,0,0.0,0.0,0.3,0,0.0
12,3,0,0.0,0.0,0.3,0,0.0
13,0,0,0.0,0.0,0.3,0,0.0
23,4,0,0.0,0.0,0.2,0,0.0
2,0,0,0.0,0.0,0.05,0,0.0
2,5,0,0.0,0.0,0.05,0,0.0
9,4,1,17.01,0.6,0.65,1,686.2
2,6,0,0.0,0.0,0.05,0,0.0
15,5,0,0.0,0.0,0.3,0,0.0
5,3,0,0.0,0.0,0.05,0,0.0
6,2,1,18.23,165.5,0.2,0,41.2
19,4,1,14.03,189.3,0.6,1,263.6
17,6,1,22.74,15.0,0.3,1,131.8
4,4,0,0.0,0.0,0.05,0,0.0
10,2,1,16.01,18.0,0.65,0,304.9
19,3,1,19.54,110.7,0.6,1,8.4
21,1,1,15.26,13.6,0.6,1,741.7
20,0,0,0.0,0.0,0.5,0,0.0
20,0,0,0.0,0.0,0.5,1,0.0
21,1,1,11.55,41.2,0.6,0,351.7
16,5,1,6.45,56.2,0.3,0,1084.0
8,1,0,0.0,0.0,0.65,1,0.0
13,3,0,0.0,0.0,0.3,0,0.0
3,5,0,0.0,0.0,0.05,0,0.0
18,6,0,0.0,0.0,0.5,1,0.0
10,5,0,0.0,0.0,0.65,0,0.0
21,1,1,6.0,42.0,0.6,1,754.3
14,4,0,0.0,0.0,0.3,1,0.0
13,2,0,0.0,0.0,0.3,0,0.0
9,2,1,12.0,10.2,0.65,0,492.5
20,3,1,14.99,33.6,0.6,0,158.0
5,6,0,0.0,0.0,0.05,0,0.0
18,0,1,14.6,5.1,0.5,0,345.1
8,4,1,10.34,42.8,0.65,1,808.9
9,1,1,17.15,14.9,0.65,1,640.6
5,1,0,0.0,0.0,0.05,0,0.0
0,0,0,0.0,0.0,0.05,0,0.0
6,0,0,0.0,0.0,0.2,0,0.0
2,2,0,0.0,0.0,0.05,0,0.0
9,5,0,0.0,0.0,0.65,1,0.0
3,1,0,0.0,0.0,0.05,0,0.0
22,6,0,0.0,0.0,0.2,0,0.0
22,6,0,0.0,0.0,0.2,1,0.0
4,1,0,0.0,0.0,0.05,0,0.0
13,1,0,0.0,0.0,0.3,0,0.0
19,2,0,0.0,0.0,0.6,1,0.0
16,2,1,18.03,11.7,0.3,0,521.6
4,5,0,0.0,0.0,0.05,0,0.0
7,1,0,0.0,0.0,0.2,0,0.0
13,5,1,11.02,112.0,0.3,0,415.0
4,3,0,0.0,0.0,0.05,0,0.0
13,1,0,0.0,0.0,0.3,1,0.0
0,2,0,0.0,0.0,0.05,0,0.0
4,2,0,0.0,0.0,0.05,0,0.0
8,3,1,19.14,22.4,0.65,0,526.9
18,2,0,0.0,0.0,0.6,1,0.0
23,2,1,14.75,66.6,0.2,1,565.1
12,5,1,13.83,9.5,0.3,0,769.3
13,2,0,0.0,0.0,0.3,0,0.0
17,4,0,0.0,0.0,0.3,0,0.0
3,0,0,0.0,0.0,0.05,0,0.0
14,5,0,0.0,0.0,0.3,0,0.0
16,4,0,0.0,0.0,0.3,0,0.0
11,4,1,21.46,25.4,0.3,0,196.5
4,4,0,0.0,0.0,0.05,0,0.0
15,4,0,0.0,0.0,0.3,0,0.0
2,0,0,0.0,0.0,0.05,0,0.0
5,3,0,0.0,0.0,0.05,0,0.0
12,2,0,0.0,0.0,0.3,0,0.0
4,4,0,0.0,0.0,0.05,0,0.0
2,6,0,0.0,0.0,0.05,0,0.0
10,4,1,16.03,17.7,0.65,0,298.6
9,2,1,16.71,11.8,0.65,1,140.3
2,6,0,0.0,0.0,0.05,0,0.0
23,2,0,0.0,0.0,0.2,1,0.0
7,3,0,0.0,0.0,0.2,0,0.0
4,6,0,0.0,0.0,0.05,0,0.0
16,4,0,0.0,0.0,0.3,0,0.0
3,0,0,0.0,0.0,0.05,0,0.0
9,5,1,16.0,31.6,0.65,1,564.1
23,6,0,0.0,0.0,0.2,0,0.0
23,4,1,16.51,4.4,0.2,0,148.9
0,6,1,13.54,8.8,0.05,0,511.1
10,6,0,0.0,0.0,0.55,0,0.0
6,4,0,0.0,0.0,0.2,1,0.0
2,6,0,0.0,0.0,0.05,0,0.0
22,2,0,0.0,0.0,0.2,0,0.0
12,1,0,0.0,0.0,0.3,0,0.0
0,1,0,0.0,0.0,0.05,0,0.0
19,2,1,11.27,192.7,0.6,1,416.8
2,3,0,0.0,0.0,0.05,0,0.0
21,1,1,13.9,110.8,0.6,0,294.4
2,0,0,0.0,0.0,0.05,0,0.0
5,2,0,0.0,0.0,0.05,0,0.0
13,2,1,19.19,38.4,0.3,0,244.0
17,2,0,0.0,0.0,0.3,0,0.0
5,4,0,0.0,0.0,0.05,0,0.0
9,1,1,14.24,23.7,0.65,0,276.4
14,0,1,20.28,21.4,0.3,0,312.7
17,3,1,8.6,11.1,0.3,0,602.8
23,5,1,14.4,3.7,0.2,0,651.6
21,2,1,15.03,18.6,0.6,0,321.0
4,1,0,0.0,0.0,0.05,1,0.0
13,2,0,0.0,0.0,0.3,0,0.0
21,6,1,10.63,38.8,0.5,0,624.1
12,0,0,0.0,0.0,0.3,0,0.0
22,5,0,0.0,0.0,0.2,0,0.0
8,3,1,16.28,18.0,0.65,0,166.1
11,6,0,0.0,0.0,0.3,0,0.0
4,6,1,15.16,45.2,0.05,0,350.5
20,3,1,16.06,23.0,0.6,0,171.2
14,4,0,0.0,0.0,0.3,0,0.0
18,0,1,14.4,4.9,0.5,0,637.6
0,5,0,0.0,0.0,0.05,0,0.0
11,3,1,13.13,9.5,0.3,1,267.0
10,3,0,0.0,0.0,0.65,1,0.0
12,0,0,0.0,0.0,0.3,0,0.0
7,4,0,0.0,0.0,0.2,1,0.0
14,4,1,19.48,9.4,0.3,0,91.9
16,2,0,0.0,0.0,0.3,1,0.0
4,4,0,0.0,0.0,0.05,0,0.0
0,0,0,0.0,0.0,0.05,0,0.0
22,5,0,0.0,0.0,0.2,1,0.0
8,5,1,16.98,4.9,0.65,0,390.0
22,0,1,20.56,49.1,0.2,0,476.9
10,5,1,17.81,24.0,0.65,1,219.2
21,1,0,0.0,0.0,0.6,1,0.0
9,4,1,12.05,36.8,0.65,1,565.7
8,3,1,12.41,35.6,0.65,0,332.3
20,0,0,0.0,0.0,0.5,0,0.0
11,3,1,26.03,24.2,0.3,0,302.6
2,3,0,0.0,0.0,0.05,0,0.0
21,2,1,14.6,29.9,0.6,0,459.2
1,4,0,0.0,0.0,0.05,0,0.0
23,2,0,0.0,0.0,0.2,0,0.0
21,1,1,18.77,5.4,0.6,0,364.1
20,1,1,13.64,11.2,0.6,0,388.0
5,0,0,0.0,0.0,0.05,0,0.0
5,3,0,0.0,0.0,0.05,0,0.0
22,2,1,11.07,16.2,0.2,0,509.5
9,3,1,15.02,90.9,0.65,0,558.8
2,6,0,0.0,0.0,0.05,0,0.0
23,3,0,0.0,0.0,0.2,0,0.0
23,3,0,0.0,0.0,0.2,0,0.0
7,2,0,0.0,0.0,0.2,0,0.0
10,1,1,15.0,146.4,0.65,1,640.3
5,2,0,0.0,0.0,0.05,0,0.0
17,0,0,0.0,0.0,0.3,0,0.0
13,1,0,0.0,0.0,0.3,0,0.0
11,1,0,0.0,0.0,0.3,1,0.0
16,5,1,17.6,117.1,0.3,0,224.6
9,6,1,11.74,35.7,0.55,1,292.2
17,5,0,0.0,0.0,0.3,0,0.0
16,4,1,15.22,127.0,0.3,0,625.1
19,4,1,15.08,110.8,0.6,1,267.4
11,5,0,0.0,0.0,0.3,0,0.0
12,3,0,0.0,0.0,0.3,0,0.0
12,2,0,0.0,0.0,0.3,0,0.0
8,3,0,0.0,0.0,0.65,1,0.0
1,6,0,0.0,0.0,0.05,0,0.0
15,2,0,0.0,0.0,0.3,0,0.0
5,2,0,0.0,0.0,0.05,0,0.0
8,0,0,0.0,0.0,0.55,0,0.0
4,3,0,0.0,0.0,0.05,0,0.0
20,2,0,0.0,0.0,0.6,1,0.0
20,3,1,14.77,4.2,0.6,1,281.8
0,2,0,0.0,0.0,0.05,0,0.0
11,5,0,0.0,0.0,0.3,0,0.0
18,1,0,0.0,0.0,0.6,0,0.0
17,1,0,0.0,0.0,0.3,1,0.0
9,2,1,27.29,11.0,0.65,0,376.9
17,4,1,20.31,35.6,0.3,1,651.1
9,3,1,23.14,23.0,0.65,0,108.3
5,3,1,15.98,49.8,0.05,0,320.5
2,6,0,0.0,0.0,0.05,0,0.0
1,5,1,13.05,69.3,0.05,0,478.2
17,2,0,0.0,0.0,0.3,0,0.0
10,2,1,12.53,62.7,0.65,0,759.4
18,3,0,0.0,0.0,0.6,0,0.0
11,0,1,16.28,11.0,0.3,0,211.2
1,2,0,0.0,0.0,0.05,0,0.0
17,4,1,12.8,22.7,0.3,1,678.7
19,3,1,13.67,101.2,0.6,0,86.8
1,6,0,0.0,0.0,0.05,0,0.0
4,3,0,0.0,0.0,0.05,0,0.0
6,1,1,14.42,29.5,0.2,0,706.8
8,0,1,14.95,167.2,0.55,0,236.3
9,4,0,0.0,0.0,0.65,1,0.0
4,3,0,0.0,0.0,0.05,0,0.0
19,5,0,0.0,0.0,0.6,1,0.0
12,5,0,0.0,0.0,0.3,0,0.0
2,5,0,0.0,0.0,0.05,1,0.0
22,1,0,0.0,0.0,0.2,1,0.0
4,6,0,0.0,0.0,0.05,0,0.0
6,4,0,0.0,0.0,0.2,0,0.0
11,3,0,0.0,0.0,0.3,1,0.0
5,4,0,0.0,0.0,0.05,0,0.0
0,0,1,21.89,3.1,0.05,0,223.5
10,1,1,21.25,22.9,0.65,1,279.1
18,1,1,12.62,2.2,0.6,0,850.7
14,0,1,12.57,105.1,0.3,1,603.8
15,0,1,17.73,11.7,0.3,0,387.2
16,4,0,0.0,0.0,0.3,1,0.0
17,3,1,13.8,11.4,0.3,1,131.3
13,1,1,15.68,31.1,0.3,0,627.9
19,1,0,0.0,0.0,0.6,1,0.0
7,3,0,0.0,0.0,0.2,0,0.0
4,3,0,0.0,0.0,0.05,0,0.0
8,5,1,17.91,173.2,0.65,1,90.7
4,2,0,0.0,0.0,0.05,0,0.0
19,1,0,0.0,0.0,0.6,1,0.0
9,1,1,10.76,97.0,0.65,1,735.7
14,5,0,0.0,0.0,0.3,0,0.0
15,5,0,0.0,0.0,0.3,1,0.0
7,3,1,9.5,61.7,0.2,0,372.3
15,6,1,17.05,8.4,0.3,0,371.1
22,0,0,0.0,0.0,0.2,0,0.0
19,0,1,23.35,0.9,0.5,1,192.3
9,5,1,17.79,11.5,0.65,1,359.5
17,2,0,0.0,0.0,0.3,0,0.0
2,0,0,0.0,0.0,0.05,0,0.0
5,6,0,0.0,0.0,0.05,0,0.0
12,3,1,28.12,36.7,0.3,0,358.5
20,3,1,13.18,76.6,0.6,1,448.9
8,0,0,0.0,0.0,0.55,1,0.0
20,1,0,0.0,0.0,0.6,0,0.0
23,1,0,0.0,0.0,0.2,0,0.0
17,2,0,0.0,0.0,0.3,0,0.0
11,0,0,0.0,0.0,0.3,1,0.0
15,3,1,19.61,17.1,0.3,0,304.0
2,5,0,0.0,0.0,0.05,0,0.0
12,3,1,7.95,7.1,0.3,1,869.6
0,2,0,0.0,0.0,0.05,0,0.0
22,0,1,14.96,0.7,0.2,1,513.9
23,2,1,16.24,35.0,0.2,1,810.1
2,2,0,0.0,0.0,0.05,0,0.0
20,3,0,0.0,0.0,0.6,1,0.0
2,1,0,0.0,0.0,0.05,0,0.0
15,0,1,19.02,66.1,0.3,0,420.7
3,0,0,0.0,0.0,0.05,0,0.0
7,1,0,0.0,0.0,0.2,0,0.0
9,4,0,0.0,0.0,0.65,1,0.0
3,3,0,0.0,0.0,0.05,0,0.0
12,2,0,0.0,0.0,0.3,0,0.0
13,1,1,18.03,77.5,0.3,0,518.3
2,0,0,0.0,0.0,0.05,0,0.0
0,3,0,0.0,0.0,0.05,0,0.0
6,6,0,0.0,0.0,0.2,1,0.0
2,1,0,0.0,0.0,0.05,0,0.0
7,1,0,0.0,0.0,0.2,0,0.0
9,1,1,14.12,50.5,0.65,1,877.8
19,1,0,0.0,0.0,0.6,1,0.0
2,2,0,0.0,0.0,0.05,0,0.0
22,0,0,0.0,0.0,0.2,1,0.0
20,1,1,15.25,13.9,0.6,0,488.7
1,2,0,0.0,0.0,0.05,0,0.0
7,4,0,0.0,0.0,0.2,0,0.0
3,2,1,23.89,14.0,0.05,0,278.8
7,5,0,0.0,0.0,0.2,0,0.0
13,3,0,0.0,0.0,0.3,0,0.0
13,1,1,17.46,3.7,0.3,0,429.4
9,3,0,0.0,0.0,0.65,0,0.0
16,4,0,0.0,0.0,0.3,0,0.0
4,3,0,0.0,0.0,0.05,0,0.0
22,5,0,0.0,0.0,0.2,1,0.0
16,2,1,25.54,21.7,0.3,1,293.2
5,1,0,0.0,0.0,0.05,0,0.0
5,2,0,0.0,0.0,0.05,0,0.0
4,3,0,0.0,0.0,0.05,0,0.0
15,5,0,0.0,0.0,0.3,0,0.0
2,1,0,0.0,0.0,0.05,0,0.0
8,6,1,23.74,29.1,0.55,1,232.7
16,6,1,12.91,155.0,0.3,0,770.3
21,1,0,0.0,0.0,0.6,1,0.0
8,6,0,0.0,0.0,0.55,0,0.0
4,2,0,0.0,0.0,0.05,0,0.0
3,2,0,0.0,0.0,0.05,0,0.0
11,0,1,12.95,48.1,0.3,1,309.2
22,1,0,0.0,0.0,0.2,0,0.0
10,3,0,0.0,0.0,0.65,1,0.0
5,6,0,0.0,0.0,0.05,0,0.0
2,2,0,0.0,0.0,0.05,0,0.0
23,2,0,0.0,0.0,0.2,0,0.0
8,2,0,0.0,0.0,0.65,1,0.0
5,0,0,0.0,0.0,0.05,0,0.0
21,6,0,0.0,0.0,0.5,0,0.0
19,1,1,14.81,30.8,0.6,1,104.2
2,5,0,0.0,0.0,0.05,0,0.0
3,6,0,0.0,0.0,0.05,0,0.0
9,0,1,18.9,88.5,0.55,0,63.2
19,2,0,0.0,0.0,0.6,1,0.0
22,2,1,12.53,17.4,0.2,0,709.3
16,6,0,0.0,0.0,0.3,0,0.0
21,5,1,20.7,19.3,0.6,0,153.1
4,2,0,0.0,0.0,0.05,0,0.0
6,0,0,0.0,0.0,0.2,0,0.0
21,6,1,16.37,80.8,0.5,0,220.6
10,0,1,18.56,200.6,0.55,1,0.0
17,6,1,25.27,101.0,0.3,0,395.4
8,4,0,0.0,0.0,0.65,1,0.0
0,6,0,0.0,0.0,0.05,1,0.0
11,0,0,0.0,0.0,0.3,0,0.0
12,2,0,0.0,0.0,0.3,1,0.0
10,6,1,11.66,68.6,0.55,1,378.9
19,5,0,0.0,0.0,0.6,1,0.0
3,3,1,9.28,171.5,0.05,0,1.6
8,2,1,19.9,22.7,0.65,1,246.4
11,3,0,0.0,0.0,0.3,0,0.0
17,6,0,0.0,0.0,0.3,0,0.0
21,0,0,0.0,0.0,0.5,1,0.0
19,1,1,16.64,127.4,0.6,0,419.4
13,6,0,0.0,0.0,0.3,1,0.0
10,5,1,15.93,32.0,0.65,1,799.1
4,0,0,0.0,0.0,0.05,0,0.0
8,3,1,11.81,23.6,0.65,0,258.1
22,2,1,9.91,65.3,0.2,0,138.1
15,2,1,14.8,16.2,0.3,0,418.0
16,1,0,0.0,0.0,0.3,0,0.0
6,6,0,0.0,0.0,0.2,1,0.0
4,4,0,0.0,0.0,0.05,1,0.0
23,2,1,14.64,12.1,0.2,0,619.1
12,5,0,0.0,0.0,0.3,0,0.0
13,1,1,16.47,11.9,0.3,1,574.2
18,2,1,14.91,78.3,0.6,0,480.9
19,4,0,0.0,0.0,0.6,1,0.0
12,6,1,8.33,34.3,0.3,1,781.1
13,3,1,10.08,26.4,0.3,0,530.0
7,0,1,16.84,25.0,0.2,1,241.1
2,5,0,0.0,0.0,0.05,0,0.0
9,5,1,14.97,9.4,0.65,1,117.5
16,1,1,15.04,65.8,0.3,1,294.2
12,5,0,0.0,0.0,0.3,0,0.0
3,2,0,0.0,0.0,0.05,0,0.0
14,6,0,0.0,0.0,0.3,1,0.0
11,5,0,0.0,0.0,0.3,1,0.0
18,2,0,0.0,0.0,0.6,1,0.0
13,5,0,0.0,0.0,0.3,1,0.0
23,3,1,14.88,59.8,0.2,0,384.2
1,1,0,0.0,0.0,0.05,0,0.0
9,0,1,19.42,132.7,0.55,0,124.7
10,3,1,21.33,41.9,0.65,1,185.6
7,3,0,0.0,0.0,0.2,0,0.0
11,2,1,21.89,58.2,0.3,0,245.6
2,4,0,0.0,0.0,0.05,0,0.0
4,1,0,0.0,0.0,0.05,0,0.0
20,2,1,21.94,36.6,0.6,1,80.0
13,0,0,0.0,0.0,0.3,0,0.0
21,6,0,0.0,0.0,0.5,0,0.0
18,0,1,12.8,10.1,0.5,0,669.4
10,2,1,18.18,18.6,0.65,1,323.8
0,3,1,15.43,31.1,0.05,0,421.9
1,2,0,0.0,0.0,0.05,0,0.0
6,4,1,21.05,68.4,0.2,0,291.8
11,6,1,15.84,14.5,0.3,0,164.3
2,5,0,0.0,0.0,0.05,0,0.0
14,0,0,0.0,0.0,0.3,0,0.0
7,1,0,0.0,0.0,0.2,0,0.0
20,6,0,0.0,0.0,0.5,0,0.0
0,0,0,0.0,0.0,0.05,0,0.0
4,2,0,0.0,0.0,0.05,0,0.0
20,4,1,16.51,32.7,0.6,0,330.7
7,1,0,0.0,0.0,0.2,0,0.0
14,0,0,0.0,0.0,0.3,1,0.0
17,2,1,11.57,107.8,0.3,0,184.2
19,0,0,0.0,0.0,0.5,0,0.0
11,4,0,0.0,0.0,0.3,1,0.0
13,5,1,15.58,110.0,0.3,0,220.1
20,1,0,0.0,0.0,0.6,1,0.0
11,1,0,0.0,0.0,0.3,0,0.0
22,6,0,0.0,0.0,0.2,0,0.0
0,6,0,0.0,0.0,0.05,0,0.0
3,1,0,0.0,0.0,0.05,0,0.0
3,0,0,0.0,0.0,0.05,0,0.0
2,3,0,0.0,0.0,0.05,0,0.0
7,1,0,0.0,0.0,0.2,0,0.0
18,3,1,12.0,10.5,0.6,1,556.2
20,4,1,14.87,2.3,0.6,0,373.6
2,3,0,0.0,0.0,0.05,0,0.0
1,1,0,0.0,0.0,0.05,0,0.0
17,2,1,23.29,52.8,0.3,0,269.9
20,3,1,13.06,132.7,0.6,1,206.2
10,0,1,9.75,40.6,0.55,0,321.9
19,0,1,13.56,3.7,0.5,0,362.4
19,0,0,0.0,0.0,0.5,1,0.0
6,1,0,0.0,0.0,0.2,0,0.0
21,5,0,0.0,0.0,0.6,1,0.0
19,6,1,17.05,174.8,0.5,1,453.1
20,2,0,0.0,0.0,0.6,0,0.0
12,2,0,0.0,0.0,0.3,0,0.0
4,1,0,0.0,0.0,0.05,0,0.0
6,5,0,0.0,0.0,0.2,0,0.0
15,5,0,0.0,0.0,0.3,1,0.0
5,2,0,0.0,0.0,0.05,1,0.0
5,5,0,0.0,0.0,0.05,0,0.0
19,2,1,14.34,11.4,0.6,0,442.3
17,0,1,11.48,45.8,0.3,1,593.5
12,5,0,0.0,0.0,0.3,0,0.0
9,5,1,17.29,3.1,0.65,1,557.1
9,3,1,19.19,67.2,0.65,1,243.4
10,2,1,16.73,56.1,0.65,1,621.9
22,3,0,0.0,0.0,0.2,1,0.0
20,1,0,0.0,0.0,0.6,1,0.0
17,1,0,0.0,0.0,0.3,1,0.0
4,4,0,0.0,0.0,0.05,1,0.0
12,2,1,16.32,101.5,0.3,0,229.7
17,5,0,0.0,0.0,0.3,0,0.0
3,6,0,0.0,0.0,0.05,0,0.0
15,2,0,0.0,0.0,0.3,0,0.0
8,6,1,17.38,81.7,0.55,0,17.1
16,5,0,0.0,0.0,0.3,0,0.0
14,1,0,0.0,0.0,0.3,0,0.0
0,1,0,0.0,0.0,0.05,1,0.0
23,2,0,0.0,0.0,0.2,0,0.0
15,3,0,0.0,0.0,0.3,0,0.0
21,2,1,15.28,58.6,0.6,1,167.0
6,6,1,16.18,113.7,0.2,0,349.8
4,4,0,0.0,0.0,0.05,0,0.0
22,2,0,0.0,0.0,0.2,0,0.0
21,3,1,14.28,10.0,0.6,0,549.3
12,5,1,14.13,129.9,0.3,0,644.1
13,2,1,12.19,122.8,0.3,0,523.9
23,2,0,0.0,0.0,0.2,0,0.0
19,1,0,0.0,0.0,0.6,1,0.0
4,4,0,0.0,0.0,0.05,0,0.0
0,1,1,10.99,111.2,0.05,0,260.1
12,1,0,0.0,0.0,0.3,0,0.0
6,4,1,11.27,56.7,0.2,0,1192.4
23,2,0,0.0,0.0,0.2,0,0.0
7,3,1,15.74,23.2,0.2,1,475.8
12,2,0,0.0,0.0,0.3,0,0.0
17,3,0,0.0,0.0,0.3,0,0.0
4,4,0,0.0,0.0,0.05,0,0.0
14,6,0,0.0,0.0,0.3,0,0.0
22,5,0,0.0,0.0,0.2,1,0.0
9,2,1,14.35,39.5,0.65,1,387.0
23,3,0,0.0,0.0,0.2,0,0.0
22,1,0,0.0,0.0,0.2,0,0.0
20,3,0,0.0,0.0,0.6,1,0.0
3,1,0,0.0,0.0,0.05,1,0.0
22,1,0,0.0,0.0,0.2,1,0.0
3,1,0,0.0,0.0,0.05,0,0.0
3,6,0,0.0,0.0,0.05,0,0.0
11,4,0,0.0,0.0,0.3,1,0.0
4,4,1,18.78,120.7,0.05,0,450.2
3,4,0,0.0,0.0,0.05,0,0.0
20,5,1,10.09,111.2,0.6,1,329.4
4,0,0,0.0,0.0,0.05,0,0.0
12,6,0,0.0,0.0,0.3,0,0.0
9,0,1,14.38,1.8,0.55,1,962.6
18,0,1,21.04,109.8,0.5,0,173.4
19,0,1,16.85,0.7,0.5,0,308.8
2,6,0,0.0,0.0,0.05,0,0.0
8,2,1,16.72,7.2,0.65,1,333.3
7,0,0,0.0,0.0,0.2,0,0.0
7,6,0,0.0,0.0,0.2,1,0.0
10,6,1,19.99,39.7,0.55,0,240.3
15,6,1,16.61,63.9,0.3,1,607.9
17,0,1,21.53,5.5,0.3,0,617.2
7,0,0,0.0,0.0,0.2,0,0.0
22,5,0,0.0,0.0,0.2,1,0.0
17,2,1,15.56,25.5,0.3,0,683.4
1,5,0,0.0,0.0,0.05,0,0.0
3,0,0,0.0,0.0,0.05,0,0.0
10,3,0,0.0,0.0,0.65,0,0.0
20,1,1,19.47,7.2,0.6,1,547.5
17,3,0,0.0,0.0,0.3,0,0.0
12,0,1,19.47,44.5,0.3,0,471.0
9,0,0,0.0,0.0,0.55,0,0.0
7,0,1,21.72,14.5,0.2,0,182.4
18,5,1,19.32,105.6,0.6,0,386.0
14,1,0,0.0,0.0,0.3,0,0.0
16,3,0,0.0,0.0,0.3,1,0.0
16,1,0,0.0,0.0,0.3,0,0.0
21,1,0,0.0,0.0,0.6,1,0.0
7,1,0,0.0,0.0,0.2,1,0.0
21,0,0,0.0,0.0,0.5,1,0.0
11,4,1,18.37,100.4,0.3,0,197.3
7,3,1,8.72,73.2,0.2,0,340.3
23,3,0,0.0,0.0,0.2,0,0.0
1,6,0,0.0,0.0,0.05,0,0.0
7,2,0,0.0,0.0,0.2,0,0.0
14,5,0,0.0,0.0,0.3,1,0.0
23,5,1,20.55,151.6,0.2,0,298.5
13,1,1,11.62,12.9,0.3,0,644.6
15,4,0,0.0,0.0,0.3,0,0.0
0,5,0,0.0,0.0,0.05,0,0.0
14,2,0,0.0,0.0,0.3,0,0.0
7,3,0,0.0,0.0,0.2,1,0.0
14,2,0,0.0,0.0,0.3,1,0.0
16,4,0,0.0,0.0,0.3,0,0.0
21,3,1,17.74,6.9,0.6,0,295.7
4,3,0,0.0,0.0,0.05,0,0.0
21,4,0,0.0,0.0,0.6,1,0.0
4,2,0,0.0,0.0,0.05,0,0.0
19,5,1,16.02,103.4,0.6,1,256.0
11,1,0,0.0,0.0,0.3,0,0.0
4,1,0,0.0,0.0,0.05,0,0.0
9,5,1,13.63,78.2,0.65,0,84.5
15,3,0,0.0,0.0,0.3,0,0.0
8,4,1,13.4,4.8,0.65,1,800.0
1,5,0,0.0,0.0,0.05,0,0.0
3,2,0,0.0,0.0,0.05,0,0.0
17,5,0,0.0,0.0,0.3,0,0.0
9,2,1,7.2,43.1,0.65,1,930.4
18,2,1,15.9,9.4,0.6,1,221.4
2,2,0,0.0,0.0,0.05,1,0.0
16,4,0,0.0,0.0,0.3,1,0.0
15,0,1,15.43,7.9,0.3,0,585.2
13,4,0,0.0,0.0,0.3,0,0.0
10,2,0,0.0,0.0,0.65,0,0.0
2,0,0,0.0,0.0,0.05,0,0.0
13,1,1,18.4,59.1,0.3,0,440.8
3,1,0,0.0,0.0,0.05,0,0.0
12,4,0,0.0,0.0,0.3,0,0.0
21,5,1,19.99,123.9,0.6,0,232.3
9,4,1,16.1,149.5,0.65,0,266.6
14,5,0,0.0,0.0,0.3,0,0.0
7,1,0,0.0,0.0,0.2,0,0.0
0,4,0,0.0,0.0,0.05,0,0.0
11,6,0,0.0,0.0,0.3,0,0.0
4,4,0,0.0,0.0,0.05,0,0.0
6,2,0,0.0,0.0,0.2,0,0.0
7,0,0,0.0,0.0,0.2,0,0.0
23,1,0,0.0,0.0,0.2,0,0.0
16,6,0,0.0,0.0,0.3,0,0.0
16,4,1,17.44,105.9,0.3,0,41.2
4,2,0,0.0,0.0,0.05,0,0.0
9,4,1,19.42,121.0,0.65,1,609.7
8,6,1,17.79,31.1,0.55,0,364.7
23,5,0,0.0,0.0,0.2,0,0.0
3,0,0,0.0,0.0,0.05,0,0.0
6,6,0,0.0,0.0,0.2,0,0.0
19,0,1,16.57,16.1,0.5,1,558.4
1,6,0,0.0,0.0,0.05,0,0.0
0,2,0,0.0,0.0,0.05,0,0.0
2,0,0,0.0,0.0,0.05,0,0.0
6,4,0,0.0,0.0,0.2,0,0.0
16,6,1,16.97,52.2,0.3,0,568.5
7,1,0,0.0,0.0,0.2,1,0.0
22,2,0,0.0,0.0,0.2,0,0.0
23,5,0,0.0,0.0,0.2,0,0.0
4,5,0,0.0,0.0,0.05,0,0.0
13,0,1,13.55,26.1,0.3,0,670.3
20,5,0,0.0,0.0,0.6,1,0.0
9,4,0,0.0,0.0,0.65,1,0.0
15,4,0,0.0,0.0,0.3,0,0.0
10,5,0,0.0,0.0,0.65,0,0.0
6,4,0,0.0,0.0,0.2,0,0.0
16,0,1,21.07,39.6,0.3,0,501.6
10,2,0,0.0,0.0,0.65,0,0.0
18,4,1,21.16,35.4,0.6,1,135.6
1,0,0,0.0,0.0,0.05,0,0.0
7,4,0,0.0,0.0,0.2,0,0.0
4,2,0,0.0,0.0,0.05,0,0.0
12,3,0,0.0,0.0,0.3,1,0.0
7,5,0,0.0,0.0,0.2,0,0.0
9,6,1,15.36,26.6,0.55,1,277.7
23,4,0,0.0,0.0,0.2,0,0.0
15,1,0,0.0,0.0,0.3,0,0.0
3,5,0,0.0,0.0,0.05,0,0.0
2,1,0,0.0,0.0,0.05,0,0.0
1,1,0,0.0,0.0,0.05,0,0.0
6,2,0,0.0,0.0,0.2,0,0.0
11,5,1,19.76,4.0,0.3,1,184.4
20,0,1,18.54,20.9,0.5,1,69.8
4,5,0,0.0,0.0,0.05,0,0.0
0,6,0,0.0,0.0,0.05,1,0.0
10,3,1,13.38,77.6,0.65,0,634.5
11,2,1,16.82,23.1,0.3,0,357.2
5,1,1,19.45,9.9,0.05,0,456.0
23,5,0,0.0,0.0,0.2,1,0.0
17,2,1,6.0,3.4,0.3,0,577.2
23,5,0,0.0,0.0,0.2,0,0.0
3,1,0,0.0,0.0,0.05,0,0.0
14,4,0,0.0,0.0,0.3,1,0.0
23,6,0,0.0,0.0,0.2,1,0.0
1,6,0,0.0,0.0,0.05,0,0.0
21,6,1,15.56,77.3,0.5,0,318.7
3,4,0,0.0,0.0,0.05,0,0.0
11,2,0,0.0,0.0,0.3,1,0.0
4,6,0,0.0,0.0,0.05,0,0.0
15,6,0,0.0,0.0,0.3,1,0.0
12,6,0,0.0,0.0,0.3,0,0.0
14,1,0,0.0,0.0,0.3,0,0.0
15,3,0,0.0,0.0,0.3,0,0.0
4,1,0,0.0,0.0,0.05,0,0.0
22,2,0,0.0,0.0,0.2,0,0.0
9,4,1,16.49,81.6,0.65,1,762.5
19,6,1,17.67,14.5,0.5,0,126.7
13,1,1,22.41,78.8,0.3,0,67.1
9,1,1,20.77,10.9,0.65,1,89.8
10,1,1,12.37,9.0,0.65,0,652.5
22,0,0,0.0,0.0,0.2,0,0.0
0,1,0,0.0,0.0,0.05,0,0.0
9,6,1,11.84,50.7,0.55,0,503.4
9,1,1,25.17,48.2,0.65,1,252.6
12,3,1,19.8,14.8,0.3,0,407.7
20,6,1,21.76,27.0,0.5,1,213.2
8,6,0,0.0,0.0,0.55,1,0.0
23,6,1,20.76,2.5,0.2,0,381.7
8,2,0,0.0,0.0,0.65,1,0.0
14,2,0,0.0,0.0,0.3,1,0.0
22,6,0,0.0,0.0,0.2,0,0.0
23,1,0,0.0,0.0,0.2,0,0.0
23,0,0,0.0,0.0,0.2,0,0.0
13,1,1,10.35,18.9,0.3,1,221.1
2,3,0,0.0,0.0,0.05,0,0.0
22,2,0,0.0,0.0,0.2,0,0.0
14,1,1,16.09,10.4,0.3,0,223.0
20,2,1,15.47,75.8,0.6,1,516.3
13,4,1,20.09,31.0,0.3,0,171.4
11,1,0,0.0,0.0,0.3,0,0.0
23,0,0,0.0,0.0,0.2,0,0.0
6,4,1,17.35,28.3,0.2,0,347.3
4,0,1,16.16,62.9,0.05,0,841.8
4,4,0,0.0,0.0,0.05,0,0.0
12,2,0,0.0,0.0,0.3,0,0.0
11,4,1,8.2,4.7,0.3,0,1099.2
13,0,0,0.0,0.0,0.3,0,0.0
8,1,1,19.72,100.0,0.65,0,313.5
10,3,1,21.25,11.2,0.65,1,154.6
9,4,1,19.05,83.6,0.65,1,101.9
2,0,0,0.0,0.0,0.05,0,0.0
1,0,0,0.0,0.0,0.05,0,0.0
7,4,0,0.0,0.0,0.2,0,0.0
16,1,0,0.0,0.0,0.3,1,0.0
4,3,0,0.0,0.0,0.05,0,0.0
6,1,1,16.27,8.8,0.2,0,797.6
9,3,0,0.0,0.0,0.65,1,0.0
11,3,0,0.0,0.0,0.3,0,0.0
11,5,1,15.91,5.9,0.3,1,286.8
5,6,0,0.0,0.0,0.05,0,0.0
15,3,1,11.73,35.4,0.3,0,182.4
4,6,0,0.0,0.0,0.05,0,0.0
2,0,0,0.0,0.0,0.05,0,0.0
19,2,1,18.88,21.6,0.6,1,751.3
8,6,1,10.66,17.1,0.55,1,531.5
19,5,1,11.64,22.7,0.6,0,1047.6
4,2,0,0.0,0.0,0.05,0,0.0
18,1,1,20.88,44.0,0.6,0,291.0
13,2,0,0.0,0.0,0.3,1,0.0
12,5,0,0.0,0.0,0.3,0,0.0
12,0,0,0.0,0.0,0.3,1,0.0
5,1,0,0.0,0.0,0.05,0,0.0
4,6,0,0.0,0.0,0.05,0,0.0
19,0,0,0.0,0.0,0.5,1,0.0
6,0,0,0.0,0.0,0.2,1,0.0
6,5,1,18.36,71.4,0.2,0,327.4
1,4,0,0.0,0.0,0.05,0,0.0
20,5,1,12.17,60.7,0.6,1,705.2
5,2,0,0.0,0.0,0.05,0,0.0
21,4,1,10.18,4.4,0.6,1,645.5
11,0,0,0.0,0.0,0.3,0,0.0
8,6,0,0.0,0.0,0.55,0,0.0
9,3,1,16.37,37.1,0.65,1,529.0
12,3,1,10.14,15.7,0.3,0,643.1
9,2,0,0.0,0.0,0.65,1,0.0
22,6,1,19.54,13.5,0.2,1,537.6
2,6,0,0.0,0.0,0.05,0,0.0
20,3,1,13.86,3.8,0.6,0,1003.4
11,0,0,0.0,0.0,0.3,0,0.0
16,2,0,0.0,0.0,0.3,0,0.0
10,6,1,15.64,74.4,0.55,0,578.5
20,6,1,21.18,60.0,0.5,0,542.1
12,5,0,0.0,0.0,0.3,0,0.0
12,5,0,0.0,0.0,0.3,1,0.0
21,6,1,11.16,49.4,0.5,0,436.0
10,6,0,0.0,0.0,0.55,1,0.0
1,3,0,0.0,0.0,0.05,0,0.0
23,6,0,0.0,0.0,0.2,0,0.0
16,1,0,0.0,0.0,0.3,0,0.0
3,6,0,0.0,0.0,0.05,0,0.0
13,4,0,0.0,0.0,0.3,0,0.0
12,3,0,0.0,0.0,0.3,0,0.0
2,3,0,0.0,0.0,0.05,0,0.0
19,1,1,16.63,63.8,0.6,0,405.8
21,4,0,0.0,0.0,0.6,0,0.0
15,5,1,12.47,53.5,0.3,0,355.2
21,3,1,21.0,47.7,0.6,1,632.4
19,0,1,14.65,118.2,0.5,1,174.0
18,2,1,20.15,15.2,0.6,1,250.0
18,2,1,22.5,23.2,0.6,1,317.5
16,5,1,19.27,11.0,0.3,0,473.4
17,0,0,0.0,0.0,0.3,0,0.0
19,4,1,9.53,185.7,0.6,0,656.9
11,3,0,0.0,0.0,0.3,0,0.0
10,6,1,18.76,1.6,0.55,0,205.6
17,4,0,0.0,0.0,0.3,0,0.0
18,0,0,0.0,0.0,0.5,0,0.0
14,4,0,0.0,0.0,0.3,0,0.0
19,0,1,19.29,73.4,0.5,0,633.0
3,4,0,0.0,0.0,0.05,0,0.0
19,1,1,6.0,10.8,0.6,1,606.0
10,0,1,20.77,95.5,0.55,1,152.2
19,0,1,12.28,10.9,0.5,0,552.8
19,3,1,14.06,16.6,0.6,1,405.3
15,6,0,0.0,0.0,0.3,1,0.0
15,1,0,0.0,0.0,0.3,1,0.0
7,0,0,0.0,0.0,0.2,0,0.0
6,1,0,0.0,0.0,0.2,0,0.0
5,0,1,11.44,1.9,0.05,0,465.6
2,1,0,0.0,0.0,0.05,0,0.0
19,3,1,20.89,46.0,0.6,0,227.3
17,0,0,0.0,0.0,0.3,0,0.0
17,5,0,0.0,0.0,0.3,1,0.0
8,4,0,0.0,0.0,0.65,1,0.0
5,4,0,0.0,0.0,0.05,0,0.0
23,4,0,0.0,0.0,0.2,1,0.0
14,5,0,0.0,0.0,0.3,0,0.0
18,3,1,16.4,75.4,0.6,0,182.8
16,2,1,24.96,17.7,0.3,0,444.7
1,6,0,0.0,0.0,0.05,0,0.0
13,3,0,0.0,0.0,0.3,1,0.0
11,1,0,0.0,0.0,0.3,1,0.0
0,4,0,0.0,0.0,0.05,0,0.0
21,6,1,16.61,43.0,0.5,1,158.8
12,4,1,14.35,2.5,0.3,0,733.1
14,0,0,0.0,0.0,0.3,0,0.0
14,1,0,0.0,0.0,0.3,0,0.0
22,3,0,0.0,0.0,0.2,1,0.0
1,6,0,0.0,0.0,0.05,0,0.0
17,2,1,13.32,63.9,0.3,0,678.6
1,4,0,0.0,0.0,0.05,0,0.0
6,0,0,0.0,0.0,0.2,0,0.0
10,5,1,18.85,26.4,0.65,0,488.0
18,6,0,0.0,0.0,0.5,1,0.0
7,4,1,16.05,13.7,0.2,0,577.2
22,3,0,0.0,0.0,0.2,0,0.0
17,2,0,0.0,0.0,0.3,1,0.0
18,4,1,24.97,93.7,0.6,0,2.4
14,6,0,0.0,0.0,0.3,1,0.0
18,5,1,11.89,29.6,0.6,1,132.3
19,1,1,19.56,1.4,0.6,1,336.9
14,3,1,15.82,2.2,0.3,1,214.1
6,6,0,0.0,0.0,0.2,0,0.0
10,3,1,17.58,2.4,0.65,1,309.9
14,0,0,0.0,0.0,0.3,1,0.0
10,2,0,0.0,0.0,0.65,1,0.0
2,4,0,0.0,0.0,0.05,1,0.0
10,2,1,11.78,22.4,0.65,0,687.4
9,2,1,17.35,3.2,0.65,1,203.4
13,6,1,16.33,88.1,0.3,1,390.3
18,4,0,0.0,0.0,0.6,1,0.0
23,2,0,0.0,0.0,0.2,0,0.0
3,2,0,0.0,0.0,0.05,0,0.0
17,2,0,0.0,0.0,0.3,0,0.0
20,2,1,12.04,19.3,0.6,1,313.2
2,3,0,0.0,0.0,0.05,0,0.0
9,5,1,15.72,18.4,0.65,0,566.3
18,1,0,0.0,0.0,0.6,1,0.0
11,6,1,16.44,22.5,0.3,0,263.3
23,0,0,0.0,0.0,0.2,1,0.0
20,1,1,27.05,77.8,0.6,0,134.9
0,6,0,0.0,0.0,0.05,0,0.0
16,4,1,15.6,22.4,0.3,0,299.3
22,2,0,0.0,0.0,0.2,0,0.0
23,6,0,0.0,0.0,0.2,0,0.0
22,6,1,29.63,74.2,0.2,0,66.7
11,5,1,14.77,69.7,0.3,0,371.1
6,0,1,19.25,16.4,0.2,1,169.3
2,4,1,16.08,70.1,0.05,0,479.6
21,1,1,18.03,14.6,0.6,1,391.0
11,1,0,0.0,0.0,0.3,0,0.0
18,1,1,16.84,86.2,0.6,1,314.3
6,3,0,0.0,0.0,0.2,0,0.0
12,4,0,0.0,0.0,0.3,1,0.0
11,0,1,14.72,23.6,0.3,0,250.3
18,4,1,17.11,104.0,0.6,0,668.3
0,2,0,0.0,0.0,0.05,0,0.0
18,5,1,17.3,37.1,0.6,0,412.7
22,5,0,0.0,0.0,0.2,1,0.0
14,0,0,0.0,0.0,0.3,1,0.0
7,3,0,0.0,0.0,0.2,1,0.0
8,6,1,18.11,5.0,0.55,1,327.5
13,5,0,0.0,0.0,0.3,1,0.0
4,3,0,0.0,0.0,0.05,0,0.0
14,5,0,0.0,0.0,0.3,1,0.0
4,3,0,0.0,0.0,0.05,0,0.0
23,3,0,0.0,0.0,0.2,1,0.0
21,0,0,0.0,0.0,0.5,1,0.0
5,2,0,0.0,0.0,0.05,0,0.0
7,5,0,0.0,0.0,0.2,1,0.0
17,4,1,13.77,8.9,0.3,0,179.6
23,3,0,0.0,0.0,0.2,0,0.0
18,5,0,0.0,0.0,0.6,0,0.0
22,3,0,0.0,0.0,0.2,0,0.0
18,4,0,0.0,0.0,0.6,0,0.0
2,6,0,0.0,0.0,0.05,0,0.0
19,4,1,15.53,18.7,0.6,0,686.0
14,0,0,0.0,0.0,0.3,1,0.0
14,3,0,0.0,0.0,0.3,1,0.0
12,5,0,0.0,0.0,0.3,0,0.0
9,1,0,0.0,0.0,0.65,1,0.0
18,2,1,19.09,76.3,0.6,0,240.9
19,0,0,0.0,0.0,0.5,0,0.0
3,2,0,0.0,0.0,0.05,0,0.0
16,2,0,0.0,0.0,0.3,0,0.0
21,0,0,0.0,0.0,0.5,0,0.0
21,2,1,9.5,24.4,0.6,0,492.2
1,3,0,0.0,0.0,0.05,0,0.0
12,6,0,0.0,0.0,0.3,0,0.0
19,3,0,0.0,0.0,0.6,1,0.0
7,6,0,0.0,0.0,0.2,1,0.0
1,6,0,0.0,0.0,0.05,0,0.0
0,5,0,0.0,0.0,0.05,0,0.0
21,5,0,0.0,0.0,0.6,1,0.0
4,6,0,0.0,0.0,0.05,0,0.0
11,1,1,14.73,7.7,0.3,0,879.7
10,0,0,0.0,0.0,0.55,1,0.0
12,2,0,0.0,0.0,0.3,0,0.0
7,0,0,0.0,0.0,0.2,1,0.0
7,3,1,9.36,13.0,0.2,0,556.6
5,0,0,0.0,0.0,0.05,0,0.0
4,4,0,0.0,0.0,0.05,0,0.0
9,4,1,13.72,19.2,0.65,1,104.4
13,6,1,7.56,34.8,0.3,1,1336.3
19,3,1,17.02,37.2,0.6,1,430.5
0,3,0,0.0,0.0,0.05,0,0.0
17,4,1,15.42,86.4,0.3,0,349.1
7,5,0,0.0,0.0,0.2,1,0.0
14,2,0,0.0,0.0,0.3,1,0.0
17,4,0,0.0,0.0,0.3,1,0.0
15,4,1,17.08,24.0,0.3,0,342.2
18,6,1,12.39,42.7,0.5,0,381.5
18,6,0,0.0,0.0,0.5,0,0.0
18,4,0,0.0,0.0,0.6,1,0.0
6,3,1,14.92,46.5,0.2,0,228.3
0,6,0,0.0,0.0,0.05,0,0.0
19,4,1,17.95,71.5,0.6,0,523.7
11,4,1,22.28,31.3,0.3,0,138.4
10,0,0,0.0,0.0,0.55,0,0.0
5,4,0,0.0,0.0,0.05,0,0.0
4,6,0,0.0,0.0,0.05,0,0.0
17,3,1,18.93,47.1,0.3,1,265.9
5,3,0,0.0,0.0,0.05,0,0.0
3,2,0,0.0,0.0,0.05,0,0.0
14,4,0,0.0,0.0,0.3,1,0.0
4,4,0,0.0,0.0,0.05,0,0.0
16,2,0,0.0,0.0,0.3,0,0.0
6,5,0,0.0,0.0,0.2,0,0.0
19,2,1,19.52,25.1,0.6,0,82.2
16,2,0,0.0,0.0,0.3,1,0.0
12,1,0,0.0,0.0,0.3,0,0.0
8,2,1,15.81,7.2,0.65,1,227.6
11,1,1,14.65,12.3,0.3,0,459.9
0,1,0,0.0,0.0,0.05,0,0.0
19,6,1,22.4,17.6,0.5,1,500.8
1,2,0,0.0,0.0,0.05,0,0.0
9,1,1,23.18,66.1,0.65,1,225.1
7,0,0,0.0,0.0,0.2,0,0.0
6,5,0,0.0,0.0,0.2,0,0.0
17,5,0,0.0,0.0,0.3,0,0.0
5,3,0,0.0,0.0,0.05,0,0.0
23,5,0,0.0,0.0,0.2,0,0.0
7,2,1,19.09,119.5,0.2,0,185.9
18,6,1,16.28,1.9,0.5,0,330.7
14,6,0,0.0,0.0,0.3,0,0.0
7,6,0,0.0,0.0,0.2,0,0.0
9,2,1,16.84,32.6,0.65,1,237.2
17,4,1,14.92,74.9,0.3,0,854.4
11,2,0,0.0,0.0,0.3,0,0.0
4,1,0,0.0,0.0,0.05,0,0.0
8,1,1,13.22,14.8,0.65,0,153.3
8,3,1,18.16,15.8,0.65,1,278.1
8,4,1,23.06,58.0,0.65,0,328.0
13,3,1,16.58,113.7,0.3,0,190.6
17,3,0,0.0,0.0,0.3,0,0.0
4,3,0,0.0,0.0,0.05,0,0.0
11,5,0,0.0,0.0,0.3,0,0.0
6,0,0,0.0,0.0,0.2,0,0.0
3,2,0,0.0,0.0,0.05,0,0.0
12,4,0,0.0,0.0,0.3,0,0.0
8,4,1,8.59,20.8,0.65,0,601.3
20,4,1,18.76,41.2,0.6,1,205.5
20,0,1,15.42,9.8,0.5,0,250.7
23,0,0,0.0,0.0,0.2,0,0.0
2,1,0,0.0,0.0,0.05,0,0.0
4,3,0,0.0,0.0,0.05,0,0.0
23,3,0,0.0,0.0,0.2,0,0.0
7,4,0,0.0,0.0,0.2,0,0.0
14,6,1,13.71,78.5,0.3,1,723.3
11,1,1,8.28,43.6,0.3,1,1011.5
4,2,0,0.0,0.0,0.05,0,0.0
18,0,1,14.95,14.8,0.5,0,328.8
17,6,1,20.65,32.4,0.3,0,315.6
18,2,1,14.77,1.8,0.6,0,465.7
6,4,0,0.0,0.0,0.2,0,0.0
11,4,0,0.0,0.0,0.3,0,0.0
1,5,0,0.0,0.0,0.05,0,0.0
1,2,0,0.0,0.0,0.05,0,0.0
7,4,0,0.0,0.0,0.2,1,0.0
7,0,0,0.0,0.0,0.2,0,0.0
13,0,1,13.06,85.4,0.3,0,394.7
2,0,0,0.0,0.0,0.05,0,0.0
7,0,0,0.0,0.0,0.2,1,0.0
19,2,1,16.63,9.7,0.6,1,213.4
5,6,0,0.0,0.0,0.05,0,0.0
4,0,0,0.0,0.0,0.05,0,0.0
5,4,0,0.0,0.0,0.05,0,0.0
20,6,1,9.44,27.1,0.5,1,325.8
7,2,0,0.0,0.0,0.2,0,0.0
22,5,0,0.0,0.0,0.2,0,0.0
8,1,1,22.98,46.4,0.65,1,87.5
20,1,1,15.89,15.2,0.6,0,273.7
7,1,1,12.68,131.0,0.2,0,243.8
11,6,0,0.0,0.0,0.3,1,0.0
5,1,0,0.0,0.0,0.05,0,0.0
7,3,0,0.0,0.0,0.2,0,0.0
4,4,0,0.0,0.0,0.05,0,0.0
19,6,0,0.0,0.0,0.5,1,0.0
12,3,0,0.0,0.0,0.3,1,0.0
9,1,1,6.0,7.2,0.65,1,1746.2
16,5,0,0.0,0.0,0.3,1,0.0
13,0,0,0.0,0.0,0.3,0,0.0
18,1,1,22.52,21.8,0.6,0,481.5
0,1,0,0.0,0.0,0.05,0,0.0
8,4,0,0.0,0.0,0.65,1,0.0
21,6,1,15.21,89.4,0.5,0,198.7
17,4,0,0.0,0.0,0.3,1,0.0
14,1,0,0.0,0.0,0.3,1,0.0
8,4,1,12.08,20.9,0.65,1,350.2
0,6,0,0.0,0.0,0.05,0,0.0
18,4,1,18.38,31.3,0.6,1,249.5
23,6,0,0.0,0.0,0.2,0,0.0
6,3,0,0.0,0.0,0.2,0,0.0
9,5,1,14.05,60.0,0.65,0,854.5
2,3,0,0.0,0.0,0.05,0,0.0
14,5,1,14.87,26.6,0.3,0,218.1
1,6,0,0.0,0.0,0.05,0,0.0
15,2,0,0.0,0.0,0.3,1,0.0
19,3,1,21.58,67.6,0.6,1,198.9
19,3,1,20.51,58.3,0.6,1,311.3
13,2,0,0.0,0.0,0.3,0,0.0
5,2,0,0.0,0.0,0.05,0,0.0
19,5,1,10.83,80.6,0.6,0,1171.8
6,5,1,14.35,11.1,0.2,0,963.1
6,1,0,0.0,0.0,0.2,0,0.0
22,0,0,0.0,0.0,0.2,1,0.0
22,5,0,0.0,0.0,0.2,0,0.0
7,4,0,0.0,0.0,0.2,1,0.0
16,1,0,0.0,0.0,0.3,0,0.0
12,3,0,0.0,0.0,0.3,1,0.0
2,5,0,0.0,0.0,0.05,0,0.0
3,5,0,0.0,0.0,0.05,0,0.0
4,6,0,0.0,0.0,0.05,0,0.0
3,0,0,0.0,0.0,0.05,0,0.0
3,1,0,0.0,0.0,0.05,0,0.0
1,0,1,16.18,6.0,0.05,0,164.5
0,4,0,0.0,0.0,0.05,0,0.0
19,0,0,0.0,0.0,0.5,0,0.0
9,3,0,0.0,0.0,0.65,1,0.0
16,2,0,0.0,0.0,0.3,0,0.0
16,0,0,0.0,0.0,0.3,1,0.0
17,6,1,15.53,2.5,0.3,1,485.7
13,3,0,0.0,0.0,0.3,0,0.0
17,4,0,0.0,0.0,0.3,0,0.0
12,2,0,0.0,0.0,0.3,0,0.0
18,6,0,0.0,0.0,0.5,0,0.0
12,6,0,0.0,0.0,0.3,0,0.0
10,0,1,10.66,12.3,0.55,0,415.3
19,0,0,0.0,0.0,0.5,0,0.0
23,5,0,0.0,0.0,0.2,0,0.0
16,1,1,22.62,6.0,0.3,0,137.2
13,2,0,0.0,0.0,0.3,0,0.0
19,2,1,14.96,61.1,0.6,0,253.2
12,1,1,21.93,149.7,0.3,0,147.7
13,2,0,0.0,0.0,0.3,0,0.0
6,3,0,0.0,0.0,0.2,1,0.0
22,5,0,0.0,0.0,0.2,0,0.0
20,1,1,17.93,0.0,0.6,0,103.9
0,3,0,0.0,0.0,0.05,0,0.0
5,2,0,0.0,0.0,0.05,0,0.0
16,2,0,0.0,0.0,0.3,0,0.0
12,1,1,15.54,37.3,0.3,0,417.2
19,1,1,24.01,101.6,0.6,1,218.5
4,3,0,0.0,0.0,0.05,0,0.0
23,0,0,0.0,0.0,0.2,0,0.0
17,1,0,0.0,0.0,0.3,0,0.0
8,5,1,19.33,40.6,0.65,0,196.3
1,6,0,0.0,0.0,0.05,1,0.0
20,3,1,19.39,48.1,0.6,1,330.0
1,6,0,0.0,0.0,0.05,0,0.0
7,3,0,0.0,0.0,0.2,0,0.0
5,4,0,0.0,0.0,0.05,0,0.0
5,4,0,0.0,0.0,0.05,0,0.0
0,2,0,0.0,0.0,0.05,0,0.0
8,5,1,12.2,68.3,0.65,0,912.7
9,2,1,14.26,81.9,0.65,1,69.4
22,1,0,0.0,0.0,0.2,1,0.0
22,0,0,0.0,0.0,0.2,0,0.0
5,2,0,0.0,0.0,0.05,0,0.0
14,1,0,0.0,0.0,0.3,0,0.0
8,4,1,15.17,39.6,0.65,0,225.9
12,4,0,0.0,0.0,0.3,1,0.0
16,1,0,0.0,0.0,0.3,0,0.0
11,4,0,0.0,0.0,0.3,1,0.0
12,3,1,18.15,45.3,0.3,0,257.1
6,4,0,0.0,0.0,0.2,0,0.0
21,1,1,10.28,3.6,0.6,1,708.5
1,3,0,0.0,0.0,0.05,0,0.0
1,3,0,0.0,0.0,0.05,0,0.0
5,1,0,0.0,0.0,0.05,0,0.0
18,3,1,20.66,28.7,0.6,0,79.9
8,0,1,17.02,74.6,0.55,1,262.8
0,6,0,0.0,0.0,0.05,0,0.0
4,0,0,0.0,0.0,0.05,0,0.0
1,4,0,0.0,0.0,0.05,0,0.0
1,2,0,0.0,0.0,0.05,0,0.0
18,5,0,0.0,0.0,0.6,1,0.0
3,6,0,0.0,0.0,0.05,0,0.0
17,3,0,0.0,0.0,0.3,1,0.0
17,6,0,0.0,0.0,0.3,0,0.0
11,6,1,15.88,17.8,0.3,0,239.9
13,0,0,0.0,0.0,0.3,0,0.0
20,0,0,0.0,0.0,0.5,1,0.0
19,3,1,18.9,18.0,0.6,0,325.2
15,2,1,22.59,64.7,0.3,0,476.5
19,4,1,19.02,55.1,0.6,0,344.7
20,1,1,17.57,84.1,0.6,0,319.1
4,1,0,0.0,0.0,0.05,0,0.0
18,4,0,0.0,0.0,0.6,1,0.0
14,1,0,0.0,0.0,0.3,1,0.0
18,2,1,19.52,31.9,0.6,1,326.5
13,1,0,0.0,0.0,0.3,1,0.0
3,0,0,0.0,0.0,0.05,0,0.0
12,4,0,0.0,0.0,0.3,0,0.0
7,2,0,0.0,0.0,0.2,0,0.0
10,4,0,0.0,0.0,0.65,0,0.0
0,0,0,0.0,0.0,0.05,0,0.0
1,2,0,0.0,0.0,0.05,0,0.0
2,2,0,0.0,0.0,0.05,0,0.0
7,0,0,0.0,0.0,0.2,1,0.0
10,6,0,0.0,0.0,0.55,0,0.0
17,5,0,0.0,0.0,0.3,0,0.0
12,4,0,0.0,0.0,0.3,0,0.0
3,0,0,0.0,0.0,0.05,1,0.0
6,4,1,14.66,62.1,0.2,0,698.0
19,4,1,10.92,26.0,0.6,1,1168.8
2,6,0,0.0,0.0,0.05,0,0.0
5,2,0,0.0,0.0,0.05,0,0.0
16,2,0,0.0,0.0,0.3,0,0.0
10,2,1,16.46,1.1,0.65,0,145.8
21,1,0,0.0,0.0,0.6,0,0.0
10,6,0,0.0,0.0,0.55,1,0.0
18,5,1,19.08,16.8,0.6,1,239.1
1,0,0,0.0,0.0,0.05,0,0.0
19,1,0,0.0,0.0,0.6,1,0.0
7,1,0,0.0,0.0,0.2,0,0.0
10,1,1,19.68,0.8,0.65,0,444.1
15,0,0,0.0,0.0,0.3,1,0.0
17,5,1,19.21,29.3,0.3,0,305.3
17,4,0,0.0,0.0,0.3,0,0.0
16,0,1,10.76,12.9,0.3,0,776.9
1,1,0,0.0,0.0,0.05,0,0.0
13,2,0,0.0,0.0,0.3,1,0.0
10,4,1,18.82,3.3,0.65,1,291.5
18,5,1,20.49,3.7,0.6,0,297.1
18,5,0,0.0,0.0,0.6,0,0.0
22,4,0,0.0,0.0,0.2,0,0.0
5,3,0,0.0,0.0,0.05,0,0.0
11,4,0,0.0,0.0,0.3,0,0.0
16,4,1,19.34,59.9,0.3,0,544.1
15,6,1,16.6,67.8,0.3,0,456.1
5,6,0,0.0,0.0,0.05,0,0.0
2,6,0,0.0,0.0,0.05,0,0.0
2,5,0,0.0,0.0,0.05,0,0.0
22,1,1,11.63,54.4,0.2,0,929.9
20,0,1,21.8,40.2,0.5,1,109.5
11,5,0,0.0,0.0,0.3,0,0.0
19,1,1,15.29,6.8,0.6,1,314.3
7,3,0,0.0,0.0,0.2,1,0.0
13,6,1,14.42,25.5,0.3,0,772.1
22,6,1,12.73,87.2,0.2,0,300.8
6,5,1,15.09,41.8,0.2,0,153.1
9,4,1,11.69,73.2,0.65,0,530.6
8,5,1,12.18,39.9,0.65,1,424.8
18,1,1,15.05,5.2,0.6,1,281.4
13,6,0,0.0,0.0,0.3,0,0.0
1,4,0,0.0,0.0,0.05,0,0.0
13,2,0,0.0,0.0,0.3,1,0.0
2,1,0,0.0,0.0,0.05,0,0.0
11,0,0,0.0,0.0,0.3,1,0.0
13,1,0,0.0,0.0,0.3,1,0.0
21,2,1,9.38,28.1,0.6,0,1454.9
10,6,1,15.97,17.5,0.55,0,169.8
11,0,0,0.0,0.0,0.3,0,0.0
11,6,0,0.0,0.0,0.3,0,0.0
13,4,1,16.94,6.4,0.3,0,612.2
10,1,0,0.0,0.0,0.65,0,0.0
5,6,0,0.0,0.0,0.05,0,0.0
3,3,0,0.0,0.0,0.05,0,0.0
18,2,0,0.0,0.0,0.6,1,0.0
21,3,0,0.0,0.0,0.6,1,0.0
16,1,1,18.4,88.2,0.3,0,7.1
5,0,0,0.0,0.0,0.05,0,0.0
11,4,0,0.0,0.0,0.3,0,0.0
10,6,1,8.42,13.2,0.55,1,982.0
15,4,0,0.0,0.0,0.3,0,0.0
10,0,1,10.83,93.5,0.55,0,454.3
21,1,1,19.88,60.2,0.6,1,375.9
14,6,0,0.0,0.0,0.3,1,0.0
2,1,0,0.0,0.0,0.05,0,0.0
20,5,0,0.0,0.0,0.6,1,0.0
2,1,0,0.0,0.0,0.05,0,0.0
20,6,1,16.05,12.4,0.5,1,307.2
18,3,1,18.64,98.1,0.6,0,108.2
1,3,0,0.0,0.0,0.05,0,0.0
18,3,1,17.06,21.4,0.6,1,262.4
7,0,0,0.0,0.0,0.2,1,0.0
19,2,1,16.59,20.8,0.6,1,180.5
2,1,0,0.0,0.0,0.05,0,0.0
21,4,0,0.0,0.0,0.6,1,0.0
10,2,1,11.11,6.6,0.65,1,477.1
17,0,0,0.0,0.0,0.3,1,0.0
9,1,1,12.35,41.4,0.65,0,161.1
1,4,1,14.0,9.9,0.05,0,946.7
4,4,0,0.0,0.0,0.05,0,0.0
0,5,0,0.0,0.0,0.05,0,0.0
6,6,1,18.98,29.8,0.2,0,253.8
12,1,0,0.0,0.0,0.3,0,0.0
10,4,0,0.0,0.0,0.65,0,0.0
6,1,0,0.0,0.0,0.2,0,0.0
8,0,0,0.0,0.0,0.55,0,0.0
4,2,1,20.1,18.3,0.05,0,273.3
4,0,0,0.0,0.0,0.05,0,0.0
23,6,1,11.83,33.6,0.2,0,417.8
19,0,1,15.48,9.1,0.5,1,828.1
22,6,1,16.37,22.3,0.2,0,508.7
2,6,0,0.0,0.0,0.05,0,0.0
0,0,0,0.0,0.0,0.05,0,0.0
17,2,0,0.0,0.0,0.3,0,0.0
17,4,0,0.0,0.0,0.3,0,0.0
23,5,0,0.0,0.0,0.2,0,0.0
21,3,1,12.1,1.3,0.6,0,559.4
18,3,1,13.23,123.8,0.6,1,674.6
15,1,0,0.0,0.0,0.3,1,0.0
0,2,0,0.0,0.0,0.05,0,0.0
5,5,0,0.0,0.0,0.05,0,0.0
0,0,0,0.0,0.0,0.05,0,0.0
22,1,0,0.0,0.0,0.2,0,0.0
3,1,0,0.0,0.0,0.05,0,0.0
22,6,0,0.0,0.0,0.2,0,0.0
20,1,1,7.02,32.9,0.6,1,1016.2
9,4,1,11.99,11.4,0.65,1,406.2
16,3,0,0.0,0.0,0.3,0,0.0
9,0,1,18.83,174.1,0.55,0,105.1
3,3,0,0.0,0.0,0.05,0,0.0
5,2,0,0.0,0.0,0.05,0,0.0
15,6,1,10.43,82.9,0.3,1,242.4
2,5,0,0.0,0.0,0.05,0,0.0
1,3,0,0.0,0.0,0.05,0,0.0
15,1,0,0.0,0.0,0.3,0,0.0
0,3,0,0.0,0.0,0.05,0,0.0
14,1,0,0.0,0.0,0.3,0,0.0
15,0,0,0.0,0.0,0.3,1,0.0
16,4,1,14.09,125.0,0.3,1,290.9
14,5,0,0.0,0.0,0.3,0,0.0
9,2,1,16.78,2.2,0.65,1,562.5
3,0,0,0.0,0.0,0.05,0,0.0
0,2,0,0.0,0.0,0.05,1,0.0
0,3,0,0.0,0.0,0.05,0,0.0
21,6,0,0.0,0.0,0.5,1,0.0
6,3,0,0.0,0.0,0.2,0,0.0
7,2,0,0.0,0.0,0.2,0,0.0
9,3,1,16.72,43.8,0.65,1,154.0
12,0,1,20.46,38.6,0.3,0,214.2
14,4,1,11.45,24.1,0.3,0,875.9
20,0,1,18.6,69.5,0.5,1,268.6
1,2,0,0.0,0.0,0.05,0,0.0
6,4,0,0.0,0.0,0.2,0,0.0
13,6,1,17.18,12.0,0.3,0,342.6
1,1,0,0.0,0.0,0.05,0,0.0
12,2,0,0.0,0.0,0.3,0,0.0
9,5,1,20.07,45.4,0.65,0,601.6
21,3,1,8.85,9.5,0.6,0,338.0
13,4,0,0.0,0.0,0.3,0,0.0
14,4,0,0.0,0.0,0.3,1,0.0
2,2,0,0.0,0.0,0.05,0,0.0
17,5,1,16.87,11.6,0.3,0,211.6
1,1,0,0.0,0.0,0.05,0,0.0
18,2,0,0.0,0.0,0.6,1,0.0
22,1,1,17.84,79.9,0.2,0,175.0
22,6,0,0.0,0.0,0.2,0,0.0
3,5,1,15.87,18.1,0.05,0,884.2
10,3,0,0.0,0.0,0.65,1,0.0
1,0,0,0.0,0.0,0.05,0,0.0
13,6,1,21.19,31.6,0.3,0,185.7
16,0,0,0.0,0.0,0.3,0,0.0
17,6,1,22.07,47.1,0.3,0,186.9
3,5,0,0.0,0.0,0.05,1,0.0
9,5,1,18.63,4.7,0.65,0,347.8
17,2,0,0.0,0.0,0.3,0,0.0
2,1,0,0.0,0.0,0.05,0,0.0
10,2,1,13.89,17.0,0.65,1,401.5
6,4,0,0.0,0.0,0.2,0,0.0
4,4,0,0.0,0.0,0.05,0,0.0
4,5,0,0.0,0.0,0.05,0,0.0
0,2,0,0.0,0.0,0.05,0,0.0
2,6,0,0.0,0.0,0.05,0,0.0
15,4,1,12.61,4.4,0.3,0,495.4
2,6,0,0.0,0.0,0.05,1,0.0
21,5,1,15.05,6.2,0.6,1,344.0
10,1,1,18.71,7.4,0.65,0,263.8
13,6,0,0.0,0.0,0.3,0,0.0
8,0,1,20.76,13.7,0.55,1,331.6
4,3,0,0.0,0.0,0.05,0,0.0
20,5,1,14.6,95.5,0.6,0,378.2
7,6,0,0.0,0.0,0.2,0,0.0
8,6,0,0.0,0.0,0.55,1,0.0
13,5,0,0.0,0.0,0.3,1,0.0
17,3,1,13.21,45.5,0.3,1,176.6
10,4,1,19.51,8.3,0.65,0,526.8
10,3,1,19.8,5.0,0.65,0,521.3
21,1,1,10.33,60.3,0.6,1,248.8
19,6,1,20.81,199.0,0.5,0,0.0
19,5,1,8.41,31.7,0.6,0,884.8
16,1,0,0.0,0.0,0.3,0,0.0
13,5,1,9.46,101.5,0.3,1,346.3
13,3,0,0.0,0.0,0.3,1,0.0
4,3,0,0.0,0.0,0.05,0,0.0
13,0,1,16.83,8.7,0.3,0,353.4
17,6,0,0.0,0.0,0.3,0,0.0
20,4,1,24.23,1.3,0.6,1,440.0
5,5,0,0.0,0.0,0.05,0,0.0
21,6,0,0.0,0.0,0.5,1,0.0
0,6,1,26.77,28.7,0.05,0,220.9
11,6,0,0.0,0.0,0.3,0,0.0
3,5,0,0.0,0.0,0.05,0,0.0
9,3,0,0.0,0.0,0.65,0,0.0
21,4,1,21.03,136.7,0.6,1,210.8
20,1,1,13.94,12.0,0.6,0,322.1
23,1,0,0.0,0.0,0.2,1,0.0
21,3,0,0.0,0.0,0.6,1,0.0
11,2,1,19.28,5.2,0.3,1,240.4
14,4,0,0.0,0.0,0.3,0,0.0
23,2,0,0.0,0.0,0.2,1,0.0
12,6,0,0.0,0.0,0.3,0,0.0
14,4,1,10.94,27.3,0.3,0,512.0
11,2,0,0.0,0.0,0.3,0,0.0
14,0,1,20.55,72.6,0.3,0,488.5
15,5,0,0.0,0.0,0.3,0,0.0
21,2,1,19.34,91.9,0.6,0,127.4
17,6,1,19.9,56.0,0.3,0,439.5
23,5,0,0.0,0.0,0.2,0,0.0
2,1,0,0.0,0.0,0.05,0,0.0
17,6,1,20.76,11.5,0.3,0,585.6
5,3,0,0.0,0.0,0.05,0,0.0
20,1,1,9.32,51.0,0.6,0,871.2
10,2,0,0.0,0.0,0.65,0,0.0
20,2,0,0.0,0.0,0.6,1,0.0
21,0,1,19.78,4.1,0.5,0,119.9
10,2,0,0.0,0.0,0.65,0,0.0
16,4,0,0.0,0.0,0.3,1,0.0
6,1,1,16.61,88.3,0.2,1,549.4
6,1,1,11.2,34.4,0.2,1,447.9
18,2,1,21.81,15.9,0.6,0,134.3
11,0,1,12.73,125.5,0.3,0,385.1
9,5,1,16.33,15.4,0.65,0,429.0
10,4,1,7.33,18.4,0.65,0,757.5
4,3,0,0.0,0.0,0.05,0,0.0
19,3,1,8.62,2.3,0.6,1,1335.3
10,0,0,0.0,0.0,0.55,1,0.0
7,2,0,0.0,0.0,0.2,0,0.0
20,0,1,9.06,47.1,0.5,1,588.2
23,2,1,12.13,31.1,0.2,0,199.7
13,3,1,12.17,101.5,0.3,0,635.1
19,3,0,0.0,0.0,0.6,0,0.0
20,6,0,0.0,0.0,0.5,0,0.0
12,1,1,14.88,0.5,0.3,0,352.1
10,5,1,14.59,40.3,0.65,0,887.9
6,3,0,0.0,0.0,0.2,0,0.0
16,2,1,15.95,13.3,0.3,0,636.6
12,4,0,0.0,0.0,0.3,1,0.0
5,2,0,0.0,0.0,0.05,0,0.0
19,3,1,18.7,5.7,0.6,0,584.2
20,6,1,13.43,6.8,0.5,1,566.5
14,0,0,0.0,0.0,0.3,1,0.0
3,3,0,0.0,0.0,0.05,1,0.0
17,3,1,16.57,82.1,0.3,0,476.4
21,2,0,0.0,0.0,0.6,1,0.0
9,0,1,19.71,32.9,0.55,0,360.4
13,0,0,0.0,0.0,0.3,0,0.0
7,6,0,0.0,0.0,0.2,0,0.0
5,2,0,0.0,0.0,0.05,0,0.0
21,5,1,16.7,27.3,0.6,1,378.8
19,6,1,8.61,63.6,0.5,1,591.1
22,4,0,0.0,0.0,0.2,0,0.0
9,6,1,15.09,44.0,0.55,0,343.4
22,3,0,0.0,0.0,0.2,0,0.0
6,1,0,0.0,0.0,0.2,0,0.0
1,0,0,0.0,0.0,0.05,0,0.0
14,4,0,0.0,0.0,0.3,1,0.0
7,5,0,0.0,0.0,0.2,0,0.0
17,3,1,14.34,13.2,0.3,0,365.3
4,5,0,0.0,0.0,0.05,0,0.0
19,6,1,12.38,1.2,0.5,0,419.8
12,1,0,0.0,0.0,0.3,0,0.0
9,6,1,18.43,50.8,0.55,0,198.2
6,3,1,10.27,198.9,0.2,1,516.7
6,5,1,10.53,81.2,0.2,0,248.4
9,1,0,0.0,0.0,0.65,1,0.0
3,0,0,0.0,0.0,0.05,0,0.0
2,2,0,0.0,0.0,0.05,0,0.0
21,0,0,0.0,0.0,0.5,1,0.0
12,6,0,0.0,0.0,0.3,0,0.0
19,3,1,16.02,80.6,0.6,1,685.6
7,1,0,0.0,0.0,0.2,0,0.0
11,3,0,0.0,0.0,0.3,1,0.0
19,3,1,15.71,31.9,0.6,0,545.4
2,2,0,0.0,0.0,0.05,0,0.0
9,2,1,13.17,6.4,0.65,0,691.7
14,3,0,0.0,0.0,0.3,0,0.0
21,1,0,0.0,0.0,0.6,1,0.0
21,3,1,14.32,3.5,0.6,1,168.6
0,2,0,0.0,0.0,0.05,0,0.0
18,2,1,26.65,37.3,0.6,0,383.7
7,1,0,0.0,0.0,0.2,1,0.0
23,6,0,0.0,0.0,0.2,0,0.0
17,5,0,0.0,0.0,0.3,0,0.0
15,3,1,18.67,24.5,0.3,0,431.5
15,4,0,0.0,0.0,0.3,1,0.0
22,0,1,14.56,1.8,0.2,0,325.6
17,5,0,0.0,0.0,0.3,1,0.0
10,5,1,20.95,27.7,0.65,1,344.7
6,1,1,17.59,125.2,0.2,0,209.3
3,6,0,0.0,0.0,0.05,0,0.0
11,3,0,0.0,0.0,0.3,1,0.0
18,4,0,0.0,0.0,0.6,0,0.0
3,4,0,0.0,0.0,0.05,0,0.0
1,4,0,0.0,0.0,0.05,0,0.0
6,5,1,17.44,19.3,0.2,0,704.6
5,4,0,0.0,0.0,0.05,0,0.0
22,1,1,17.72,1.5,0.2,0,645.6
19,2,1,10.24,72.8,0.6,1,433.8
12,3,0,0.0,0.0,0.3,1,0.0
19,5,1,22.72,4.9,0.6,1,195.4
3,0,0,0.0,0.0,0.05,0,0.0
21,5,1,6.21,4.3,0.6,0,451.6
15,0,1,15.61,12.3,0.3,0,289.1
18,3,0,0.0,0.0,0.6,1,0.0
11,1,1,16.22,35.2,0.3,1,725.4
3,5,0,0.0,0.0,0.05,0,0.0
21,3,1,12.58,22.9,0.6,1,1050.7
22,5,1,16.99,51.9,0.2,0,522.6
4,5,0,0.0,0.0,0.05,0,0.0
2,1,0,0.0,0.0,0.05,0,0.0
1,5,1,13.07,56.0,0.05,1,512.8
4,1,0,0.0,0.0,0.05,0,0.0
2,0,0,0.0,0.0,0.05,1,0.0
15,6,1,13.26,28.3,0.3,0,175.9
15,2,0,0.0,0.0,0.3,0,0.0
14,2,1,11.87,11.9,0.3,0,178.5
2,3,0,0.0,0.0,0.05,0,0.0
23,1,0,0.0,0.0,0.2,0,0.0
16,4,1,13.24,48.3,0.3,0,425.0
3,2,0,0.0,0.0,0.05,0,0.0
8,5,1,16.97,19.5,0.65,0,597.0
12,1,0,0.0,0.0,0.3,0,0.0
14,2,0,0.0,0.0,0.3,0,0.0
5,5,0,0.0,0.0,0.05,0,0.0
15,3,0,0.0,0.0,0.3,0,0.0
17,6,0,0.0,0.0,0.3,0,0.0
7,3,1,15.21,45.5,0.2,0,377.0
0,0,0,0.0,0.0,0.05,0,0.0
22,4,0,0.0,0.0,0.2,0,0.0
15,3,1,17.15,44.1,0.3,1,217.3
23,5,0,0.0,0.0,0.2,0,0.0
14,2,0,0.0,0.0,0.3,1,0.0
14,3,0,0.0,0.0,0.3,0,0.0
15,3,0,0.0,0.0,0.3,0,0.0
12,4,0,0.0,0.0,0.3,1,0.0
9,3,0,0.0,0.0,0.65,1,0.0
14,0,0,0.0,0.0,0.3,0,0.0
15,1,0,0.0,0.0,0.3,0,0.0
16,6,0,0.0,0.0,0.3,1,0.0
14,4,0,0.0,0.0,0.3,1,0.0
1,4,0,0.0,0.0,0.05,0,0.0
11,5,0,0.0,0.0,0.3,1,0.0
1,5,0,0.0,0.0,0.05,0,0.0
8,4,1,13.98,70.3,0.65,0,606.9
11,6,1,12.39,36.4,0.3,1,739.3
19,3,1,10.79,1.0,0.6,1,240.6
21,2,0,0.0,0.0,0.6,1,0.0
20,0,0,0.0,0.0,0.5,1,0.0
3,1,0,0.0,0.0,0.05,0,0.0
14,4,0,0.0,0.0,0.3,0,0.0
11,4,1,16.72,74.0,0.3,0,216.7
8,4,1,16.41,13.7,0.65,0,872.9
15,6,0,0.0,0.0,0.3,1,0.0
8,5,1,20.31,46.4,0.65,0,172.0
7,6,1,11.5,4.1,0.2,0,631.5
9,2,0,0.0,0.0,0.65,1,0.0
18,4,1,14.59,30.7,0.6,0,298.7
8,5,0,0.0,0.0,0.65,0,0.0
23,3,0,0.0,0.0,0.2,1,0.0
7,2,0,0.0,0.0,0.2,0,0.0
2,2,0,0.0,0.0,0.05,0,0.0
9,0,1,19.5,43.0,0.55,0,121.1
10,4,0,0.0,0.0,0.65,1,0.0
18,1,1,18.68,11.4,0.6,0,220.8
23,0,0,0.0,0.0,0.2,0,0.0
13,2,0,0.0,0.0,0.3,0,0.0
23,4,1,6.11,173.1,0.2,0,1062.2
0,0,0,0.0,0.0,0.05,0,0.0
2,0,0,0.0,0.0,0.05,0,0.0
0,1,0,0.0,0.0,0.05,0,0.0
5,4,0,0.0,0.0,0.05,0,0.0
12,3,1,11.74,26.8,0.3,0,456.4
17,4,1,19.01,38.8,0.3,1,510.1
12,3,0,0.0,0.0,0.3,0,0.0
7,2,0,0.0,0.0,0.2,1,0.0
13,5,0,0.0,0.0,0.3,0,0.0
8,1,1,23.61,45.9,0.65,0,232.7
5,3,0,0.0,0.0,0.05,0,0.0
20,6,0,0.0,0.0,0.5,1,0.0
11,0,0,0.0,0.0,0.3,0,0.0
15,1,0,0.0,0.0,0.3,1,0.0
6,1,0,0.0,0.0,0.2,0,0.0
4,2,0,0.0,0.0,0.05,0,0.0
7,0,0,0.0,0.0,0.2,0,0.0
17,1,0,0.0,0.0,0.3,0,0.0
6,0,0,0.0,0.0,0.2,0,0.0
23,5,0,0.0,0.0,0.2,0,0.0
14,3,0,0.0,0.0,0.3,0,0.0
8,6,1,14.41,74.0,0.55,1,674.9
10,3,1,11.62,26.1,0.65,1,479.5
17,5,1,7.18,46.8,0.3,0,865.3
16,0,0,0.0,0.0,0.3,0,0.0
10,0,1,20.35,22.4,0.55,0,680.0
6,4,0,0.0,0.0,0.2,0,0.0
9,2,1,19.91,42.8,0.65,0,209.3
16,2,1,24.85,121.9,0.3,1,330.0
14,4,0,0.0,0.0,0.3,0,0.0
0,5,1,19.92,120.2,0.05,0,410.0
0,6,0,0.0,0.0,0.05,0,0.0
13,4,1,21.26,4.6,0.3,0,99.4
17,1,1,20.94,57.4,0.3,0,79.2
11,2,0,0.0,0.0,0.3,0,0.0
6,5,0,0.0,0.0,0.2,0,0.0
5,5,0,0.0,0.0,0.05,0,0.0
4,2,0,0.0,0.0,0.05,0,0.0
22,6,0,0.0,0.0,0.2,1,0.0
17,5,0,0.0,0.0,0.3,1,0.0
4,0,0,0.0,0.0,0.05,0,0.0
21,4,0,0.0,0.0,0.6,1,0.0
8,6,1,13.82,12.0,0.55,1,550.6
10,5,1,14.96,49.5,0.65,1,368.9
23,5,0,0.0,0.0,0.2,1,0.0
10,5,1,16.88,59.0,0.65,1,191.7
13,0,0,0.0,0.0,0.3,0,0.0
10,6,1,10.2,9.5,0.55,0,402.9
3,0,0,0.0,0.0,0.05,0,0.0
11,5,1,16.67,92.7,0.3,0,118.3
18,3,1,19.77,47.7,0.6,1,177.3
18,4,0,0.0,0.0,0.6,1,0.0
0,6,0,0.0,0.0,0.05,0,0.0
10,6,0,0.0,0.0,0.55,0,0.0
23,1,0,0.0,0.0,0.2,0,0.0
11,0,1,24.85,8.5,0.3,0,231.8
7,4,0,0.0,0.0,0.2,0,0.0
0,4,0,0.0,0.0,0.05,0,0.0
22,0,0,0.0,0.0,0.2,0,0.0
3,2,0,0.0,0.0,0.05,0,0.0
22,5,1,15.42,42.8,0.2,0,501.8
4,1,0,0.0,0.0,0.05,0,0.0
19,0,1,11.98,14.9,0.5,1,329.0
8,6,0,0.0,0.0,0.55,0,0.0
8,5,0,0.0,0.0,0.65,0,0.0
22,5,0,0.0,0.0,0.2,0,0.0
10,2,0,0.0,0.0,0.65,0,0.0
15,4,0,0.0,0.0,0.3,0,0.0
11,5,0,0.0,0.0,0.3,0,0.0
19,3,1,18.11,1.2,0.6,1,140.7
4,3,0,0.0,0.0,0.05,0,0.0
21,6,0,0.0,0.0,0.5,0,0.0
9,4,1,12.08,130.7,0.65,1,541.7
13,4,0,0.0,0.0,0.3,0,0.0
12,1,1,9.77,36.2,0.3,0,465.1
7,2,0,0.0,0.0,0.2,0,0.0
7,2,0,0.0,0.0,0.2,0,0.0
23,0,0,0.0,0.0,0.2,0,0.0
7,1,0,0.0,0.0,0.2,0,0.0
6,5,0,0.0,0.0,0.2,0,0.0
16,1,0,0.0,0.0,0.3,1,0.0
10,3,1,13.85,20.8,0.65,1,446.3
17,5,1,25.57,49.6,0.3,0,168.9
16,6,1,9.8,3.5,0.3,0,769.8
20,2,1,13.61,27.8,0.6,0,944.9
6,6,1,15.69,45.2,0.2,0,587.0
19,3,1,17.43,6.2,0.6,0,406.2
13,5,1,7.8,4.3,0.3,1,1248.0
1,4,0,0.0,0.0,0.05,0,0.0
10,1,0,0.0,0.0,0.65,1,0.0
23,3,0,0.0,0.0,0.2,0,0.0
2,0,0,0.0,0.0,0.05,1,0.0
23,1,1,18.13,4.3,0.2,0,430.3
9,5,1,7.57,20.6,0.65,0,496.0
20,5,1,10.36,32.8,0.6,0,483.3
11,5,0,0.0,0.0,0.3,0,0.0
17,4,0,0.0,0.0,0.3,1,0.0
13,0,0,0.0,0.0,0.3,0,0.0
1,5,0,0.0,0.0,0.05,1,0.0
18,2,0,0.0,0.0,0.6,1,0.0
5,0,0,0.0,0.0,0.05,0,0.0
8,0,1,15.62,177.2,0.55,1,0.0
22,0,0,0.0,0.0,0.2,0,0.0
19,6,0,0.0,0.0,0.5,1,0.0
15,6,1,20.57,65.1,0.3,0,388.0
22,2,1,21.44,35.5,0.2,0,601.1
12,0,1,16.68,47.7,0.3,0,439.8
5,0,0,0.0,0.0,0.05,0,0.0
17,4,1,13.56,87.6,0.3,0,245.6
17,2,1,19.94,36.2,0.3,0,281.4
18,3,1,17.51,20.5,0.6,1,305.6
6,4,0,0.0,0.0,0.2,0,0.0
17,6,1,10.75,209.8,0.3,1,352.8
15,2,0,0.0,0.0,0.3,0,0.0
19,2,1,13.14,31.8,0.6,1,545.7
20,3,0,0.0,0.0,0.6,1,0.0
1,3,0,0.0,0.0,0.05,1,0.0
3,3,0,0.0,0.0,0.05,0,0.0
13,6,0,0.0,0.0,0.3,0,0.0
23,5,0,0.0,0.0,0.2,1,0.0
3,1,0,0.0,0.0,0.05,0,0.0
9,6,0,0.0,0.0,0.55,1,0.0
11,2,0,0.0,0.0,0.3,0,0.0
7,3,1,14.43,83.1,0.2,0,617.4
20,0,1,16.1,8.1,0.5,1,818.9
8,5,1,17.31,88.7,0.65,0,122.9
22,4,0,0.0,0.0,0.2,0,0.0
23,6,0,0.0,0.0,0.2,0,0.0
22,0,0,0.0,0.0,0.2,0,0.0
2,0,1,16.64,64.1,0.05,0,182.2
17,6,0,0.0,0.0,0.3,0,0.0
13,2,0,0.0,0.0,0.3,1,0.0
15,0,1,20.28,36.3,0.3,0,173.0
20,6,1,17.66,75.9,0.5,1,752.8
17,4,1,10.92,35.1,0.3,0,373.3
12,2,0,0.0,0.0,0.3,1,0.0
17,4,0,0.0,0.0,0.3,1,0.0
1,6,0,0.0,0.0,0.05,0,0.0
15,1,0,0.0,0.0,0.3,0,0.0
10,3,0,0.0,0.0,0.65,1,0.0
11,1,0,0.0,0.0,0.3,0,0.0
12,0,1,14.79,26.8,0.3,0,757.7
10,1,1,10.91,51.8,0.65,0,926.9
1,3,0,0.0,0.0,0.05,0,0.0
3,6,0,0.0,0.0,0.05,0,0.0
17,4,0,0.0,0.0,0.3,0,0.0
19,2,1,15.51,78.2,0.6,0,281.2
7,6,1,17.85,35.6,0.2,0,339.9
21,6,0,0.0,0.0,0.5,1,0.0
19,6,1,17.46,5.0,0.5,0,509.5
9,5,0,0.0,0.0,0.65,1,0.0
18,3,0,0.0,0.0,0.6,1,0.0
16,2,0,0.0,0.0,0.3,0,0.0
3,4,0,0.0,0.0,0.05,0,0.0
3,5,0,0.0,0.0,0.05,0,0.0
14,2,0,0.0,0.0,0.3,0,0.0
10,2,1,15.08,7.2,0.65,0,158.3
21,5,0,0.0,0.0,0.6,0,0.0
20,2,1,13.96,16.3,0.6,0,391.8
12,3,0,0.0,0.0,0.3,0,0.0
18,4,1,12.29,101.6,0.6,0,352.0
14,2,0,0.0,0.0,0.3,0,0.0
6,1,1,10.68,23.5,0.2,0,792.3
20,1,1,11.37,79.0,0.6,0,553.9
6,1,1,19.53,20.8,0.2,1,511.6
22,6,0,0.0,0.0,0.2,0,0.0
6,5,0,0.0,0.0,0.2,0,0.0
0,3,0,0.0,0.0,0.05,0,0.0
3,2,0,0.0,0.0,0.05,0,0.0
17,4,0,0.0,0.0,0.3,0,0.0
20,3,0,0.0,0.0,0.6,1,0.0
16,6,0,0.0,0.0,0.3,0,0.0
19,5,1,8.86,0.3,0.6,1,660.5
2,5,0,0.0,0.0,0.05,0,0.0
18,6,0,0.0,0.0,0.5,1,0.0
5,2,0,0.0,0.0,0.05,0,0.0
21,1,1,18.96,50.0,0.6,1,513.0
3,1,0,0.0,0.0,0.05,0,0.0
20,4,0,0.0,0.0,0.6,0,0.0
4,4,0,0.0,0.0,0.05,0,0.0
13,4,0,0.0,0.0,0.3,1,0.0
21,2,0,0.0,0.0,0.6,1,0.0
15,6,0,0.0,0.0,0.3,0,0.0
4,2,0,0.0,0.0,0.05,0,0.0
19,6,1,14.2,107.8,0.5,1,262.2
16,5,0,0.0,0.0,0.3,0,0.0
6,3,1,18.52,31.5,0.2,1,719.2
9,4,1,17.75,72.3,0.65,1,336.0
0,1,0,0.0,0.0,0.05,0,0.0
7,2,0,0.0,0.0,0.2,0,0.0
18,6,1,12.67,48.3,0.5,1,592.7
23,0,1,19.6,7.4,0.2,0,185.7
14,3,1,10.6,52.8,0.3,0,436.4
16,6,1,15.54,31.2,0.3,0,450.9
4,6,0,0.0,0.0,0.05,0,0.0
17,6,0,0.0,0.0,0.3,1,0.0
14,0,1,16.3,60.1,0.3,0,366.6
23,0,0,0.0,0.0,0.2,0,0.0
4,3,0,0.0,0.0,0.05,0,0.0
4,3,0,0.0,0.0,0.05,0,0.0
0,5,0,0.0,0.0,0.05,0,0.0
19,1,1,10.93,35.9,0.6,0,183.7
15,1,0,0.0,0.0,0.3,0,0.0
19,2,1,10.86,35.8,0.6,1,349.9
1,5,0,0.0,0.0,0.05,0,0.0
7,6,0,0.0,0.0,0.2,0,0.0
23,2,0,0.0,0.0,0.2,0,0.0
23,4,0,0.0,0.0,0.2,0,0.0
14,6,0,0.0,0.0,0.3,0,0.0
20,4,0,0.0,0.0,0.6,1,0.0
13,4,0,0.0,0.0,0.3,0,0.0
13,6,0,0.0,0.0,0.3,1,0.0
3,6,0,0.0,0.0,0.05,0,0.0
1,6,0,0.0,0.0,0.05,0,0.0
5,3,0,0.0,0.0,0.05,0,0.0
11,2,0,0.0,0.0,0.3,1,0.0
16,0,0,0.0,0.0,0.3,1,0.0
20,1,1,15.69,80.9,0.6,0,267.2
12,2,1,12.89,135.2,0.3,0,562.7
7,2,0,0.0,0.0,0.2,0,0.0
9,0,1,19.49,0.5,0.55,0,317.0
20,5,1,14.25,24.1,0.6,1,658.1
10,6,0,0.0,0.0,0.55,1,0.0
17,1,0,0.0,0.0,0.3,1,0.0
6,0,0,0.0,0.0,0.2,0,0.0
22,4,1,12.51,49.8,0.2,0,164.3
5,0,0,0.0,0.0,0.05,0,0.0
19,2,0,0.0,0.0,0.6,0,0.0
20,0,1,23.25,16.8,0.5,1,331.7
22,2,0,0.0,0.0,0.2,1,0.0
5,3,0,0.0,0.0,0.05,0,0.0
7,0,1,15.21,11.5,0.2,0,598.8
3,4,0,0.0,0.0,0.05,0,0.0
21,5,1,14.03,189.6,0.6,1,0.0
8,0,0,0.0,0.0,0.55,1,0.0
22,3,0,0.0,0.0,0.2,0,0.0
4,0,0,0.0,0.0,0.05,0,0.0
7,3,0,0.0,0.0,0.2,0,0.0
16,0,0,0.0,0.0,0.3,1,0.0
13,1,1,18.75,29.0,0.3,1,197.9
23,3,0,0.0,0.0,0.2,0,0.0
5,2,0,0.0,0.0,0.05,0,0.0
5,5,0,0.0,0.0,0.05,0,0.0
7,2,0,0.0,0.0,0.2,0,0.0
12,6,1,14.92,19.4,0.3,0,612.4
13,5,0,0.0,0.0,0.3,0,0.0
14,2,1,9.38,66.1,0.3,1,1335.6
13,2,0,0.0,0.0,0.3,0,0.0
14,0,1,18.1,113.3,0.3,0,308.5
20,4,1,21.92,27.5,0.6,1,341.3
6,0,0,0.0,0.0,0.2,0,0.0
10,5,1,15.04,8.6,0.65,1,502.4
18,6,1,20.42,3.0,0.5,0,424.0
2,5,0,0.0,0.0,0.05,0,0.0
22,6,0,0.0,0.0,0.2,0,0.0
2,4,0,0.0,0.0,0.05,0,0.0
4,0,0,0.0,0.0,0.05,0,0.0
13,3,0,0.0,0.0,0.3,0,0.0
0,4,0,0.0,0.0,0.05,0,0.0
14,0,0,0.0,0.0,0.3,0,0.0
8,2,1,13.88,27.8,0.65,1,261.0
20,2,0,0.0,0.0,0.6,1,0.0
0,4,0,0.0,0.0,0.05,0,0.0
4,0,0,0.0,0.0,0.05,0,0.0
14,2,1,13.48,23.1,0.3,0,668.6
12,3,0,0.0,0.0,0.3,1,0.0
16,2,1,24.56,64.1,0.3,0,239.2
8,5,1,10.94,21.1,0.65,0,440.3
8,0,0,0.0,0.0,0.55,0,0.0
10,6,1,19.91,66.8,0.55,0,371.7
18,3,1,14.42,6.6,0.6,1,792.4
10,2,1,19.44,28.1,0.65,0,535.7
9,4,1,19.21,8.0,0.65,0,149.6
10,1,0,0.0,0.0,0.65,1,0.0
15,1,0,0.0,0.0,0.3,0,0.0
18,5,1,16.63,0.9,0.6,0,637.2
11,3,1,14.56,14.5,0.3,0,383.3
9,1,1,12.08,16.3,0.65,1,293.5
14,3,0,0.0,0.0,0.3,0,0.0
4,5,0,0.0,0.0,0.05,0,0.0
0,4,0,0.0,0.0,0.05,0,0.0
11,5,0,0.0,0.0,0.3,1,0.0
19,0,0,0.0,0.0,0.5,1,0.0
20,5,0,0.0,0.0,0.6,1,0.0
18,4,1,14.61,29.1,0.6,1,465.6
13,5,1,25.5,9.4,0.3,0,130.8
18,1,1,25.07,14.3,0.6,0,193.2
23,6,1,18.17,71.8,0.2,0,427.5
12,0,1,15.34,6.0,0.3,1,731.6
17,1,1,17.5,61.7,0.3,0,324.9
8,6,1,20.16,24.4,0.55,0,222.9
11,5,0,0.0,0.0,0.3,0,0.0
17,4,0,0.0,0.0,0.3,0,0.0
5,0,0,0.0,0.0,0.05,0,0.0
20,1,0,0.0,0.0,0.6,1,0.0
17,3,1,12.73,50.3,0.3,0,707.1
4,6,0,0.0,0.0,0.05,0,0.0
7,6,0,0.0,0.0,0.2,0,0.0
3,3,0,0.0,0.0,0.05,0,0.0
21,6,1,13.89,27.9,0.5,1,947.3
6,6,0,0.0,0.0,0.2,0,0.0
6,6,0,0.0,0.0,0.2,0,0.0
12,3,1,17.92,69.1,0.3,0,116.0
12,5,0,0.0,0.0,0.3,0,0.0
13,5,0,0.0,0.0,0.3,0,0.0
0,4,0,0.0,0.0,0.05,0,0.0
3,4,0,0.0,0.0,0.05,0,0.0
13,1,0,0.0,0.0,0.3,0,0.0
0,5,0,0.0,0.0,0.05,0,0.0
23,3,0,0.0,0.0,0.2,0,0.0
9,6,1,24.53,17.8,0.55,0,452.4
16,1,1,19.04,57.4,0.3,0,380.3
6,4,0,0.0,0.0,0.2,1,0.0
19,1,1,25.75,0.3,0.6,0,186.3
11,2,0,0.0,0.0,0.3,1,0.0
5,2,0,0.0,0.0,0.05,0,0.0
20,5,1,17.83,22.0,0.6,0,189.6
15,4,0,0.0,0.0,0.3,0,0.0
19,4,1,12.04,48.0,0.6,1,748.3
6,2,0,0.0,0.0,0.2,0,0.0
18,4,1,11.97,1.4,0.6,1,695.8
15,1,1,12.73,26.4,0.3,1,292.0
3,0,0,0.0,0.0,0.05,0,0.0
3,1,0,0.0,0.0,0.05,0,0.0
15,6,0,0.0,0.0,0.3,0,0.0
2,0,0,0.0,0.0,0.05,0,0.0
23,4,1,11.69,17.0,0.2,0,446.8
8,1,1,14.4,12.8,0.65,1,395.8
13,5,0,0.0,0.0,0.3,0,0.0
0,5,0,0.0,0.0,0.05,0,0.0
23,0,0,0.0,0.0,0.2,0,0.0
1,1,0,0.0,0.0,0.05,0,0.0
23,5,0,0.0,0.0,0.2,0,0.0
21,6,1,16.41,44.6,0.5,0,113.5
16,3,1,11.95,2.4,0.3,0,254.4
12,1,0,0.0,0.0,0.3,0,0.0
0,5,0,0.0,0.0,0.05,0,0.0
9,1,1,10.03,5.1,0.65,0,396.2
9,0,1,16.57,34.8,0.55,0,483.2
19,4,0,0.0,0.0,0.6,1,0.0
20,2,1,19.79,28.6,0.6,0,139.5
0,1,0,0.0,0.0,0.05,0,0.0
12,0,0,0.0,0.0,0.3,1,0.0
9,1,1,16.89,78.1,0.65,0,500.5
7,5,0,0.0,0.0,0.2,0,0.0
8,2,1,18.26,45.0,0.65,0,123.7
9,5,1,13.23,1.0,0.65,0,415.9
12,0,1,11.33,10.5,0.3,1,257.7
19,3,1,18.37,73.4,0.6,0,219.8
14,6,0,0.0,0.0,0.3,0,0.0
20,1,0,0.0,0.0,0.6,1,0.0
2,0,0,0.0,0.0,0.05,0,0.0
20,0,0,0.0,0.0,0.5,0,0.0
0,0,0,0.0,0.0,0.05,0,0.0
9,4,1,17.34,44.0,0.65,1,285.6
6,3,0,0.0,0.0,0.2,0,0.0
7,2,0,0.0,0.0,0.2,0,0.0
2,2,0,0.0,0.0,0.05,0,0.0
4,2,0,0.0,0.0,0.05,0,0.0
14,1,0,0.0,0.0,0.3,0,0.0
21,1,1,17.0,2.6,0.6,1,170.2
0,0,0,0.0,0.0,0.05,0,0.0
6,4,0,0.0,0.0,0.2,1,0.0
14,1,0,0.0,0.0,0.3,1,0.0
16,5,1,23.44,240.0,0.3,0,23.1
22,6,0,0.0,0.0,0.2,1,0.0
7,5,0,0.0,0.0,0.2,0,0.0
13,5,0,0.0,0.0,0.3,0,0.0
5,6,0,0.0,0.0,0.05,0,0.0
15,5,0,0.0,0.0,0.3,1,0.0
12,3,1,19.85,142.0,0.3,1,82.5
6,3,0,0.0,0.0,0.2,1,0.0
16,2,0,0.0,0.0,0.3,0,0.0
8,4,1,10.06,46.0,0.65,0,1009.7
22,3,0,0.0,0.0,0.2,0,0.0
17,1,0,0.0,0.0,0.3,0,0.0
22,4,0,0.0,0.0,0.2,0,0.0
20,5,1,12.74,1.3,0.6,1,562.6
4,1,0,0.0,0.0,0.05,0,0.0
1,3,0,0.0,0.0,0.05,0,0.0
19,4,1,16.36,15.1,0.6,0,149.4
15,5,0,0.0,0.0,0.3,0,0.0
22,5,0,0.0,0.0,0.2,1,0.0
23,6,1,17.62,83.8,0.2,0,346.3
17,2,0,0.0,0.0,0.3,0,0.0
18,5,1,10.77,12.6,0.6,0,284.0
16,2,1,18.4,19.6,0.3,0,281.2
22,3,0,0.0,0.0,0.2,0,0.0
7,2,0,0.0,0.0,0.2,1,0.0
19,0,1,21.91,76.8,0.5,0,48.7
15,2,0,0.0,0.0,0.3,0,0.0
3,6,0,0.0,0.0,0.05,1,0.0
21,4,1,11.97,80.9,0.6,1,492.9
20,2,0,0.0,0.0,0.6,0,0.0
2,3,0,0.0,0.0,0.05,0,0.0
21,2,1,15.2,39.5,0.6,0,413.1
8,0,1,18.85,36.2,0.55,1,548.2
12,6,0,0.0,0.0,0.3,0,0.0
5,0,0,0.0,0.0,0.05,0,0.0
21,5,1,22.58,46.8,0.6,1,382.3
13,5,1,8.07,22.5,0.3,0,1322.2
9,3,1,19.72,10.2,0.65,1,252.7
0,2,0,0.0,0.0,0.05,0,0.0
4,0,0,0.0,0.0,0.05,0,0.0
16,5,1,14.32,12.6,0.3,0,757.3
11,5,0,0.0,0.0,0.3,0,0.0
9,0,0,0.0,0.0,0.55,1,0.0
20,0,1,16.27,53.0,0.5,0,379.7
10,0,0,0.0,0.0,0.55,1,0.0
10,5,1,16.78,33.4,0.65,1,249.5
11,0,1,15.6,35.0,0.3,1,200.8
17,0,1,15.58,65.5,0.3,1,385.7
15,5,1,22.2,76.7,0.3,0,5.6
22,2,0,0.0,0.0,0.2,1,0.0
1,2,0,0.0,0.0,0.05,0,0.0
4,1,0,0.0,0.0,0.05,0,0.0
13,5,0,0.0,0.0,0.3,1,0.0
11,6,0,0.0,0.0,0.3,0,0.0
14,6,0,0.0,0.0,0.3,0,0.0
22,2,0,0.0,0.0,0.2,0,0.0
18,4,0,0.0,0.0,0.6,1,0.0
17,3,0,0.0,0.0,0.3,0,0.0
8,5,1,12.91,4.2,0.65,0,395.8
2,3,0,0.0,0.0,0.05,0,0.0
1,6,0,0.0,0.0,0.05,0,0.0
12,2,0,0.0,0.0,0.3,1,0.0
6,2,1,16.86,51.8,0.2,0,185.1
21,6,0,0.0,0.0,0.5,1,0.0
0,4,0,0.0,0.0,0.05,0,0.0
10,0,1,18.21,43.5,0.55,0,477.6
12,6,1,14.86,59.5,0.3,1,223.2
17,2,0,0.0,0.0,0.3,0,0.0
2,0,0,0.0,0.0,0.05,0,0.0
4,3,0,0.0,0.0,0.05,0,0.0
20,0,0,0.0,0.0,0.5,0,0.0
12,4,0,0.0,0.0,0.3,1,0.0
18,3,0,0.0,0.0,0.6,0,0.0
5,4,0,0.0,0.0,0.05,0,0.0
4,2,0,0.0,0.0,0.05,0,0.0
12,2,0,0.0,0.0,0.3,1,0.0
4,5,0,0.0,0.0,0.05,0,0.0
21,3,1,13.66,57.6,0.6,0,803.6
18,6,1,19.85,58.3,0.5,1,486.2
10,2,1,17.68,42.1,0.65,1,170.2
22,1,0,0.0,0.0,0.2,0,0.0
6,1,0,0.0,0.0,0.2,0,0.0
6,5,1,12.19,3.1,0.2,0,1137.2
15,2,0,0.0,0.0,0.3,0,0.0
1,6,0,0.0,0.0,0.05,0,0.0
15,4,0,0.0,0.0,0.3,1,0.0
9,3,1,12.28,14.2,0.65,1,512.4
18,3,1,14.34,35.3,0.6,0,134.7
13,5,0,0.0,0.0,0.3,0,0.0
20,2,1,14.5,51.4,0.6,1,250.9
21,5,1,20.5,5.8,0.6,0,475.0
21,4,1,13.25,42.4,0.6,1,293.0
5,1,0,0.0,0.0,0.05,0,0.0
23,2,0,0.0,0.0,0.2,0,0.0
0,1,0,0.0,0.0,0.05,0,0.0
17,6,0,0.0,0.0,0.3,0,0.0
15,4,0,0.0,0.0,0.3,0,0.0
23,4,1,16.32,1.9,0.2,0,407.8
11,5,1,18.53,48.2,0.3,0,168.9
8,1,1,18.62,127.0,0.65,0,206.0
5,0,0,0.0,0.0,0.05,0,0.0
8,4,0,0.0,0.0,0.65,0,0.0
22,1,1,16.27,20.8,0.2,0,212.2
3,5,0,0.0,0.0,0.05,0,0.0
10,1,1,12.95,7.0,0.65,1,311.9
1,1,0,0.0,0.0,0.05,0,0.0
11,4,1,19.43,8.4,0.3,0,434.4
11,3,0,0.0,0.0,0.3,0,0.0
17,4,0,0.0,0.0,0.3,0,0.0
20,5,1,15.27,2.4,0.6,1,164.5
10,4,1,6.38,17.5,0.65,1,1366.5
18,0,0,0.0,0.0,0.5,1,0.0
15,4,1,18.5,39.8,0.3,0,190.7
10,2,1,18.21,5.4,0.65,0,321.5
18,0,0,0.0,0.0,0.5,1,0.0
17,3,0,0.0,0.0,0.3,0,0.0
23,1,0,0.0,0.0,0.2,0,0.0
8,6,0,0.0,0.0,0.55,1,0.0
16,1,0,0.0,0.0,0.3,1,0.0
2,6,0,0.0,0.0,0.05,0,0.0
2,2,0,0.0,0.0,0.05,0,0.0
8,6,1,9.45,15.0,0.55,1,711.1
20,1,1,15.7,35.9,0.6,0,308.6
19,3,1,18.09,22.5,0.6,1,174.4
2,3,0,0.0,0.0,0.05,0,0.0
11,4,1,15.35,35.1,0.3,1,134.3
9,5,0,0.0,0.0,0.65,1,0.0
7,2,0,0.0,0.0,0.2,0,0.0
22,0,1,23.32,35.9,0.2,1,163.0
17,5,1,13.19,174.2,0.3,0,603.0
9,3,1,16.77,83.4,0.65,1,420.5
17,1,0,0.0,0.0,0.3,1,0.0
7,5,0,0.0,0.0,0.2,0,0.0
1,5,0,0.0,0.0,0.05,0,0.0
7,4,0,0.0,0.0,0.2,0,0.0
3,6,0,0.0,0.0,0.05,0,0.0
14,2,1,20.34,75.5,0.3,0,266.6
20,5,0,0.0,0.0,0.6,1,0.0
11,3,0,0.0,0.0,0.3,0,0.0
13,0,1,15.27,16.2,0.3,0,349.4
0,5,0,0.0,0.0,0.05,0,0.0
1,3,0,0.0,0.0,0.05,0,0.0
19,1,0,0.0,0.0,0.6,1,0.0
10,1,1,19.01,3.1,0.65,1,182.8
19,1,1,15.65,17.6,0.6,1,241.0
4,3,0,0.0,0.0,0.05,0,0.0
14,1,0,0.0,0.0,0.3,0,0.0
23,4,1,22.32,9.0,0.2,0,311.8
9,1,1,15.87,22.9,0.65,0,264.6
5,5,0,0.0,0.0,0.05,0,0.0
17,4,1,20.96,41.5,0.3,0,198.4
5,5,0,0.0,0.0,0.05,0,0.0
12,5,0,0.0,0.0,0.3,0,0.0
14,2,0,0.0,0.0,0.3,1,0.0
22,1,1,18.25,1.3,0.2,0,293.5
2,1,0,0.0,0.0,0.05,0,0.0
13,3,1,12.31,19.1,0.3,1,228.6
10,2,1,16.32,124.4,0.65,0,191.0
12,6,1,13.33,2.1,0.3,0,444.0
19,1,0,0.0,0.0,0.6,1,0.0
9,4,1,14.92,8.5,0.65,1,469.1
4,1,0,0.0,0.0,0.05,0,0.0
19,3,1,13.54,88.9,0.6,0,659.8
11,1,0,0.0,0.0,0.3,1,0.0
5,3,0,0.0,0.0,0.05,0,0.0
0,6,0,0.0,0.0,0.05,0,0.0
19,6,1,15.2,59.8,0.5,0,775.7
4,3,0,0.0,0.0,0.05,0,0.0
22,4,0,0.0,0.0,0.2,0,0.0
15,6,0,0.0,0.0,0.3,1,0.0
6,1,0,0.0,0.0,0.2,0,0.0
11,2,1,15.03,6.5,0.3,0,726.8
22,4,0,0.0,0.0,0.2,1,0.0
5,0,0,0.0,0.0,0.05,0,0.0
8,1,1,12.7,30.6,0.65,1,350.4
8,2,0,0.0,0.0,0.65,1,0.0
8,0,0,0.0,0.0,0.55,1,0.0
11,4,1,16.68,7.2,0.3,0,576.4
13,1,0,0.0,0.0,0.3,1,0.0
22,1,0,0.0,0.0,0.2,0,0.0
21,1,1,15.34,30.3,0.6,0,197.4
11,6,0,0.0,0.0,0.3,1,0.0
5,6,0,0.0,0.0,0.05,0,0.0
22,5,0,0.0,0.0,0.2,0,0.0
16,3,0,0.0,0.0,0.3,0,0.0
15,1,0,0.0,0.0,0.3,0,0.0
18,6,1,12.18,31.3,0.5,0,246.1
5,6,0,0.0,0.0,0.05,0,0.0
16,1,1,14.36,3.5,0.3,1,603.8
10,3,0,0.0,0.0,0.65,0,0.0
10,4,1,18.68,63.6,0.65,1,529.9
1,5,0,0.0,0.0,0.05,0,0.0
7,3,0,0.0,0.0,0.2,1,0.0
23,0,0,0.0,0.0,0.2,0,0.0
6,3,0,0.0,0.0,0.2,0,0.0
5,6,0,0.0,0.0,0.05,0,0.0
15,2,0,0.0,0.0,0.3,0,0.0
14,2,0,0.0,0.0,0.3,1,0.0
8,4,0,0.0,0.0,0.65,1,0.0
1,1,0,0.0,0.0,0.05,0,0.0
15,0,0,0.0,0.0,0.3,0,0.0
22,5,0,0.0,0.0,0.2,0,0.0
8,3,1,18.2,30.6,0.65,1,382.1
8,4,0,0.0,0.0,0.65,0,0.0
18,1,1,11.27,52.1,0.6,1,108.1
5,2,0,0.0,0.0,0.05,0,0.0
0,2,0,0.0,0.0,0.05,0,0.0
9,4,1,13.99,0.7,0.65,1,276.1
5,0,0,0.0,0.0,0.05,0,0.0
11,0,0,0.0,0.0,0.3,1,0.0
23,4,0,0.0,0.0,0.2,0,0.0
13,2,1,21.3,41.4,0.3,1,127.6
7,6,0,0.0,0.0,0.2,0,0.0
16,0,0,0.0,0.0,0.3,0,0.0
6,1,1,15.97,31.0,0.2,0,328.8
23,4,0,0.0,0.0,0.2,0,0.0
5,6,0,0.0,0.0,0.05,0,0.0
3,2,0,0.0,0.0,0.05,0,0.0
8,1,1,13.37,142.4,0.65,1,637.5
11,4,0,0.0,0.0,0.3,0,0.0
22,5,0,0.0,0.0,0.2,1,0.0
20,5,1,19.16,28.1,0.6,0,300.3
3,0,0,0.0,0.0,0.05,0,0.0
1,3,0,0.0,0.0,0.05,0,0.0
20,0,1,25.05,87.3,0.5,0,169.6
9,4,0,0.0,0.0,0.65,1,0.0
11,6,1,19.82,2.0,0.3,0,575.9
6,2,0,0.0,0.0,0.2,0,0.0
22,2,0,0.0,0.0,0.2,1,0.0
15,5,1,18.5,4.5,0.3,0,374.4
20,6,1,6.72,193.7,0.5,1,1190.2
6,0,0,0.0,0.0,0.2,1,0.0
7,3,1,14.88,51.5,0.2,0,435.7
12,4,0,0.0,0.0,0.3,0,0.0
15,1,0,0.0,0.0,0.3,0,0.0
20,1,1,15.28,15.9,0.6,0,591.6
21,1,0,0.0,0.0,0.6,1,0.0
20,2,1,17.66,5.6,0.6,1,268.7
21,5,1,20.17,82.2,0.6,1,172.4
10,2,1,10.1,21.2,0.65,0,340.8
6,4,1,14.7,63.9,0.2,0,402.7
7,6,0,0.0,0.0,0.2,0,0.0
19,3,0,0.0,0.0,0.6,0,0.0
9,2,0,0.0,0.0,0.65,1,0.0
22,4,0,0.0,0.0,0.2,0,0.0
5,1,0,0.0,0.0,0.05,0,0.0
0,2,0,0.0,0.0,0.05,0,0.0
16,3,0,0.0,0.0,0.3,1,0.0
9,3,1,16.08,58.1,0.65,0,358.8
20,6,0,0.0,0.0,0.5,0,0.0
9,5,1,18.39,25.0,0.65,0,522.0
3,4,0,0.0,0.0,0.05,0,0.0
12,3,0,0.0,0.0,0.3,1,0.0
19,4,1,6.59,23.4,0.6,0,870.0
7,3,0,0.0,0.0,0.2,1,0.0
3,4,0,0.0,0.0,0.05,0,0.0
7,4,0,0.0,0.0,0.2,0,0.0
16,1,0,0.0,0.0,0.3,1,0.0
10,5,1,17.14,18.3,0.65,1,182.2
20,5,1,13.18,14.0,0.6,1,796.8
8,1,1,18.28,101.4,0.65,0,320.2
18,2,1,17.4,57.6,0.6,0,326.2
14,3,0,0.0,0.0,0.3,1,0.0
17,4,0,0.0,0.0,0.3,1,0.0
12,5,0,0.0,0.0,0.3,0,0.0
9,6,0,0.0,0.0,0.55,0,0.0
11,4,1,17.91,65.3,0.3,0,504.4
5,0,0,0.0,0.0,0.05,0,0.0
16,2,1,11.91,84.9,0.3,0,62.5
1,6,0,0.0,0.0,0.05,0,0.0
14,3,0,0.0,0.0,0.3,1,0.0
22,3,0,0.0,0.0,0.2,0,0.0
4,1,0,0.0,0.0,0.05,0,0.0
22,5,0,0.0,0.0,0.2,0,0.0
19,3,1,11.65,44.5,0.6,1,818.6
3,0,0,0.0,0.0,0.05,0,0.0
16,0,0,0.0,0.0,0.3,1,0.0
22,5,1,19.01,2.6,0.2,0,179.4
8,6,0,0.0,0.0,0.55,1,0.0
4,4,0,0.0,0.0,0.05,0,0.0
13,1,0,0.0,0.0,0.3,0,0.0
14,3,0,0.0,0.0,0.3,0,0.0
4,2,0,0.0,0.0,0.05,0,0.0
13,4,1,20.83,38.9,0.3,1,246.7
5,0,0,0.0,0.0,0.05,1,0.0
15,0,0,0.0,0.0,0.3,1,0.0
7,1,0,0.0,0.0,0.2,0,0.0
4,1,0,0.0,0.0,0.05,0,0.0
11,6,0,0.0,0.0,0.3,0,0.0
22,6,0,0.0,0.0,0.2,0,0.0
12,3,0,0.0,0.0,0.3,0,0.0
12,3,0,0.0,0.0,0.3,1,0.0
15,2,0,0.0,0.0,0.3,1,0.0
8,0,1,16.91,14.7,0.55,1,194.1
7,0,1,13.64,109.2,0.2,1,537.3
21,1,1,11.77,0.0,0.6,0,355.7
5,6,0,0.0,0.0,0.05,0,0.0
0,1,0,0.0,0.0,0.05,0,0.0
9,3,1,9.6,109.0,0.65,0,489.5
5,4,1,13.85,33.6,0.05,0,488.0
13,5,1,16.74,0.1,0.3,0,370.4
8,6,1,17.07,46.5,0.55,0,361.4
9,5,1,15.26,46.0,0.65,1,439.9
13,1,0,0.0,0.0,0.3,0,0.0
5,6,1,14.76,26.6,0.05,0,823.8
10,0,1,11.85,8.0,0.55,0,288.5
3,5,0,0.0,0.0,0.05,0,0.0
0,0,0,0.0,0.0,0.05,0,0.0
4,5,0,0.0,0.0,0.05,0,0.0
23,1,0,0.0,0.0,0.2,0,0.0
2,3,0,0.0,0.0,0.05,0,0.0
15,4,1,21.82,37.7,0.3,1,348.3
19,2,1,24.25,92.9,0.6,0,44.6
13,0,0,0.0,0.0,0.3,0,0.0
16,5,0,0.0,0.0,0.3,0,0.0
19,3,0,0.0,0.0,0.6,0,0.0
23,4,0,0.0,0.0,0.2,1,0.0
2,2,0,0.0,0.0,0.05,0,0.0
5,3,0,0.0,0.0,0.05,0,0.0
21,1,0,0.0,0.0,0.6,1,0.0
18,1,1,20.35,44.3,0.6,1,103.5
5,2,0,0.0,0.0,0.05,0,0.0
7,5,0,0.0,0.0,0.2,0,0.0
22,1,0,0.0,0.0,0.2,0,0.0
13,6,1,17.81,19.1,0.3,1,172.2
17,2,1,14.81,3.9,0.3,0,430.9
15,3,1,16.36,37.9,0.3,1,197.9
10,2,1,18.68,68.6,0.65,1,533.3
18,3,1,14.06,24.2,0.6,0,175.0
11,1,0,0.0,0.0,0.3,0,0.0
12,6,0,0.0,0.0,0.3,0,0.0
8,1,0,0.0,0.0,0.65,1,0.0
6,6,0,0.0,0.0,0.2,0,0.0
15,1,0,0.0,0.0,0.3,0,0.0
10,4,1,16.37,25.7,0.65,0,571.1
11,2,0,0.0,0.0,0.3,1,0.0
16,3,1,14.05,42.9,0.3,0,518.4
5,2,0,0.0,0.0,0.05,0,0.0
8,0,1,20.65,30.1,0.55,1,227.7
13,6,1,16.89,121.1,0.3,0,289.4
2,0,0,0.0,0.0,0.05,0,0.0
23,5,0,0.0,0.0,0.2,1,0.0
20,5,1,14.1,72.0,0.6,0,703.3
3,4,1,21.07,2.7,0.05,0,630.5
14,3,1,11.82,2.4,0.3,1,608.0
5,5,0,0.0,0.0,0.05,1,0.0
7,6,1,17.96,30.2,0.2,0,401.6
1,3,0,0.0,0.0,0.05,0,0.0
2,1,0,0.0,0.0,0.05,0,0.0
4,3,1,16.55,109.9,0.05,0,138.1
0,4,0,0.0,0.0,0.05,0,0.0
17,6,0,0.0,0.0,0.3,0,0.0
14,5,0,0.0,0.0,0.3,0,0.0
3,0,0,0.0,0.0,0.05,0,0.0
19,4,0,0.0,0.0,0.6,0,0.0
22,4,0,0.0,0.0,0.2,0,0.0
10,0,1,12.18,27.6,0.55,1,323.5
5,1,0,0.0,0.0,0.05,0,0.0
8,4,0,0.0,0.0,0.65,1,0.0
0,4,0,0.0,0.0,0.05,0,0.0
2,6,0,0.0,0.0,0.05,0,0.0
22,0,0,0.0,0.0,0.2,0,0.0
13,2,0,0.0,0.0,0.3,0,0.0
14,3,0,0.0,0.0,0.3,0,0.0
19,1,1,20.29,27.4,0.6,0,111.2
22,2,0,0.0,0.0,0.2,0,0.0
12,0,1,15.15,75.2,0.3,0,129.1
18,1,1,15.93,152.0,0.6,0,574.0
10,5,1,16.82,22.6,0.65,0,359.8
11,6,0,0.0,0.0,0.3,0,0.0
9,3,1,14.72,32.7,0.65,1,359.3
5,0,0,0.0,0.0,0.05,0,0.0
3,5,0,0.0,0.0,0.05,0,0.0
23,0,1,12.86,42.0,0.2,0,210.1
5,4,1,11.42,5.3,0.05,0,294.2
6,2,0,0.0,0.0,0.2,0,0.0
15,4,0,0.0,0.0,0.3,0,0.0
1,2,0,0.0,0.0,0.05,0,0.0
14,2,0,0.0,0.0,0.3,1,0.0
3,0,0,0.0,0.0,0.05,0,0.0
20,4,1,20.71,157.5,0.6,0,543.8
0,4,0,0.0,0.0,0.05,0,0.0
18,6,0,0.0,0.0,0.5,1,0.0
8,2,1,13.36,30.9,0.65,1,798.4
20,2,0,0.0,0.0,0.6,0,0.0
1,4,0,0.0,0.0,0.05,0,0.0
15,6,1,16.26,34.0,0.3,0,233.2
6,1,0,0.0,0.0,0.2,0,0.0
11,2,0,0.0,0.0,0.3,1,0.0
11,2,0,0.0,0.0,0.3,0,0.0
18,6,0,0.0,0.0,0.5,1,0.0
9,3,0,0.0,0.0,0.65,0,0.0
7,3,0,0.0,0.0,0.2,1,0.0
21,1,1,7.4,10.9,0.6,0,951.7
6,3,0,0.0,0.0,0.2,1,0.0
17,3,0,0.0,0.0,0.3,1,0.0
20,5,1,17.39,105.9,0.6,0,620.4
8,6,1,12.15,10.7,0.55,1,251.5
17,6,0,0.0,0.0,0.3,1,0.0
19,2,1,19.93,41.6,0.6,0,123.1
19,3,0,0.0,0.0,0.6,1,0.0
4,2,0,0.0,0.0,0.05,0,0.0
11,4,0,0.0,0.0,0.3,0,0.0
6,3,0,0.0,0.0,0.2,0,0.0
14,5,0,0.0,0.0,0.3,0,0.0
9,0,1,16.11,176.6,0.55,1,388.5
2,6,0,0.0,0.0,0.05,0,0.0
14,4,0,0.0,0.0,0.3,0,0.0
23,0,0,0.0,0.0,0.2,0,0.0
17,2,1,13.02,125.7,0.3,1,385.2
17,4,1,22.77,77.8,0.3,1,207.1
7,0,0,0.0,0.0,0.2,0,0.0
5,1,0,0.0,0.0,0.05,0,0.0
14,4,0,0.0,0.0,0.3,0,0.0
8,4,1,15.42,18.5,0.65,1,510.5
22,5,0,0.0,0.0,0.2,1,0.0
8,6,0,0.0,0.0,0.55,1,0.0
4,2,0,0.0,0.0,0.05,0,0.0
17,2,0,0.0,0.0,0.3,1,0.0
9,5,1,12.55,6.3,0.65,1,231.4
9,6,0,0.0,0.0,0.55,1,0.0
14,6,0,0.0,0.0,0.3,1,0.0
6,6,0,0.0,0.0,0.2,0,0.0
18,3,0,0.0,0.0,0.6,1,0.0
23,0,1,11.44,0.4,0.2,0,384.5
3,5,0,0.0,0.0,0.05,1,0.0
5,2,0,0.0,0.0,0.05,0,0.0
13,2,1,22.93,37.4,0.3,0,586.0
7,5,0,0.0,0.0,0.2,0,0.0
14,4,1,14.04,173.0,0.3,1,297.9
8,4,0,0.0,0.0,0.65,1,0.0
23,2,0,0.0,0.0,0.2,0,0.0
2,0,0,0.0,0.0,0.05,0,0.0
19,1,1,11.39,19.6,0.6,0,961.3
22,6,1,19.79,5.3,0.2,0,321.5
9,5,1,14.76,33.4,0.65,1,366.7
21,5,1,15.76,0.2,0.6,0,635.5
23,6,0,0.0,0.0,0.2,1,0.0
23,5,0,0.0,0.0,0.2,0,0.0
17,3,1,19.06,23.7,0.3,0,221.0
0,4,0,0.0,0.0,0.05,0,0.0
19,5,0,0.0,0.0,0.6,0,0.0
2,5,0,0.0,0.0,0.05,0,0.0
14,5,0,0.0,0.0,0.3,1,0.0
4,1,0,0.0,0.0,0.05,0,0.0
22,5,1,15.09,44.1,0.2,1,169.1
3,3,0,0.0,0.0,0.05,0,0.0
0,0,0,0.0,0.0,0.05,0,0.0
15,3,0,0.0,0.0,0.3,0,0.0
20,6,1,13.56,14.8,0.5,0,445.3
3,1,0,0.0,0.0,0.05,0,0.0
11,4,0,0.0,0.0,0.3,1,0.0
17,4,0,0.0,0.0,0.3,0,0.0
1,2,0,0.0,0.0,0.05,1,0.0
12,3,0,0.0,0.0,0.3,1,0.0
20,2,1,21.27,9.9,0.6,0,149.6
1,3,0,0.0,0.0,0.05,0,0.0
10,4,1,12.71,10.6,0.65,0,774.1
13,5,1,17.55,6.3,0.3,0,598.7
18,1,0,0.0,0.0,0.6,1,0.0
20,3,0,0.0,0.0,0.6,1,0.0
19,4,1,8.8,10.9,0.6,1,832.7
22,6,0,0.0,0.0,0.2,0,0.0
23,1,0,0.0,0.0,0.2,0,0.0
14,0,0,0.0,0.0,0.3,1,0.0
15,6,0,0.0,0.0,0.3,1,0.0
20,6,1,19.16,27.4,0.5,0,437.3
17,2,0,0.0,0.0,0.3,0,0.0
2,1,0,0.0,0.0,0.05,0,0.0
6,3,0,0.0,0.0,0.2,1,0.0
0,4,0,0.0,0.0,0.05,0,0.0
22,4,0,0.0,0.0,0.2,0,0.0
7,3,0,0.0,0.0,0.2,0,0.0
22,6,0,0.0,0.0,0.2,0,0.0
11,2,0,0.0,0.0,0.3,0,0.0
6,5,1,18.44,43.1,0.2,0,393.9
20,2,0,0.0,0.0,0.6,1,0.0
17,4,0,0.0,0.0,0.3,0,0.0
8,4,1,17.38,3.1,0.65,0,240.7
11,5,0,0.0,0.0,0.3,1,0.0
16,2,1,16.18,82.0,0.3,0,98.4
6,5,1,16.54,13.2,0.2,0,687.7
11,5,0,0.0,0.0,0.3,1,0.0
4,4,0,0.0,0.0,0.05,0,0.0
2,3,0,0.0,0.0,0.05,0,0.0
12,3,0,0.0,0.0,0.3,1,0.0
0,1,0,0.0,0.0,0.05,0,0.0
4,1,0,0.0,0.0,0.05,0,0.0
6,5,0,0.0,0.0,0.2,1,0.0
12,3,1,8.03,10.7,0.3,1,858.6
10,0,1,16.08,31.5,0.55,0,696.6
8,0,1,11.56,4.3,0.55,1,295.8
11,6,0,0.0,0.0,0.3,0,0.0
11,4,1,14.84,103.9,0.3,0,51.7
13,4,1,21.66,6.9,0.3,0,204.1
9,5,1,13.57,16.1,0.65,1,508.3
1,5,0,0.0,0.0,0.05,0,0.0
9,4,1,13.33,21.4,0.65,1,377.9
3,4,0,0.0,0.0,0.05,0,0.0
10,1,0,0.0,0.0,0.65,1,0.0
20,1,1,6.0,36.6,0.6,1,963.1
5,1,0,0.0,0.0,0.05,0,0.0
14,1,1,16.08,24.4,0.3,0,209.4
3,1,0,0.0,0.0,0.05,0,0.0
7,4,0,0.0,0.0,0.2,0,0.0
14,6,1,14.06,50.0,0.3,0,908.0
5,4,0,0.0,0.0,0.05,0,0.0
18,0,1,15.32,125.7,0.5,0,16.6
22,2,0,0.0,0.0,0.2,0,0.0
9,5,1,13.57,36.9,0.65,1,218.3
1,0,0,0.0,0.0,0.05,0,0.0
5,0,1,16.28,161.1,0.05,0,555.0
8,1,0,0.0,0.0,0.65,1,0.0
20,3,1,18.63,84.4,0.6,1,220.1
7,2,0,0.0,0.0,0.2,0,0.0
21,6,0,0.0,0.0,0.5,0,0.0
6,6,1,15.7,23.8,0.2,0,269.1
16,6,1,15.96,26.7,0.3,1,458.6
10,3,1,20.14,47.7,0.65,0,356.2
4,5,0,0.0,0.0,0.05,0,0.0
22,2,1,20.94,55.9,0.2,0,438.9
6,4,0,0.0,0.0,0.2,0,0.0
8,6,1,19.46,40.3,0.55,0,249.7
2,3,0,0.0,0.0,0.05,0,0.0
0,3,0,0.0,0.0,0.05,0,0.0
23,4,0,0.0,0.0,0.2,0,0.0
7,4,0,0.0,0.0,0.2,0,0.0
0,4,0,0.0,0.0,0.05,0,0.0
22,3,0,0.0,0.0,0.2,1,0.0
9,2,0,0.0,0.0,0.65,0,0.0
3,1,0,0.0,0.0,0.05,0,0.0
23,0,0,0.0,0.0,0.2,1,0.0
7,5,0,0.0,0.0,0.2,0,0.0
2,5,0,0.0,0.0,0.05,0,0.0
4,0,0,0.0,0.0,0.05,0,0.0
2,0,0,0.0,0.0,0.05,0,0.0
13,6,1,12.18,32.3,0.3,1,615.7
16,5,0,0.0,0.0,0.3,0,0.0
4,2,0,0.0,0.0,0.05,0,0.0
11,0,0,0.0,0.0,0.3,1,0.0
0,6,0,0.0,0.0,0.05,0,0.0
14,0,0,0.0,0.0,0.3,0,0.0
0,5,0,0.0,0.0,0.05,0,0.0
12,2,0,0.0,0.0,0.3,1,0.0
1,5,0,0.0,0.0,0.05,0,0.0
12,3,0,0.0,0.0,0.3,0,0.0
6,6,0,0.0,0.0,0.2,0,0.0
11,5,1,19.73,68.9,0.3,0,411.7
13,3,1,15.13,21.4,0.3,0,480.1
18,3,1,13.19,10.3,0.6,1,740.7
21,6,1,6.0,57.4,0.5,0,526.8
14,3,0,0.0,0.0,0.3,0,0.0
21,0,1,20.25,110.1,0.5,0,253.6
15,2,1,19.69,171.4,0.3,1,221.4
17,5,0,0.0,0.0,0.3,0,0.0
9,3,1,15.96,30.8,0.65,0,310.8
17,0,0,0.0,0.0,0.3,1,0.0
11,2,0,0.0,0.0,0.3,1,0.0
2,0,0,0.0,0.0,0.05,0,0.0
10,4,1,11.25,8.8,0.65,1,436.4
3,4,0,0.0,0.0,0.05,0,0.0
13,3,1,25.06,5.6,0.3,0,443.4
2,0,0,0.0,0.0,0.05,0,0.0
23,1,1,18.38,121.9,0.2,0,66.5
8,4,1,17.33,7.4,0.65,0,328.4
22,5,1,16.33,8.8,0.2,1,438.4
21,5,0,0.0,0.0,0.6,1,0.0
16,2,0,0.0,0.0,0.3,1,0.0
1,0,0,0.0,0.0,0.05,0,0.0
2,4,0,0.0,0.0,0.05,0,0.0
5,5,0,0.0,0.0,0.05,0,0.0
14,6,1,18.21,31.5,0.3,1,638.3
5,1,0,0.0,0.0,0.05,0,0.0
17,5,0,0.0,0.0,0.3,0,0.0
19,0,0,0.0,0.0,0.5,1,0.0
11,0,1,18.53,26.0,0.3,1,308.5
16,5,0,0.0,0.0,0.3,0,0.0
18,5,1,21.48,72.7,0.6,0,303.1
7,1,0,0.0,0.0,0.2,1,0.0
0,0,0,0.0,0.0,0.05,0,0.0
5,4,0,0.0,0.0,0.05,0,0.0
11,5,1,15.92,68.3,0.3,0,345.5
5,1,1,15.73,12.1,0.05,0,574.1
7,6,0,0.0,0.0,0.2,0,0.0
9,0,0,0.0,0.0,0.55,1,0.0
5,1,0,0.0,0.0,0.05,0,0.0
3,3,1,11.1,40.7,0.05,0,210.7
4,2,0,0.0,0.0,0.05,1,0.0
0,1,0,0.0,0.0,0.05,0,0.0
18,0,0,0.0,0.0,0.5,1,0.0
22,6,0,0.0,0.0,0.2,0,0.0
17,5,0,0.0,0.0,0.3,1,0.0
2,5,0,0.0,0.0,0.05,0,0.0
23,1,0,0.0,0.0,0.2,1,0.0
9,2,1,19.7,40.5,0.65,0,471.9
1,5,0,0.0,0.0,0.05,0,0.0
0,3,0,0.0,0.0,0.05,0,0.0
1,3,0,0.0,0.0,0.05,0,0.0
20,6,1,20.82,4.6,0.5,1,282.5
8,1,1,20.42,12.1,0.65,1,475.4
8,1,0,0.0,0.0,0.65,1,0.0
5,3,0,0.0,0.0,0.05,0,0.0
18,5,0,0.0,0.0,0.6,1,0.0
3,5,0,0.0,0.0,0.05,0,0.0
10,2,1,13.51,56.9,0.65,0,607.2
1,1,0,0.0,0.0,0.05,0,0.0
10,5,1,16.83,0.2,0.65,0,136.6
18,2,1,12.18,13.5,0.6,1,308.6
1,1,0,0.0,0.0,0.05,0,0.0
1,0,1,15.2,71.7,0.05,0,194.0
1,2,0,0.0,0.0,0.05,0,0.0
15,5,0,0.0,0.0,0.3,1,0.0
11,3,1,19.78,58.1,0.3,1,128.5
13,0,0,0.0,0.0,0.3,0,0.0
10,5,1,17.38,1.9,0.65,0,598.4
16,1,1,16.04,34.1,0.3,0,657.1
4,5,0,0.0,0.0,0.05,0,0.0
11,5,1,11.52,14.5,0.3,0,497.4
5,0,0,0.0,0.0,0.05,0,0.0
6,5,0,0.0,0.0,0.2,0,0.0
20,3,1,17.73,2.0,0.6,1,372.2
17,0,0,0.0,0.0,0.3,0,0.0
7,2,1,17.01,190.2,0.2,0,0.0
22,3,0,0.0,0.0,0.2,0,0.0
18,6,0,0.0,0.0,0.5,0,0.0
12,1,1,19.85,9.0,0.3,0,540.9
22,1,0,0.0,0.0,0.2,0,0.0
5,4,0,0.0,0.0,0.05,0,0.0
1,1,0,0.0,0.0,0.05,0,0.0
14,6,0,0.0,0.0,0.3,0,0.0
10,1,1,16.65,13.4,0.65,0,285.3
13,1,0,0.0,0.0,0.3,0,0.0
23,3,0,0.0,0.0,0.2,0,0.0
21,2,1,18.31,4.7,0.6,0,312.0
7,6,1,17.15,14.2,0.2,0,622.3
9,1,1,17.66,29.7,0.65,0,415.5
0,1,0,0.0,0.0,0.05,1,0.0
19,5,1,17.09,21.4,0.6,1,145.1
15,2,0,0.0,0.0,0.3,0,0.0
13,1,0,0.0,0.0,0.3,0,0.0
2,5,0,0.0,0.0,0.05,0,0.0
17,3,1,13.85,100.6,0.3,0,484.5
9,1,0,0.0,0.0,0.65,1,0.0
23,3,0,0.0,0.0,0.2,0,0.0
8,6,1,13.89,15.0,0.55,1,326.4
5,1,0,0.0,0.0,0.05,0,0.0
8,2,1,11.55,0.8,0.65,1,874.7
16,5,1,14.29,0.4,0.3,0,241.7
8,2,1,13.1,20.5,0.65,0,184.7
6,4,0,0.0,0.0,0.2,0,0.0
2,6,0,0.0,0.0,0.05,0,0.0
8,6,1,12.22,157.1,0.55,0,172.9
7,0,1,18.46,56.5,0.2,1,81.3
16,3,0,0.0,0.0,0.3,0,0.0
9,6,1,21.15,72.0,0.55,0,340.7
2,6,0,0.0,0.0,0.05,0,0.0
4,0,0,0.0,0.0,0.05,0,0.0
18,1,1,14.05,20.7,0.6,0,302.6
17,5,0,0.0,0.0,0.3,1,0.0
21,5,1,7.76,60.5,0.6,0,722.1
0,1,0,0.0,0.0,0.05,0,0.0
14,1,0,0.0,0.0,0.3,0,0.0
1,1,0,0.0,0.0,0.05,0,0.0
16,3,0,0.0,0.0,0.3,1,0.0
11,4,0,0.0,0.0,0.3,0,0.0
16,2,0,0.0,0.0,0.3,1,0.0
18,1,1,15.69,37.0,0.6,0,269.5
8,4,1,14.16,35.6,0.65,1,804.1
21,0,1,16.41,65.8,0.5,0,46.7
4,0,0,0.0,0.0,0.05,0,0.0
11,1,0,0.0,0.0,0.3,1,0.0
6,3,1,19.93,20.2,0.2,0,452.2
7,6,0,0.0,0.0,0.2,0,0.0
2,5,0,0.0,0.0,0.05,0,0.0
20,5,1,12.92,62.8,0.6,0,121.6
9,3,1,17.89,97.7,0.65,0,295.4
7,2,0,0.0,0.0,0.2,1,0.0
12,0,1,18.03,22.4,0.3,0,528.8
5,1,0,0.0,0.0,0.05,0,0.0
3,2,0,0.0,0.0,0.05,0,0.0
5,6,0,0.0,0.0,0.05,0,0.0
11,3,0,0.0,0.0,0.3,1,0.0
9,3,1,21.8,130.1,0.65,1,260.5
3,3,0,0.0,0.0,0.05,0,0.0
6,1,0,0.0,0.0,0.2,1,0.0
2,2,0,0.0,0.0,0.05,0,0.0
3,4,0,0.0,0.0,0.05,0,0.0
9,5,1,18.39,33.6,0.65,0,135.6
0,2,0,0.0,0.0,0.05,0,0.0
14,6,0,0.0,0.0,0.3,0,0.0
11,3,0,0.0,0.0,0.3,1,0.0
14,6,0,0.0,0.0,0.3,1,0.0
4,0,0,0.0,0.0,0.05,0,0.0
17,5,1,16.15,31.0,0.3,0,119.6
14,3,0,0.0,0.0,0.3,0,0.0
6,2,0,0.0,0.0,0.2,0,0.0
3,3,0,0.0,0.0,0.05,0,0.0
11,5,1,12.53,29.7,0.3,0,516.3
5,2,0,0.0,0.0,0.05,0,0.0
3,1,0,0.0,0.0,0.05,0,0.0
2,2,0,0.0,0.0,0.05,0,0.0
4,3,0,0.0,0.0,0.05,0,0.0
2,6,0,0.0,0.0,0.05,0,0.0
6,1,1,21.38,50.5,0.2,0,37.6
6,1,0,0.0,0.0,0.2,1,0.0
0,4,0,0.0,0.0,0.05,0,0.0
7,1,0,0.0,0.0,0.2,1,0.0
3,1,0,0.0,0.0,0.05,0,0.0
23,3,0,0.0,0.0,0.2,0,0.0
20,0,0,0.0,0.0,0.5,1,0.0
0,3,0,0.0,0.0,0.05,0,0.0
20,6,1,12.84,0.3,0.5,1,346.9
2,4,0,0.0,0.0,0.05,0,0.0
10,1,1,17.13,6.8,0.65,0,309.5
21,4,1,14.56,0.2,0.6,0,660.5
20,2,1,18.3,9.8,0.6,0,294.2
15,4,0,0.0,0.0,0.3,0,0.0
6,1,0,0.0,0.0,0.2,0,0.0
2,2,0,0.0,0.0,0.05,0,0.0
16,2,0,0.0,0.0,0.3,1,0.0
10,0,1,12.89,237.5,0.55,0,639.3
1,6,0,0.0,0.0,0.05,0,0.0
2,6,1,6.0,47.0,0.05,0,917.2
12,0,1,11.22,38.7,0.3,0,365.5
17,5,0,0.0,0.0,0.3,1,0.0
7,6,0,0.0,0.0,0.2,1,0.0
1,1,0,0.0,0.0,0.05,0,0.0
14,1,1,14.0,4.6,0.3,0,375.6
22,1,0,0.0,0.0,0.2,0,0.0
7,6,0,0.0,0.0,0.2,0,0.0
6,0,1,14.78,70.6,0.2,0,329.4
10,3,1,18.68,35.8,0.65,0,291.5
17,2,0,0.0,0.0,0.3,0,0.0
7,4,0,0.0,0.0,0.2,0,0.0
11,0,0,0.0,0.0,0.3,1,0.0
14,3,0,0.0,0.0,0.3,1,0.0
1,6,0,0.0,0.0,0.05,0,0.0
6,2,0,0.0,0.0,0.2,0,0.0
7,5,0,0.0,0.0,0.2,0,0.0
1,4,0,0.0,0.0,0.05,0,0.0
20,2,1,17.34,34.5,0.6,0,649.6
7,2,0,0.0,0.0,0.2,0,0.0
12,4,1,19.61,53.8,0.3,0,171.7
8,0,1,13.92,50.9,0.55,0,460.8
6,6,0,0.0,0.0,0.2,0,0.0
20,5,1,10.49,190.8,0.6,0,878.9
20,0,0,0.0,0.0,0.5,1,0.0
0,1,0,0.0,0.0,0.05,0,0.0
20,0,1,12.15,98.7,0.5,1,838.3
18,2,1,13.29,56.1,0.6,1,67.9
17,3,1,7.08,14.6,0.3,0,758.8
17,4,0,0.0,0.0,0.3,1,0.0
9,2,1,12.47,33.2,0.65,1,335.6
19,4,1,11.71,135.7,0.6,1,479.0
9,1,0,0.0,0.0,0.65,1,0.0
19,0,1,12.05,50.2,0.5,1,1058.1
13,6,0,0.0,0.0,0.3,1,0.0
4,0,0,0.0,0.0,0.05,0,0.0
18,3,0,0.0,0.0,0.6,0,0.0
7,4,1,16.95,16.3,0.2,1,681.4
21,1,0,0.0,0.0,0.6,1,0.0
4,2,0,0.0,0.0,0.05,0,0.0
20,2,1,8.03,21.5,0.6,0,1670.9
16,0,0,0.0,0.0,0.3,0,0.0
13,2,0,0.0,0.0,0.3,0,0.0
23,4,0,0.0,0.0,0.2,0,0.0
18,1,0,0.0,0.0,0.6,1,0.0
9,1,1,20.54,117.3,0.65,1,242.7
5,0,0,0.0,0.0,0.05,0,0.0
12,4,0,0.0,0.0,0.3,0,0.0
19,2,1,7.51,58.6,0.6,0,194.0
4,2,0,0.0,0.0,0.05,0,0.0
10,2,1,15.98,129.9,0.65,0,362.5
1,1,0,0.0,0.0,0.05,0,0.0
15,5,0,0.0,0.0,0.3,1,0.0
21,3,1,10.29,55.4,0.6,1,830.9
21,4,1,15.83,70.2,0.6,0,227.2
3,5,0,0.0,0.0,0.05,0,0.0
2,3,0,0.0,0.0,0.05,0,0.0
19,4,1,12.19,29.7,0.6,0,204.4
6,5,0,0.0,0.0,0.2,0,0.0
17,3,1,13.36,64.5,0.3,0,274.2
8,3,1,15.55,23.5,0.65,1,672.9
1,1,0,0.0,0.0,0.05,0,0.0
8,0,1,18.41,64.8,0.55,0,390.9
23,1,0,0.0,0.0,0.2,1,0.0
14,1,1,11.84,30.6,0.3,0,785.0
7,3,0,0.0,0.0,0.2,1,0.0
19,0,0,0.0,0.0,0.5,0,0.0
5,1,0,0.0,0.0,0.05,0,0.0
2,0,0,0.0,0.0,0.05,0,0.0
3,1,0,0.0,0.0,0.05,0,0.0
18,0,0,0.0,0.0,0.5,1,0.0
4,6,0,0.0,0.0,0.05,0,0.0
0,2,0,0.0,0.0,0.05,0,0.0
15,0,1,17.35,7.7,0.3,0,310.5
1,3,0,0.0,0.0,0.05,0,0.0
20,0,0,0.0,0.0,0.5,1,0.0
3,2,0,0.0,0.0,0.05,0,0.0
12,4,0,0.0,0.0,0.3,1,0.0
13,3,1,14.17,12.2,0.3,0,186.7
13,4,1,12.38,10.4,0.3,0,964.2
18,2,1,23.46,3.5,0.6,0,116.1
2,4,0,0.0,0.0,0.05,0,0.0
20,3,1,18.43,11.0,0.6,0,538.8
0,0,1,10.08,117.6,0.05,0,280.5
0,0,0,0.0,0.0,0.05,0,0.0
9,6,0,0.0,0.0,0.55,1,0.0
12,4,0,0.0,0.0,0.3,1,0.0
15,6,0,0.0,0.0,0.3,0,0.0
11,6,1,15.76,88.8,0.3,0,198.2
23,4,0,0.0,0.0,0.2,1,0.0
16,3,0,0.0,0.0,0.3,1,0.0
15,2,0,0.0,0.0,0.3,0,0.0
22,3,0,0.0,0.0,0.2,0,0.0
10,3,1,18.05,17.5,0.65,0,254.2
13,0,1,13.62,3.2,0.3,0,338.2
8,6,1,20.11,5.7,0.55,0,292.6
2,2,0,0.0,0.0,0.05,0,0.0
1,2,0,0.0,0.0,0.05,0,0.0
16,6,0,0.0,0.0,0.3,1,0.0
7,4,0,0.0,0.0,0.2,0,0.0
1,5,0,0.0,0.0,0.05,0,0.0
11,1,0,0.0,0.0,0.3,1,0.0
7,2,1,17.98,33.4,0.2,1,195.8
9,4,1,11.88,9.5,0.65,0,761.0
11,3,0,0.0,0.0,0.3,0,0.0
7,6,0,0.0,0.0,0.2,0,0.0
15,1,1,19.32,44.5,0.3,0,462.0
20,4,1,22.78,44.7,0.6,0,185.5
1,1,0,0.0,0.0,0.05,0,0.0
21,2,1,16.14,5.1,0.6,0,672.2
10,4,0,0.0,0.0,0.65,1,0.0
11,3,1,18.19,18.5,0.3,0,388.2
21,1,0,0.0,0.0,0.6,0,0.0
14,0,1,18.16,11.5,0.3,0,782.8
0,2,0,0.0,0.0,0.05,0,0.0
17,0,0,0.0,0.0,0.3,0,0.0
16,4,1,10.54,85.1,0.3,0,532.1
23,6,0,0.0,0.0,0.2,1,0.0
22,1,0,0.0,0.0,0.2,0,0.0
3,3,0,0.0,0.0,0.05,0,0.0
3,6,1,21.34,28.2,0.05,0,261.4
22,6,0,0.0,0.0,0.2,1,0.0
23,3,0,0.0,0.0,0.2,0,0.0
2,3,0,0.0,0.0,0.05,0,0.0
5,0,0,0.0,0.0,0.05,0,0.0
4,3,0,0.0,0.0,0.05,0,0.0
23,6,0,0.0,0.0,0.2,0,0.0
21,2,1,16.06,12.1,0.6,1,278.9
8,1,1,20.01,29.1,0.65,1,208.7
20,1,1,8.68,22.2,0.6,1,1551.5
20,0,1,19.77,37.3,0.5,1,323.0
19,6,0,0.0,0.0,0.5,0,0.0
23,3,1,8.89,5.0,0.2,0,402.1
6,2,0,0.0,0.0,0.2,0,0.0
6,4,0,0.0,0.0,0.2,0,0.0
3,2,0,0.0,0.0,0.05,0,0.0
1,1,0,0.0,0.0,0.05,0,0.0
1,1,1,16.1,6.4,0.05,0,193.0
5,1,0,0.0,0.0,0.05,0,0.0
13,1,0,0.0,0.0,0.3,0,0.0
6,4,1,21.57,149.7,0.2,0,0.0
11,1,1,14.58,40.8,0.3,0,498.8
12,1,0,0.0,0.0,0.3,0,0.0
12,2,1,20.24,38.2,0.3,0,221.8
11,3,0,0.0,0.0,0.3,1,0.0
22,5,0,0.0,0.0,0.2,0,0.0
13,4,0,0.0,0.0,0.3,1,0.0
8,1,1,14.62,9.2,0.65,0,765.9
10,1,1,21.61,9.9,0.65,1,267.4
19,5,1,15.9,22.1,0.6,0,82.6
19,0,1,10.04,118.2,0.5,0,861.8
10,4,1,16.3,7.1,0.65,0,656.1
0,0,0,0.0,0.0,0.05,0,0.0
5,0,0,0.0,0.0,0.05,0,0.0
21,0,1,16.93,14.8,0.5,0,654.1
15,1,0,0.0,0.0,0.3,0,0.0
7,2,0,0.0,0.0,0.2,1,0.0
1,3,0,0.0,0.0,0.05,0,0.0
17,3,0,0.0,0.0,0.3,1,0.0
17,0,0,0.0,0.0,0.3,0,0.0
3,1,0,0.0,0.0,0.05,0,0.0
2,0,0,0.0,0.0,0.05,0,0.0
0,1,0,0.0,0.0,0.05,0,0.0
14,5,0,0.0,0.0,0.3,0,0.0
12,1,1,15.35,51.6,0.3,0,629.7
4,5,0,0.0,0.0,0.05,0,0.0
10,2,1,14.75,52.3,0.65,0,292.5
11,3,0,0.0,0.0,0.3,0,0.0
18,5,1,20.15,47.4,0.6,1,340.2
12,0,0,0.0,0.0,0.3,0,0.0
16,1,1,18.85,20.7,0.3,0,312.3
4,2,0,0.0,0.0,0.05,0,0.0
7,6,0,0.0,0.0,0.2,0,0.0
11,6,0,0.0,0.0,0.3,1,0.0
7,2,0,0.0,0.0,0.2,0,0.0
18,1,1,12.55,20.6,0.6,1,902.1
4,2,0,0.0,0.0,0.05,0,0.0
8,3,1,10.8,25.4,0.65,1,1270.6
3,2,0,0.0,0.0,0.05,0,0.0
0,4,0,0.0,0.0,0.05,0,0.0
4,2,0,0.0,0.0,0.05,0,0.0
15,0,0,0.0,0.0,0.3,0,0.0
2,5,0,0.0,0.0,0.05,0,0.0
6,1,0,0.0,0.0,0.2,0,0.0
3,4,0,0.0,0.0,0.05,0,0.0
11,4,0,0.0,0.0,0.3,0,0.0
23,5,0,0.0,0.0,0.2,0,0.0
10,4,1,17.94,9.0,0.65,1,437.3
9,5,1,23.62,83.1,0.65,0,263.8
0,4,0,0.0,0.0,0.05,0,0.0
18,2,1,14.74,5.3,0.6,0,601.1
4,5,0,0.0,0.0,0.05,0,0.0
18,2,1,12.22,117.4,0.6,0,494.2
3,3,0,0.0,0.0,0.05,0,0.0
20,5,1,20.92,33.7,0.6,0,313.1
10,4,1,11.77,18.7,0.65,0,602.2
21,3,1,12.48,75.1,0.6,0,670.8
14,3,0,0.0,0.0,0.3,1,0.0
17,1,0,0.0,0.0,0.3,1,0.0
19,3,1,12.15,11.0,0.6,1,640.1
6,4,1,14.77,22.9,0.2,0,949.9
18,4,1,14.74,32.8,0.6,1,429.3
10,4,1,14.19,1.7,0.65,1,547.8
13,4,0,0.0,0.0,0.3,1,0.0
7,2,1,15.51,88.2,0.2,0,742.5
18,1,1,15.31,27.1,0.6,0,642.1
1,4,0,0.0,0.0,0.05,0,0.0
11,1,0,0.0,0.0,0.3,1,0.0
13,5,0,0.0,0.0,0.3,0,0.0
14,4,0,0.0,0.0,0.3,1,0.0
11,5,0,0.0,0.0,0.3,0,0.0
11,5,0,0.0,0.0,0.3,0,0.0
11,4,0,0.0,0.0,0.3,0,0.0
9,2,1,20.46,93.7,0.65,1,188.9
9,4,0,0.0,0.0,0.65,1,0.0
7,6,0,0.0,0.0,0.2,1,0.0
19,2,1,12.12,17.1,0.6,0,503.8
8,4,0,0.0,0.0,0.65,1,0.0
14,6,0,0.0,0.0,0.3,0,0.0
15,2,1,17.84,12.3,0.3,0,187.9
21,4,0,0.0,0.0,0.6,1,0.0
12,1,1,13.36,14.5,0.3,0,890.6
5,0,0,0.0,0.0,0.05,0,0.0
20,2,0,0.0,0.0,0.6,1,0.0
6,0,1,16.85,39.5,0.2,0,301.2
14,0,0,0.0,0.0,0.3,0,0.0
2,5,0,0.0,0.0,0.05,0,0.0
12,6,0,0.0,0.0,0.3,1,0.0
14,3,0,0.0,0.0,0.3,0,0.0
7,5,0,0.0,0.0,0.2,0,0.0
4,2,0,0.0,0.0,0.05,0,0.0
4,4,0,0.0,0.0,0.05,0,0.0
14,2,0,0.0,0.0,0.3,0,0.0
21,5,1,19.11,72.8,0.6,1,549.7
7,3,0,0.0,0.0,0.2,0,0.0
15,0,0,0.0,0.0,0.3,0,0.0
12,2,0,0.0,0.0,0.3,0,0.0
20,6,0,0.0,0.0,0.5,1,0.0
3,3,0,0.0,0.0,0.05,0,0.0
18,4,1,13.03,25.6,0.6,1,346.6
9,5,1,16.85,30.3,0.65,0,601.2
10,3,1,6.99,8.3,0.65,0,415.2
8,1,1,11.8,20.6,0.65,1,1150.2
9,3,1,13.07,92.0,0.65,1,620.7
4,1,0,0.0,0.0,0.05,0,0.0
2,0,0,0.0,0.0,0.05,0,0.0
20,1,1,13.18,48.7,0.6,1,338.9
10,0,1,16.88,33.9,0.55,0,162.5
8,6,0,0.0,0.0,0.55,1,0.0
17,1,0,0.0,0.0,0.3,0,0.0
2,2,0,0.0,0.0,0.05,0,0.0
0,5,0,0.0,0.0,0.05,0,0.0
9,1,1,19.24,37.2,0.65,1,245.1
17,2,0,0.0,0.0,0.3,0,0.0
15,3,1,13.37,54.2,0.3,1,432.5
5,2,0,0.0,0.0,0.05,0,0.0
11,5,1,18.48,30.2,0.3,0,339.8
3,4,0,0.0,0.0,0.05,0,0.0
2,2,0,0.0,0.0,0.05,0,0.0
12,1,1,11.98,240.0,0.3,0,217.5
1,4,0,0.0,0.0,0.05,0,0.0
13,2,0,0.0,0.0,0.3,1,0.0
22,0,0,0.0,0.0,0.2,0,0.0
7,2,0,0.0,0.0,0.2,1,0.0
5,2,0,0.0,0.0,0.05,0,0.0
8,1,1,18.05,93.9,0.65,0,485.5
0,3,0,0.0,0.0,0.05,0,0.0
10,2,1,6.42,16.2,0.65,1,562.0
12,0,0,0.0,0.0,0.3,0,0.0
9,4,1,9.21,8.3,0.65,1,678.1
22,2,0,0.0,0.0,0.2,0,0.0
8,1,1,13.64,85.6,0.65,0,905.4
12,2,1,14.4,42.9,0.3,1,400.4
11,4,1,9.58,92.9,0.3,0,362.1
8,3,0,0.0,0.0,0.65,1,0.0
15,2,1,21.23,52.2,0.3,0,106.5
9,3,0,0.0,0.0,0.65,1,0.0
7,5,1,24.67,147.1,0.2,0,0.0
20,5,0,0.0,0.0,0.6,0,0.0
14,5,0,0.0,0.0,0.3,1,0.0
23,4,0,0.0,0.0,0.2,0,0.0
14,2,0,0.0,0.0,0.3,0,0.0
22,6,0,0.0,0.0,0.2,0,0.0
19,0,0,0.0,0.0,0.5,1,0.0
6,2,1,21.28,26.9,0.2,0,429.2
13,2,0,0.0,0.0,0.3,1,0.0
6,5,0,0.0,0.0,0.2,0,0.0
16,6,0,0.0,0.0,0.3,0,0.0
23,2,0,0.0,0.0,0.2,0,0.0
1,3,0,0.0,0.0,0.05,0,0.0
23,0,0,0.0,0.0,0.2,1,0.0
16,6,0,0.0,0.0,0.3,1,0.0
17,6,0,0.0,0.0,0.3,0,0.0
16,2,0,0.0,0.0,0.3,1,0.0
18,5,1,22.49,5.8,0.6,1,243.0
7,5,1,15.66,9.4,0.2,0,574.0
18,6,1,11.88,118.4,0.5,0,558.7
2,4,0,0.0,0.0,0.05,0,0.0
12,3,0,0.0,0.0,0.3,1,0.0
9,5,1,23.67,25.9,0.65,0,219.2
7,0,0,0.0,0.0,0.2,1,0.0
21,4,1,14.16,22.5,0.6,0,638.5
18,2,1,12.46,7.9,0.6,1,1141.8
8,6,1,12.75,39.2,0.55,1,536.7
16,1,1,18.42,240.0,0.3,0,0.0
6,6,0,0.0,0.0,0.2,1,0.0
11,6,1,20.49,3.5,0.3,0,391.3
22,1,0,0.0,0.0,0.2,0,0.0
18,5,1,17.07,22.5,0.6,0,692.3
22,0,0,0.0,0.0,0.2,0,0.0
18,6,0,0.0,0.0,0.5,1,0.0
16,6,0,0.0,0.0,0.3,0,0.0
4,0,0,0.0,0.0,0.05,0,0.0
21,2,1,15.52,0.5,0.6,1,376.4
20,1,1,9.19,11.2,0.6,1,428.8
21,1,1,14.03,42.1,0.6,0,75.7
6,0,1,15.36,6.5,0.2,0,863.3
8,5,1,19.79,9.8,0.65,0,281.9
3,2,0,0.0,0.0,0.05,0,0.0
7,2,1,14.0,4.8,0.2,1,958.0
17,4,0,0.0,0.0,0.3,0,0.0
8,3,1,17.9,2.1,0.65,1,281.7
6,6,0,0.0,0.0,0.2,1,0.0
15,6,1,19.27,34.0,0.3,0,185.8
21,1,1,14.85,240.0,0.6,1,125.1
14,4,0,0.0,0.0,0.3,0,0.0
19,5,0,0.0,0.0,0.6,0,0.0
14,5,0,0.0,0.0,0.3,1,0.0
8,6,0,0.0,0.0,0.55,1,0.0
11,0,0,0.0,0.0,0.3,0,0.0
4,6,0,0.0,0.0,0.05,0,0.0
12,5,1,15.24,2.2,0.3,0,556.3
14,4,0,0.0,0.0,0.3,0,0.0
15,0,0,0.0,0.0,0.3,0,0.0
3,0,0,0.0,0.0,0.05,0,0.0
5,5,0,0.0,0.0,0.05,0,0.0
2,4,0,0.0,0.0,0.05,0,0.0
10,5,1,20.65,90.6,0.65,0,271.8
21,3,1,17.5,113.2,0.6,1,88.3
12,0,1,15.46,65.6,0.3,0,778.1
15,4,1,18.86,57.2,0.3,0,162.7
12,4,0,0.0,0.0,0.3,0,0.0
19,6,1,16.08,19.2,0.5,0,276.8
2,6,0,0.0,0.0,0.05,0,0.0
14,5,0,0.0,0.0,0.3,1,0.0
10,2,0,0.0,0.0,0.65,1,0.0
2,1,0,0.0,0.0,0.05,0,0.0
7,6,0,0.0,0.0,0.2,0,0.0
12,5,1,20.74,92.0,0.3,0,424.5
1,1,0,0.0,0.0,0.05,0,0.0
21,6,1,22.98,40.5,0.5,1,201.5
3,2,0,0.0,0.0,0.05,0,0.0
5,2,0,0.0,0.0,0.05,0,0.0
9,4,1,16.22,14.5,0.65,0,288.8
5,1,0,0.0,0.0,0.05,0,0.0
2,5,0,0.0,0.0,0.05,0,0.0
23,0,0,0.0,0.0,0.2,0,0.0
8,1,1,18.18,37.4,0.65,1,300.7
0,3,0,0.0,0.0,0.05,0,0.0
0,6,0,0.0,0.0,0.05,0,0.0
15,0,1,21.96,13.5,0.3,0,292.7
18,4,1,15.19,153.0,0.6,1,178.1
15,4,1,17.72,155.7,0.3,0,158.0
20,6,1,13.95,2.4,0.5,1,637.9
1,3,0,0.0,0.0,0.05,0,0.0
15,3,0,0.0,0.0,0.3,0,0.0
12,4,0,0.0,0.0,0.3,0,0.0
10,6,1,18.75,63.0,0.55,1,339.2
14,3,1,18.64,88.1,0.3,0,133.0
22,2,1,18.82,22.5,0.2,0,658.4
1,5,0,0.0,0.0,0.05,0,0.0
17,6,1,15.44,52.4,0.3,1,298.9
12,5,1,17.96,28.6,0.3,0,400.2
3,4,0,0.0,0.0,0.05,0,0.0
11,2,1,19.07,106.1,0.3,1,662.4
5,4,0,0.0,0.0,0.05,1,0.0
10,0,0,0.0,0.0,0.55,0,0.0
21,4,0,0.0,0.0,0.6,1,0.0
23,5,0,0.0,0.0,0.2,1,0.0
7,3,0,0.0,0.0,0.2,0,0.0
2,4,0,0.0,0.0,0.05,0,0.0
3,0,0,0.0,0.0,0.05,1,0.0
17,1,1,16.74,31.8,0.3,0,577.2
4,1,0,0.0,0.0,0.05,0,0.0
19,3,0,0.0,0.0,0.6,1,0.0
6,1,0,0.0,0.0,0.2,0,0.0
9,0,0,0.0,0.0,0.55,0,0.0
8,6,1,13.95,104.0,0.55,0,446.4
6,2,0,0.0,0.0,0.2,0,0.0
18,2,0,0.0,0.0,0.6,1,0.0
19,0,1,9.58,42.2,0.5,0,458.2
1,4,0,0.0,0.0,0.05,0,0.0
7,0,0,0.0,0.0,0.2,0,0.0
13,2,0,0.0,0.0,0.3,0,0.0
20,6,1,15.08,32.9,0.5,1,216.3
23,6,1,11.52,6.2,0.2,0,604.9
13,2,1,16.12,61.9,0.3,0,648.2
14,2,0,0.0,0.0,0.3,1,0.0
10,2,1,17.47,38.1,0.65,0,628.8
15,3,1,13.89,39.0,0.3,0,329.4
21,6,1,20.33,11.6,0.5,0,503.0
2,0,0,0.0,0.0,0.05,1,0.0
23,0,0,0.0,0.0,0.2,0,0.0
16,5,1,24.01,22.7,0.3,0,417.6
3,5,0,0.0,0.0,0.05,0,0.0
2,6,0,0.0,0.0,0.05,0,0.0
20,0,1,14.64,25.7,0.5,0,912.9
5,4,0,0.0,0.0,0.05,0,0.0
10,0,0,0.0,0.0,0.55,1,0.0
21,5,1,15.32,16.8,0.6,0,740.1
4,6,0,0.0,0.0,0.05,0,0.0
12,6,0,0.0,0.0,0.3,1,0.0
1,1,0,0.0,0.0,0.05,0,0.0
6,0,1,15.42,44.2,0.2,1,269.7
4,2,0,0.0,0.0,0.05,0,0.0
15,1,0,0.0,0.0,0.3,1,0.0
10,6,0,0.0,0.0,0.55,0,0.0
22,0,0,0.0,0.0,0.2,0,0.0
15,6,0,0.0,0.0,0.3,0,0.0
7,2,1,15.49,10.0,0.2,0,288.4
2,3,1,17.54,53.1,0.05,0,182.3
23,6,0,0.0,0.0,0.2,0,0.0
2,1,0,0.0,0.0,0.05,0,0.0
9,4,1,26.02,41.8,0.65,1,510.3
6,3,0,0.0,0.0,0.2,0,0.0
20,4,1,16.12,0.2,0.6,0,374.0
20,4,0,0.0,0.0,0.6,0,0.0
0,1,1,10.93,10.9,0.05,0,393.9
17,1,0,0.0,0.0,0.3,0,0.0
22,4,0,0.0,0.0,0.2,0,0.0
4,3,0,0.0,0.0,0.05,1,0.0
2,5,0,0.0,0.0,0.05,0,0.0
7,5,0,0.0,0.0,0.2,1,0.0
6,0,0,0.0,0.0,0.2,1,0.0
4,4,0,0.0,0.0,0.05,0,0.0
9,1,1,18.42,44.2,0.65,1,47.2
7,3,1,16.38,42.4,0.2,0,687.5
18,5,1,22.66,32.5,0.6,0,116.1
14,2,0,0.0,0.0,0.3,0,0.0
16,1,1,14.75,21.0,0.3,0,269.6
8,6,0,0.0,0.0,0.55,0,0.0
7,2,1,17.06,18.8,0.2,1,237.3
22,0,0,0.0,0.0,0.2,0,0.0
17,1,0,0.0,0.0,0.3,0,0.0
18,1,1,20.05,32.6,0.6,1,421.4
15,5,1,11.9,38.2,0.3,0,528.6
9,3,1,16.62,1.9,0.65,0,188.3
8,5,0,0.0,0.0,0.65,1,0.0
8,0,0,0.0,0.0,0.55,1,0.0
0,5,0,0.0,0.0,0.05,0,0.0
22,3,1,11.99,4.9,0.2,0,634.2
5,5,0,0.0,0.0,0.05,0,0.0
10,0,1,18.68,57.5,0.55,0,273.9
16,0,0,0.0,0.0,0.3,0,0.0
22,6,0,0.0,0.0,0.2,0,0.0
23,5,0,0.0,0.0,0.2,1,0.0
22,3,1,13.84,42.0,0.2,1,108.8
20,5,0,0.0,0.0,0.6,1,0.0
3,4,0,0.0,0.0,0.05,0,0.0
7,1,0,0.0,0.0,0.2,0,0.0
18,4,0,0.0,0.0,0.6,1,0.0
14,5,0,0.0,0.0,0.3,0,0.0
15,4,1,16.7,17.4,0.3,0,515.3
21,0,1,15.38,35.5,0.5,0,68.9
9,2,1,15.49,32.1,0.65,0,790.5
17,2,0,0.0,0.0,0.3,1,0.0
9,6,1,11.57,33.2,0.55,0,922.7
19,1,0,0.0,0.0,0.6,1,0.0
2,6,0,0.0,0.0,0.05,0,0.0
20,1,1,10.33,20.9,0.6,1,501.8
20,6,0,0.0,0.0,0.5,1,0.0
14,6,0,0.0,0.0,0.3,1,0.0
4,1,0,0.0,0.0,0.05,0,0.0
14,0,0,0.0,0.0,0.3,0,0.0
8,2,1,20.57,28.9,0.65,0,675.8
23,6,1,17.42,0.0,0.2,1,352.1
20,2,0,0.0,0.0,0.6,1,0.0
1,0,0,0.0,0.0,0.05,0,0.0
21,3,0,0.0,0.0,0.6,1,0.0
11,2,0,0.0,0.0,0.3,0,0.0
4,2,0,0.0,0.0,0.05,0,0.0
7,1,0,0.0,0.0,0.2,0,0.0
10,2,1,15.57,37.4,0.65,0,674.3
2,5,0,0.0,0.0,0.05,0,0.0
6,5,1,18.7,196.1,0.2,0,0.0
17,2,1,15.47,178.1,0.3,0,0.0
21,3,1,14.45,35.8,0.6,1,168.5
5,1,1,19.82,24.0,0.05,0,108.5
23,1,0,0.0,0.0,0.2,0,0.0
14,3,1,17.02,2.2,0.3,0,184.8
12,5,0,0.0,0.0,0.3,1,0.0
22,5,1,14.92,37.8,0.2,0,232.1
16,3,1,12.18,21.4,0.3,0,184.1
5,5,0,0.0,0.0,0.05,0,0.0
2,2,0,0.0,0.0,0.05,0,0.0
3,5,0,0.0,0.0,0.05,0,0.0
8,6,0,0.0,0.0,0.55,0,0.0
23,1,0,0.0,0.0,0.2,0,0.0
4,4,0,0.0,0.0,0.05,1,0.0
16,3,0,0.0,0.0,0.3,1,0.0
20,5,1,20.25,22.2,0.6,0,268.7
5,2,0,0.0,0.0,0.05,0,0.0
12,0,1,10.23,19.0,0.3,0,1077.1
15,5,0,0.0,0.0,0.3,0,0.0
4,0,1,13.96,29.5,0.05,0,134.3
5,4,0,0.0,0.0,0.05,0,0.0
10,4,1,17.04,21.5,0.65,1,462.5
16,5,0,0.0,0.0,0.3,0,0.0
9,6,1,11.97,36.0,0.55,1,455.2
16,4,0,0.0,0.0,0.3,0,0.0
5,3,0,0.0,0.0,0.05,0,0.0
13,0,1,16.83,132.1,0.3,1,25.1
2,3,0,0.0,0.0,0.05,0,0.0
2,2,0,0.0,0.0,0.05,0,0.0
23,4,0,0.0,0.0,0.2,0,0.0
3,5,0,0.0,0.0,0.05,0,0.0
0,0,0,0.0,0.0,0.05,0,0.0
20,6,0,0.0,0.0,0.5,1,0.0
3,4,0,0.0,0.0,0.05,0,0.0
1,1,0,0.0,0.0,0.05,0,0.0
14,2,0,0.0,0.0,0.3,0,0.0
0,2,0,0.0,0.0,0.05,0,0.0
7,0,0,0.0,0.0,0.2,0,0.0
20,5,1,20.73,53.4,0.6,0,75.8
12,3,1,19.3,5.7,0.3,1,359.5
16,0,1,20.6,11.9,0.3,0,619.5
2,3,0,0.0,0.0,0.05,0,0.0
14,3,0,0.0,0.0,0.3,0,0.0
5,6,0,0.0,0.0,0.05,1,0.0
11,0,0,0.0,0.0,0.3,0,0.0
21,6,1,16.24,16.5,0.5,0,619.2
1,6,0,0.0,0.0,0.05,1,0.0
17,5,1,11.36,10.8,0.3,1,282.8
6,4,1,19.52,14.2,0.2,0,363.8
20,5,1,19.53,7.4,0.6,1,344.4
14,3,1,12.39,102.1,0.3,1,316.3
14,3,0,0.0,0.0,0.3,0,0.0
17,0,1,16.83,14.5,0.3,0,205.5
17,3,1,19.32,21.6,0.3,0,294.9
4,5,0,0.0,0.0,0.05,0,0.0
20,1,1,14.54,12.3,0.6,1,306.0
12,1,1,22.19,17.9,0.3,0,292.5
7,6,0,0.0,0.0,0.2,0,0.0
2,6,0,0.0,0.0,0.05,0,0.0
13,6,1,12.92,5.1,0.3,0,296.1
20,0,1,18.99,149.4,0.5,0,461.8
9,0,1,17.43,24.1,0.55,1,178.3
1,3,0,0.0,0.0,0.05,0,0.0
14,6,1,17.72,24.6,0.3,0,353.9
23,0,0,0.0,0.0,0.2,0,0.0
21,5,1,18.45,61.1,0.6,0,173.4
10,1,1,19.75,17.6,0.65,1,202.3
19,1,1,18.78,10.7,0.6,1,311.0
3,3,0,0.0,0.0,0.05,0,0.0
0,1,0,0.0,0.0,0.05,0,0.0
2,1,0,0.0,0.0,0.05,0,0.0
19,3,1,16.67,27.7,0.6,1,235.3
16,1,1,13.69,51.2,0.3,0,191.9
8,3,1,17.32,18.5,0.65,1,303.9
11,2,0,0.0,0.0,0.3,0,0.0
14,6,1,10.77,113.2,0.3,1,539.5
20,3,0,0.0,0.0,0.6,1,0.0
0,3,0,0.0,0.0,0.05,0,0.0
20,6,1,21.19,17.1,0.5,1,471.7
21,6,1,16.29,0.5,0.5,1,448.7
7,4,1,19.34,66.5,0.2,0,231.3
4,6,0,0.0,0.0,0.05,0,0.0
12,1,1,17.74,157.2,0.3,0,66.1
4,6,0,0.0,0.0,0.05,0,0.0
15,5,0,0.0,0.0,0.3,0,0.0
21,2,1,22.32,203.5,0.6,1,0.0
16,2,0,0.0,0.0,0.3,1,0.0
12,3,1,19.78,19.9,0.3,0,247.4
6,6,0,0.0,0.0,0.2,0,0.0
23,3,1,8.63,137.6,0.2,1,1018.2
11,4,0,0.0,0.0,0.3,0,0.0
19,1,0,0.0,0.0,0.6,1,0.0
3,3,0,0.0,0.0,0.05,0,0.0
12,2,0,0.0,0.0,0.3,0,0.0
11,2,1,13.86,39.1,0.3,0,230.2
5,5,0,0.0,0.0,0.05,0,0.0
4,6,0,0.0,0.0,0.05,0,0.0
3,5,0,0.0,0.0,0.05,0,0.0
21,5,0,0.0,0.0,0.6,1,0.0
7,3,0,0.0,0.0,0.2,1,0.0
10,2,1,12.04,37.8,0.65,0,386.4
6,0,0,0.0,0.0,0.2,0,0.0
12,2,1,20.61,77.4,0.3,1,605.5
21,3,1,19.77,31.3,0.6,0,355.5
9,3,1,15.74,47.4,0.65,1,464.9
4,5,0,0.0,0.0,0.05,0,0.0
2,3,0,0.0,0.0,0.05,0,0.0
13,6,0,0.0,0.0,0.3,0,0.0
14,5,0,0.0,0.0,0.3,1,0.0
9,2,1,8.53,130.2,0.65,1,642.9
4,5,0,0.0,0.0,0.05,0,0.0
20,5,1,16.1,17.1,0.6,1,264.8
2,4,0,0.0,0.0,0.05,0,0.0
16,2,0,0.0,0.0,0.3,0,0.0
1,2,0,0.0,0.0,0.05,0,0.0
21,2,1,17.95,32.4,0.6,1,583.8
16,4,0,0.0,0.0,0.3,0,0.0
17,4,1,10.01,53.4,0.3,0,642.4
15,5,0,0.0,0.0,0.3,1,0.0
3,3,0,0.0,0.0,0.05,0,0.0
16,0,0,0.0,0.0,0.3,0,0.0
1,0,0,0.0,0.0,0.05,0,0.0
11,4,0,0.0,0.0,0.3,0,0.0
21,1,1,15.11,16.9,0.6,0,93.3
18,3,1,19.38,113.9,0.6,0,11.1
1,1,0,0.0,0.0,0.05,0,0.0
2,2,0,0.0,0.0,0.05,0,0.0
15,5,1,7.95,6.9,0.3,0,553.8
23,5,1,11.19,4.7,0.2,0,838.9
2,3,0,0.0,0.0,0.05,0,0.0
22,0,0,0.0,0.0,0.2,0,0.0
21,5,0,0.0,0.0,0.6,1,0.0
12,3,1,14.63,32.2,0.3,0,240.4
19,1,1,10.74,120.3,0.6,0,48.4
1,2,0,0.0,0.0,0.05,0,0.0
14,5,1,10.96,22.7,0.3,0,456.7
16,5,1,19.57,36.0,0.3,1,524.5
14,5,0,0.0,0.0,0.3,0,0.0
15,5,1,13.36,10.0,0.3,0,562.2
3,2,0,0.0,0.0,0.05,0,0.0
12,4,0,0.0,0.0,0.3,0,0.0
13,4,1,14.24,69.0,0.3,0,60.1
8,0,1,14.14,13.1,0.55,1,693.8
20,4,0,0.0,0.0,0.6,1,0.0
1,4,0,0.0,0.0,0.05,0,0.0
6,1,0,0.0,0.0,0.2,0,0.0
4,2,0,0.0,0.0,0.05,0,0.0
19,2,0,0.0,0.0,0.6,1,0.0
14,6,1,12.86,96.5,0.3,0,351.0
15,3,0,0.0,0.0,0.3,1,0.0
23,5,1,18.75,6.4,0.2,0,244.3
10,5,1,13.5,111.4,0.65,1,137.7
1,4,0,0.0,0.0,0.05,0,0.0
9,1,1,14.85,32.6,0.65,0,446.9
3,0,0,0.0,0.0,0.05,0,0.0
9,1,1,17.49,78.8,0.65,1,107.3
13,5,1,16.72,50.7,0.3,0,444.4
16,2,0,0.0,0.0,0.3,1,0.0
18,3,1,18.62,66.8,0.6,1,266.7
4,2,0,0.0,0.0,0.05,0,0.0
1,1,0,0.0,0.0,0.05,0,0.0
14,3,0,0.0,0.0,0.3,0,0.0
6,1,0,0.0,0.0,0.2,0,0.0
0,3,0,0.0,0.0,0.05,0,0.0
14,5,1,20.25,36.4,0.3,1,624.9
14,3,0,0.0,0.0,0.3,0,0.0
4,6,0,0.0,0.0,0.05,0,0.0
0,3,0,0.0,0.0,0.05,0,0.0
10,0,0,0.0,0.0,0.55,1,0.0
1,2,0,0.0,0.0,0.05,0,0.0
4,0,0,0.0,0.0,0.05,0,0.0
10,1,1,12.07,17.7,0.65,0,278.9
4,6,0,0.0,0.0,0.05,0,0.0
4,3,0,0.0,0.0,0.05,0,0.0
18,1,0,0.0,0.0,0.6,1,0.0
12,0,0,0.0,0.0,0.3,1,0.0
19,5,1,12.14,11.8,0.6,0,658.2
6,3,1,20.22,50.8,0.2,0,649.3
15,2,1,15.69,48.4,0.3,0,348.4
8,1,1,18.58,21.5,0.65,1,207.2
17,6,0,0.0,0.0,0.3,1,0.0
2,1,0,0.0,0.0,0.05,0,0.0
9,6,1,17.25,9.8,0.55,0,259.2
16,1,1,16.99,5.0,0.3,0,443.6
8,1,1,21.77,35.5,0.65,1,469.6
15,2,1,13.29,5.2,0.3,1,240.1
18,2,0,0.0,0.0,0.6,0,0.0
22,2,0,0.0,0.0,0.2,0,0.0
18,1,1,22.46,74.5,0.6,1,243.6
2,5,0,0.0,0.0,0.05,0,0.0
6,2,1,18.31,47.2,0.2,0,171.3
8,0,1,12.83,5.3,0.55,1,225.8
7,4,0,0.0,0.0,0.2,0,0.0
4,6,0,0.0,0.0,0.05,0,0.0
15,6,1,20.26,4.8,0.3,0,397.4
1,0,0,0.0,0.0,0.05,0,0.0
3,2,0,0.0,0.0,0.05,0,0.0
14,6,0,0.0,0.0,0.3,1,0.0
20,2,1,14.02,76.3,0.6,1,559.3
17,6,1,14.55,45.4,0.3,0,302.7
15,1,0,0.0,0.0,0.3,1,0.0
9,3,1,21.86,4.1,0.65,1,187.9
11,3,0,0.0,0.0,0.3,0,0.0
14,4,0,0.0,0.0,0.3,0,0.0
22,1,0,0.0,0.0,0.2,0,0.0
2,1,0,0.0,0.0,0.05,0,0.0
3,4,0,0.0,0.0,0.05,0,0.0
9,6,0,0.0,0.0,0.55,1,0.0
16,4,1,16.07,11.9,0.3,0,469.0
7,1,1,16.25,54.9,0.2,0,241.1
8,5,1,13.17,65.2,0.65,0,118.6
0,5,0,0.0,0.0,0.05,0,0.0
15,0,0,0.0,0.0,0.3,0,0.0
8,3,1,18.83,65.3,0.65,1,242.9
22,3,0,0.0,0.0,0.2,1,0.0
0,5,0,0.0,0.0,0.05,0,0.0
21,5,1,11.04,8.0,0.6,0,661.6
14,6,0,0.0,0.0,0.3,1,0.0
9,6,0,0.0,0.0,0.55,1,0.0
21,0,1,19.11,103.9,0.5,1,151.1
1,6,1,17.29,64.7,0.05,0,555.5
3,0,0,0.0,0.0,0.05,0,0.0
23,5,0,0.0,0.0,0.2,1,0.0
20,5,1,17.22,40.2,0.6,1,329.5
5,2,0,0.0,0.0,0.05,0,0.0
3,4,0,0.0,0.0,0.05,0,0.0
17,1,1,15.69,46.4,0.3,0,346.6
10,2,1,15.37,89.2,0.65,1,153.7
22,2,0,0.0,0.0,0.2,0,0.0
11,4,0,0.0,0.0,0.3,1,0.0
19,0,0,0.0,0.0,0.5,1,0.0
19,6,1,15.4,33.8,0.5,0,456.6
22,1,0,0.0,0.0,0.2,0,0.0
0,5,0,0.0,0.0,0.05,0,0.0
1,4,0,0.0,0.0,0.05,0,0.0
23,4,0,0.0,0.0,0.2,1,0.0
2,6,0,0.0,0.0,0.05,0,0.0
5,1,0,0.0,0.0,0.05,0,0.0
16,0,1,16.39,41.5,0.3,1,429.8
22,4,0,0.0,0.0,0.2,0,0.0
3,4,0,0.0,0.0,0.05,0,0.0
4,5,0,0.0,0.0,0.05,0,0.0
12,2,0,0.0,0.0,0.3,0,0.0
18,2,1,11.43,5.2,0.6,1,443.7
21,1,1,18.82,8.8,0.6,0,297.6
17,1,0,0.0,0.0,0.3,0,0.0
4,3,0,0.0,0.0,0.05,0,0.0
23,0,0,0.0,0.0,0.2,0,0.0
8,6,1,18.62,20.6,0.55,0,551.0
13,2,0,0.0,0.0,0.3,1,0.0
7,0,0,0.0,0.0,0.2,0,0.0
21,6,0,0.0,0.0,0.5,0,0.0
5,6,0,0.0,0.0,0.05,0,0.0
5,5,0,0.0,0.0,0.05,0,0.0
5,2,0,0.0,0.0,0.05,1,0.0
18,6,0,0.0,0.0,0.5,1,0.0
23,6,0,0.0,0.0,0.2,0,0.0
23,2,0,0.0,0.0,0.2,0,0.0
9,5,1,15.46,3.5,0.65,0,649.1
19,0,1,15.32,53.8,0.5,1,493.2
13,4,0,0.0,0.0,0.3,0,0.0
10,1,1,17.12,132.5,0.65,1,455.7
9,3,0,0.0,0.0,0.65,1,0.0
9,5,1,10.17,16.8,0.65,1,423.7
23,1,0,0.0,0.0,0.2,1,0.0
16,4,0,0.0,0.0,0.3,0,0.0
0,1,0,0.0,0.0,0.05,0,0.0
18,3,1,18.28,15.8,0.6,1,322.3
2,2,0,0.0,0.0,0.05,0,0.0
3,6,0,0.0,0.0,0.05,0,0.0
9,3,1,14.24,36.9,0.65,0,405.0
20,6,1,15.67,14.8,0.5,0,911.8
3,0,0,0.0,0.0,0.05,0,0.0
19,4,1,18.66,25.3,0.6,1,126.2
20,1,1,16.8,83.9,0.6,0,208.3
11,6,1,20.86,130.0,0.3,0,58.8
12,3,0,0.0,0.0,0.3,0,0.0
1,4,0,0.0,0.0,0.05,0,0.0
1,0,0,0.0,0.0,0.05,0,0.0
9,2,0,0.0,0.0,0.65,0,0.0
20,0,0,0.0,0.0,0.5,1,0.0
3,0,0,0.0,0.0,0.05,0,0.0
20,0,1,8.56,25.6,0.5,0,830.1
5,2,0,0.0,0.0,0.05,0,0.0
6,4,0,0.0,0.0,0.2,0,0.0
2,3,0,0.0,0.0,0.05,0,0.0
16,1,0,0.0,0.0,0.3,0,0.0
15,4,1,12.61,56.0,0.3,0,771.8
4,6,1,14.18,18.9,0.05,0,250.9
8,5,1,22.28,51.0,0.65,0,233.6
16,4,0,0.0,0.0,0.3,0,0.0
18,5,1,12.74,42.7,0.6,0,718.3
13,3,1,12.86,41.6,0.3,0,369.0
13,0,1,16.56,83.2,0.3,0,90.1
2,2,0,0.0,0.0,0.05,0,0.0
13,5,0,0.0,0.0,0.3,1,0.0
16,0,0,0.0,0.0,0.3,0,0.0
17,6,1,16.84,16.4,0.3,0,210.7
23,5,1,20.62,37.9,0.2,0,262.5
22,3,0,0.0,0.0,0.2,0,0.0
10,5,1,15.76,24.9,0.65,1,138.6
18,3,0,0.0,0.0,0.6,1,0.0
6,3,0,0.0,0.0,0.2,1,0.0
23,2,0,0.0,0.0,0.2,0,0.0
11,2,0,0.0,0.0,0.3,0,0.0
10,1,1,13.11,1.9,0.65,0,217.2
9,0,0,0.0,0.0,0.55,1,0.0
0,1,0,0.0,0.0,0.05,0,0.0
5,3,0,0.0,0.0,0.05,0,0.0
10,3,1,20.42,37.3,0.65,0,211.8
14,2,0,0.0,0.0,0.3,0,0.0
12,6,0,0.0,0.0,0.3,0,0.0
16,0,0,0.0,0.0,0.3,0,0.0
22,1,0,0.0,0.0,0.2,0,0.0
21,6,1,13.79,38.5,0.5,0,792.0
17,5,0,0.0,0.0,0.3,1,0.0
13,2,1,14.88,14.3,0.3,0,906.4
0,5,0,0.0,0.0,0.05,0,0.0
11,5,1,18.05,11.4,0.3,0,171.0
15,0,0,0.0,0.0,0.3,0,0.0
5,1,0,0.0,0.0,0.05,0,0.0
15,1,0,0.0,0.0,0.3,0,0.0
7,5,1,20.74,146.0,0.2,1,243.1
22,1,0,0.0,0.0,0.2,0,0.0
2,5,0,0.0,0.0,0.05,0,0.0
20,2,0,0.0,0.0,0.6,0,0.0
23,5,0,0.0,0.0,0.2,1,0.0
12,0,0,0.0,0.0,0.3,0,0.0
20,0,0,0.0,0.0,0.5,0,0.0
2,1,1,18.72,33.2,0.05,0,265.4
1,5,0,0.0,0.0,0.05,0,0.0
5,0,0,0.0,0.0,0.05,1,0.0
6,6,1,19.36,29.5,0.2,0,600.9
16,4,0,0.0,0.0,0.3,0,0.0
21,1,1,15.56,100.0,0.6,1,209.7
17,3,0,0.0,0.0,0.3,0,0.0
11,1,1,10.84,8.0,0.3,0,780.9
1,3,0,0.0,0.0,0.05,0,0.0
22,1,0,0.0,0.0,0.2,1,0.0
7,1,0,0.0,0.0,0.2,1,0.0
15,1,0,0.0,0.0,0.3,1,0.0
11,6,0,0.0,0.0,0.3,1,0.0
0,4,0,0.0,0.0,0.05,0,0.0
6,6,1,15.87,49.3,0.2,0,278.8
11,5,0,0.0,0.0,0.3,0,0.0
4,4,0,0.0,0.0,0.05,0,0.0
2,3,0,0.0,0.0,0.05,0,0.0
6,4,0,0.0,0.0,0.2,1,0.0
20,6,1,21.15,21.7,0.5,0,350.1
7,4,1,17.98,28.8,0.2,0,537.8
8,1,0,0.0,0.0,0.65,1,0.0
2,1,0,0.0,0.0,0.05,0,0.0
17,3,0,0.0,0.0,0.3,0,0.0
3,6,0,0.0,0.0,0.05,0,0.0
11,1,1,19.65,53.7,0.3,1,536.9
9,5,1,19.15,34.2,0.65,0,120.6
18,3,1,12.02,35.0,0.6,1,207.2
3,2,0,0.0,0.0,0.05,0,0.0
12,6,0,0.0,0.0,0.3,1,0.0
1,1,0,0.0,0.0,0.05,0,0.0
21,2,1,19.33,3.5,0.6,0,424.7
18,0,1,10.18,29.9,0.5,1,1195.4
23,1,0,0.0,0.0,0.2,0,0.0
14,3,0,0.0,0.0,0.3,0,0.0
7,1,0,0.0,0.0,0.2,0,0.0
0,4,0,0.0,0.0,0.05,0,0.0
4,4,0,0.0,0.0,0.05,0,0.0
14,3,0,0.0,0.0,0.3,1,0.0
9,2,1,16.85,3.9,0.65,1,449.0
21,4,1,12.38,30.2,0.6,0,187.0
2,2,0,0.0,0.0,0.05,0,0.0
15,3,1,12.99,2.9,0.3,0,458.3
21,3,1,16.28,33.0,0.6,0,667.9
14,1,0,0.0,0.0,0.3,1,0.0
11,0,1,18.05,39.6,0.3,0,458.9
16,2,0,0.0,0.0,0.3,0,0.0
3,0,0,0.0,0.0,0.05,0,0.0
3,1,0,0.0,0.0,0.05,0,0.0
15,6,0,0.0,0.0,0.3,1,0.0
8,4,1,24.0,51.1,0.65,1,203.5
16,3,1,15.06,11.3,0.3,0,419.1
10,4,1,11.49,39.8,0.65,1,984.6
18,1,1,22.56,5.8,0.6,1,490.6
12,0,0,0.0,0.0,0.3,0,0.0
8,1,0,0.0,0.0,0.65,0,0.0
23,3,0,0.0,0.0,0.2,0,0.0
15,5,0,0.0,0.0,0.3,0,0.0
0,5,0,0.0,0.0,0.05,0,0.0
10,4,1,14.4,88.4,0.65,0,358.0
14,4,0,0.0,0.0,0.3,0,0.0
14,0,0,0.0,0.0,0.3,0,0.0
20,2,1,20.73,35.2,0.6,0,289.5
1,3,0,0.0,0.0,0.05,0,0.0
15,5,0,0.0,0.0,0.3,0,0.0
19,4,1,12.15,3.0,0.6,0,170.7
19,4,1,8.08,80.2,0.6,1,455.1
11,0,1,11.78,30.2,0.3,0,283.0
18,3,1,12.74,17.2,0.6,1,237.2
23,5,0,0.0,0.0,0.2,0,0.0
8,1,1,23.33,108.0,0.65,0,195.0
14,5,0,0.0,0.0,0.3,0,0.0
11,4,0,0.0,0.0,0.3,0,0.0
7,5,0,0.0,0.0,0.2,0,0.0
23,5,0,0.0,0.0,0.2,0,0.0
20,5,0,0.0,0.0,0.6,1,0.0
4,3,0,0.0,0.0,0.05,0,0.0
5,5,0,0.0,0.0,0.05,0,0.0
10,5,1,14.17,3.7,0.65,1,459.1
1,2,0,0.0,0.0,0.05,0,0.0
4,0,0,0.0,0.0,0.05,0,0.0
11,6,0,0.0,0.0,0.3,1,0.0
10,1,0,0.0,0.0,0.65,1,0.0
11,2,1,19.06,2.7,0.3,0,304.9
17,3,1,16.66,30.8,0.3,0,287.8
7,1,0,0.0,0.0,0.2,0,0.0
6,3,1,10.54,70.5,0.2,0,378.1
11,4,1,12.63,15.5,0.3,0,727.1
0,3,0,0.0,0.0,0.05,0,0.0
0,1,0,0.0,0.0,0.05,1,0.0
22,0,0,0.0,0.0,0.2,0,0.0
12,5,1,11.04,7.7,0.3,1,376.9
1,3,0,0.0,0.0,0.05,0,0.0
22,5,0,0.0,0.0,0.2,1,0.0
0,1,0,0.0,0.0,0.05,0,0.0
22,3,1,23.97,67.1,0.2,1,230.0
13,3,0,0.0,0.0,0.3,1,0.0
2,3,0,0.0,0.0,0.05,0,0.0
6,1,0,0.0,0.0,0.2,0,0.0
0,6,0,0.0,0.0,0.05,0,0.0
0,2,0,0.0,0.0,0.05,0,0.0
15,5,0,0.0,0.0,0.3,1,0.0
21,3,0,0.0,0.0,0.6,1,0.0
16,4,0,0.0,0.0,0.3,0,0.0
2,5,1,17.57,54.8,0.05,0,762.5
18,4,1,12.2,65.2,0.6,0,301.9
19,5,0,0.0,0.0,0.6,0,0.0
20,2,1,14.49,18.5,0.6,0,540.0
23,1,0,0.0,0.0,0.2,0,0.0
9,5,0,0.0,0.0,0.65,1,0.0
2,0,0,0.0,0.0,0.05,0,0.0
21,3,1,16.45,49.3,0.6,1,574.5
7,0,0,0.0,0.0,0.2,0,0.0
0,2,0,0.0,0.0,0.05,0,0.0
2,3,0,0.0,0.0,0.05,0,0.0
4,5,0,0.0,0.0,0.05,0,0.0
21,2,1,17.98,38.3,0.6,0,445.0
6,4,1,12.6,17.7,0.2,1,439.9
4,4,0,0.0,0.0,0.05,0,0.0
18,5,0,0.0,0.0,0.6,0,0.0
0,3,0,0.0,0.0,0.05,0,0.0
9,3,1,21.68,10.9,0.65,0,384.3
18,3,0,0.0,0.0,0.6,0,0.0
0,3,0,0.0,0.0,0.05,0,0.0
13,5,0,0.0,0.0,0.3,1,0.0
15,2,0,0.0,0.0,0.3,0,0.0
13,4,0,0.0,0.0,0.3,0,0.0
10,6,0,0.0,0.0,0.55,1,0.0
22,6,0,0.0,0.0,0.2,0,0.0
2,3,1,17.75,6.4,0.05,0,104.3
4,5,0,0.0,0.0,0.05,0,0.0
0,6,0,0.0,0.0,0.05,0,0.0
1,2,0,0.0,0.0,0.05,0,0.0
16,5,1,20.15,14.2,0.3,0,496.8
5,4,0,0.0,0.0,0.05,0,0.0
12,6,0,0.0,0.0,0.3,0,0.0
8,6,0,0.0,0.0,0.55,1,0.0
23,0,1,16.05,24.8,0.2,0,394.9
14,0,0,0.0,0.0,0.3,0,0.0
6,0,0,0.0,0.0,0.2,0,0.0
23,2,0,0.0,0.0,0.2,0,0.0
20,2,0,0.0,0.0,0.6,0,0.0
4,2,0,0.0,0.0,0.05,0,0.0
11,5,0,0.0,0.0,0.3,0,0.0
17,5,0,0.0,0.0,0.3,1,0.0
21,2,0,0.0,0.0,0.6,1,0.0
10,0,1,14.4,4.7,0.55,0,761.6
14,5,0,0.0,0.0,0.3,1,0.0
23,1,0,0.0,0.0,0.2,1,0.0
21,4,1,12.43,8.9,0.6,0,410.9
19,2,1,19.74,3.0,0.6,1,289.3
11,3,0,0.0,0.0,0.3,1,0.0
19,6,1,15.29,57.8,0.5,1,202.1
10,0,0,0.0,0.0,0.55,1,0.0
21,5,1,7.9,15.3,0.6,1,1822.4
1,3,0,0.0,0.0,0.05,0,0.0
1,3,0,0.0,0.0,0.05,1,0.0
6,4,0,0.0,0.0,0.2,0,0.0
4,3,0,0.0,0.0,0.05,0,0.0
10,0,1,24.61,26.1,0.55,1,449.0
22,5,0,0.0,0.0,0.2,0,0.0
17,5,0,0.0,0.0,0.3,1,0.0
12,6,1,14.68,4.2,0.3,0,112.0
4,4,0,0.0,0.0,0.05,0,0.0
11,1,0,0.0,0.0,0.3,0,0.0
2,6,0,0.0,0.0,0.05,0,0.0
3,6,0,0.0,0.0,0.05,1,0.0
14,2,1,18.9,14.2,0.3,0,561.5
0,1,0,0.0,0.0,0.05,0,0.0
4,4,0,0.0,0.0,0.05,0,0.0
15,1,0,0.0,0.0,0.3,0,0.0
9,0,1,15.43,129.0,0.55,0,721.3
21,2,1,15.57,18.8,0.6,0,334.0
16,0,1,19.61,17.1,0.3,0,216.9
6,6,0,0.0,0.0,0.2,1,0.0
17,3,0,0.0,0.0,0.3,1,0.0
5,2,0,0.0,0.0,0.05,0,0.0
1,4,0,0.0,0.0,0.05,0,0.0
14,2,0,0.0,0.0,0.3,0,0.0
15,4,1,6.0,29.1,0.3,0,615.9
16,0,0,0.0,0.0,0.3,0,0.0
9,1,1,20.42,17.0,0.65,0,260.1
21,3,0,0.0,0.0,0.6,1,0.0
13,2,0,0.0,0.0,0.3,0,0.0
7,6,0,0.0,0.0,0.2,0,0.0
19,1,1,20.09,108.0,0.6,1,172.4
15,4,1,13.9,2.4,0.3,0,267.2
14,3,0,0.0,0.0,0.3,1,0.0
1,2,0,0.0,0.0,0.05,0,0.0
20,6,0,0.0,0.0,0.5,1,0.0
7,2,1,13.64,63.7,0.2,0,209.4
12,3,1,22.04,82.0,0.3,0,0.2
3,1,0,0.0,0.0,0.05,0,0.0
22,6,1,16.74,174.2,0.2,1,1.3
15,0,0,0.0,0.0,0.3,0,0.0
10,2,0,0.0,0.0,0.65,1,0.0
10,1,0,0.0,0.0,0.65,1,0.0
3,0,0,0.0,0.0,0.05,0,0.0
8,0,0,0.0,0.0,0.55,1,0.0
19,5,1,17.75,25.4,0.6,0,354.1
21,0,0,0.0,0.0,0.5,0,0.0
14,6,1,19.05,81.8,0.3,0,106.1
13,6,1,11.68,34.1,0.3,0,904.4
16,1,0,0.0,0.0,0.3,0,0.0
12,4,1,7.81,97.3,0.3,0,520.5
7,4,0,0.0,0.0,0.2,1,0.0
5,1,0,0.0,0.0,0.05,0,0.0
20,5,1,15.44,31.5,0.6,0,192.2
14,3,0,0.0,0.0,0.3,0,0.0
14,4,0,0.0,0.0,0.3,0,0.0
14,0,0,0.0,0.0,0.3,0,0.0
9,6,0,0.0,0.0,0.55,1,0.0
13,0,0,0.0,0.0,0.3,0,0.0
16,3,0,0.0,0.0,0.3,0,0.0
10,2,1,14.8,33.6,0.65,1,371.0
18,3,1,21.42,113.4,0.6,0,418.3
23,0,0,0.0,0.0,0.2,0,0.0
21,5,1,16.58,65.7,0.6,0,805.9
14,4,0,0.0,0.0,0.3,1,0.0
3,3,0,0.0,0.0,0.05,0,0.0
23,2,0,0.0,0.0,0.2,0,0.0
10,2,1,22.06,12.2,0.65,1,164.2
23,3,1,16.83,17.9,0.2,0,243.9
11,1,0,0.0,0.0,0.3,0,0.0
4,4,0,0.0,0.0,0.05,0,0.0
1,0,0,0.0,0.0,0.05,0,0.0
2,4,0,0.0,0.0,0.05,0,0.0
6,1,0,0.0,0.0,0.2,0,0.0
16,6,0,0.0,0.0,0.3,0,0.0
19,6,1,14.26,127.1,0.5,1,372.2
2,4,0,0.0,0.0,0.05,0,0.0
8,4,1,19.32,24.1,0.65,1,210.0
21,3,1,16.04,21.4,0.6,0,399.7
23,3,0,0.0,0.0,0.2,0,0.0
23,1,0,0.0,0.0,0.2,0,0.0
11,5,0,0.0,0.0,0.3,0,0.0
3,1,0,0.0,0.0,0.05,0,0.0
14,4,0,0.0,0.0,0.3,0,0.0
23,2,0,0.0,0.0,0.2,0,0.0
2,5,0,0.0,0.0,0.05,0,0.0
0,4,0,0.0,0.0,0.05,0,0.0
12,3,0,0.0,0.0,0.3,0,0.0
5,4,0,0.0,0.0,0.05,0,0.0
23,4,0,0.0,0.0,0.2,0,0.0
11,1,0,0.0,0.0,0.3,0,0.0
16,3,1,14.58,13.5,0.3,0,315.5
7,5,0,0.0,0.0,0.2,0,0.0
9,2,1,16.5,8.7,0.65,0,253.9
18,4,1,6.0,20.6,0.6,0,1875.8
5,1,0,0.0,0.0,0.05,0,0.0
8,4,1,16.42,45.6,0.65,0,158.7
17,0,0,0.0,0.0,0.3,0,0.0
11,4,0,0.0,0.0,0.3,1,0.0
14,5,1,25.23,27.1,0.3,0,399.6
11,0,0,0.0,0.0,0.3,0,0.0
19,1,1,14.02,37.2,0.6,0,763.1
3,2,1,10.31,39.4,0.05,1,939.0
16,3,1,12.98,139.9,0.3,0,302.3
5,0,0,0.0,0.0,0.05,0,0.0
13,2,0,0.0,0.0,0.3,1,0.0
21,6,1,16.26,85.8,0.5,0,86.1
22,2,0,0.0,0.0,0.2,1,0.0
19,2,1,19.7,119.9,0.6,0,424.6
0,4,0,0.0,0.0,0.05,0,0.0
3,4,0,0.0,0.0,0.05,0,0.0
1,6,0,0.0,0.0,0.05,1,0.0
22,0,0,0.0,0.0,0.2,0,0.0
14,1,0,0.0,0.0,0.3,0,0.0
23,4,0,0.0,0.0,0.2,0,0.0
13,2,0,0.0,0.0,0.3,1,0.0
20,6,0,0.0,0.0,0.5,1,0.0
16,4,0,0.0,0.0,0.3,1,0.0
18,2,1,9.97,51.1,0.6,1,426.8
9,5,1,11.34,3.8,0.65,1,545.0
16,0,0,0.0,0.0,0.3,0,0.0
8,4,1,16.85,57.8,0.65,1,432.4
20,1,0,0.0,0.0,0.6,0,0.0
13,4,0,0.0,0.0,0.3,1,0.0
12,3,0,0.0,0.0,0.3,0,0.0
20,4,1,14.66,4.1,0.6,0,185.9
19,4,0,0.0,0.0,0.6,1,0.0
9,5,1,19.55,6.3,0.65,0,160.2
10,3,1,13.21,85.7,0.65,0,544.1
18,1,1,10.55,19.9,0.6,0,511.4
7,3,1,11.83,32.9,0.2,1,142.4
22,3,0,0.0,0.0,0.2,1,0.0
18,6,0,0.0,0.0,0.5,1,0.0
5,5,0,0.0,0.0,0.05,0,0.0
18,1,1,12.6,74.0,0.6,1,758.5
22,3,0,0.0,0.0,0.2,0,0.0
0,2,0,0.0,0.0,0.05,0,0.0
12,4,0,0.0,0.0,0.3,0,0.0
21,1,0,0.0,0.0,0.6,1,0.0
20,2,1,15.05,6.0,0.6,0,413.7
7,3,0,0.0,0.0,0.2,0,0.0
20,0,0,0.0,0.0,0.5,1,0.0
22,5,1,16.32,20.7,0.2,0,615.6
6,2,0,0.0,0.0,0.2,0,0.0
22,6,1,13.22,58.6,0.2,0,194.6
20,6,0,0.0,0.0,0.5,1,0.0
20,0,0,0.0,0.0,0.5,1,0.0
18,0,0,0.0,0.0,0.5,1,0.0
11,2,0,0.0,0.0,0.3,1,0.0
8,1,0,0.0,0.0,0.65,1,0.0
7,3,0,0.0,0.0,0.2,1,0.0
7,3,0,0.0,0.0,0.2,0,0.0
1,5,0,0.0,0.0,0.05,0,0.0
13,5,0,0.0,0.0,0.3,0,0.0
18,4,0,0.0,0.0,0.6,1,0.0
17,6,0,0.0,0.0,0.3,0,0.0
20,0,0,0.0,0.0,0.5,0,0.0
13,0,0,0.0,0.0,0.3,0,0.0
11,4,0,0.0,0.0,0.3,0,0.0
13,5,0,0.0,0.0,0.3,0,0.0
2,0,0,0.0,0.0,0.05,0,0.0
5,2,0,0.0,0.0,0.05,0,0.0
23,4,1,20.97,41.4,0.2,1,444.5
15,0,1,12.6,16.9,0.3,0,462.7
2,6,1,8.55,152.9,0.05,0,263.0
9,6,1,11.53,4.4,0.55,1,527.3
8,5,1,17.53,65.0,0.65,0,353.4
19,4,1,12.55,32.4,0.6,0,1083.0
1,3,0,0.0,0.0,0.05,0,0.0
19,2,1,12.06,22.1,0.6,1,670.1
22,5,1,12.77,57.2,0.2,0,308.4
19,5,0,0.0,0.0,0.6,0,0.0
20,1,1,17.43,3.8,0.6,1,227.0
19,0,1,13.66,118.3,0.5,0,99.2
12,3,0,0.0,0.0,0.3,1,0.0
10,5,0,0.0,0.0,0.65,0,0.0
16,0,1,18.7,81.5,0.3,0,75.7
1,5,1,15.22,34.4,0.05,0,873.7
10,0,1,19.54,117.6,0.55,1,296.9
13,6,0,0.0,0.0,0.3,0,0.0
10,6,1,21.55,51.3,0.55,0,278.4
21,5,1,12.74,9.2,0.6,1,591.9
3,6,0,0.0,0.0,0.05,0,0.0
11,0,1,22.12,62.6,0.3,0,399.9
18,5,1,12.87,61.7,0.6,0,438.4
8,4,1,17.9,42.7,0.65,1,413.3
22,4,0,0.0,0.0,0.2,0,0.0
11,2,0,0.0,0.0,0.3,0,0.0
12,6,1,17.63,36.8,0.3,0,730.8
11,3,0,0.0,0.0,0.3,0,0.0
1,4,0,0.0,0.0,0.05,1,0.0
3,5,0,0.0,0.0,0.05,0,0.0
23,6,0,0.0,0.0,0.2,0,0.0
3,3,0,0.0,0.0,0.05,0,0.0
8,5,1,16.84,1.7,0.65,1,515.2
16,4,1,16.38,11.6,0.3,1,375.5
13,2,0,0.0,0.0,0.3,1,0.0
15,3,1,20.46,172.2,0.3,0,334.8
2,2,0,0.0,0.0,0.05,0,0.0
20,4,1,14.72,39.4,0.6,0,224.1
7,4,0,0.0,0.0,0.2,0,0.0
20,6,1,16.72,33.9,0.5,0,81.8
5,2,0,0.0,0.0,0.05,0,0.0
0,1,0,0.0,0.0,0.05,0,0.0
20,5,0,0.0,0.0,0.6,1,0.0
6,2,0,0.0,0.0,0.2,0,0.0
2,5,0,0.0,0.0,0.05,0,0.0
8,4,1,15.76,3.6,0.65,1,341.9
3,6,0,0.0,0.0,0.05,0,0.0
6,3,1,16.96,2.7,0.2,0,218.4
5,6,0,0.0,0.0,0.05,0,0.0
1,6,0,0.0,0.0,0.05,0,0.0
13,3,1,9.5,73.3,0.3,0,354.3
12,1,0,0.0,0.0,0.3,1,0.0
23,4,0,0.0,0.0,0.2,0,0.0
23,4,0,0.0,0.0,0.2,0,0.0
1,3,0,0.0,0.0,0.05,0,0.0
3,6,0,0.0,0.0,0.05,0,0.0
2,1,0,0.0,0.0,0.05,0,0.0
14,4,1,15.64,91.9,0.3,1,388.2
17,4,0,0.0,0.0,0.3,0,0.0
8,1,1,11.43,10.3,0.65,0,1064.8
19,2,1,17.37,6.2,0.6,1,555.0
8,0,1,15.86,11.2,0.55,0,309.7
11,3,0,0.0,0.0,0.3,0,0.0
1,1,0,0.0,0.0,0.05,0,0.0
22,3,0,0.0,0.0,0.2,1,0.0
7,2,0,0.0,0.0,0.2,0,0.0
13,2,1,22.67,22.1,0.3,0,229.7
3,4,0,0.0,0.0,0.05,0,0.0
12,4,0,0.0,0.0,0.3,0,0.0
18,5,1,12.53,22.8,0.6,1,876.6
21,4,1,8.76,16.8,0.6,1,200.3
19,4,0,0.0,0.0,0.6,1,0.0
4,5,0,0.0,0.0,0.05,0,0.0
18,1,1,9.64,27.3,0.6,0,223.0
10,0,0,0.0,0.0,0.55,1,0.0
4,5,0,0.0,0.0,0.05,0,0.0
11,1,0,0.0,0.0,0.3,0,0.0
18,6,0,0.0,0.0,0.5,0,0.0
14,3,0,0.0,0.0,0.3,0,0.0
14,1,0,0.0,0.0,0.3,1,0.0
3,6,0,0.0,0.0,0.05,0,0.0
14,5,0,0.0,0.0,0.3,0,0.0
2,0,0,0.0,0.0,0.05,0,0.0
8,2,1,17.3,86.0,0.65,0,317.8
16,2,0,0.0,0.0,0.3,0,0.0
4,4,0,0.0,0.0,0.05,0,0.0
3,5,0,0.0,0.0,0.05,0,0.0
15,1,0,0.0,0.0,0.3,1,0.0
3,3,0,0.0,0.0,0.05,0,0.0
1,2,0,0.0,0.0,0.05,0,0.0
3,3,0,0.0,0.0,0.05,0,0.0
4,4,0,0.0,0.0,0.05,0,0.0
10,2,1,22.23,82.3,0.65,0,266.3
10,6,0,0.0,0.0,0.55,0,0.0
19,4,1,14.93,30.8,0.6,1,209.5
1,6,0,0.0,0.0,0.05,0,0.0
0,5,0,0.0,0.0,0.05,0,0.0
16,5,0,0.0,0.0,0.3,0,0.0
1,6,0,0.0,0.0,0.05,0,0.0
10,1,0,0.0,0.0,0.65,1,0.0
18,4,1,21.15,100.8,0.6,1,286.5
14,4,0,0.0,0.0,0.3,1,0.0
8,2,1,13.79,8.7,0.65,1,221.6
5,4,0,0.0,0.0,0.05,0,0.0
7,3,1,18.77,47.5,0.2,0,291.5
5,6,0,0.0,0.0,0.05,0,0.0
20,5,1,14.13,21.9,0.6,0,121.0
11,3,1,18.52,51.9,0.3,0,224.6
11,6,1,12.73,47.6,0.3,0,467.5
21,5,0,0.0,0.0,0.6,0,0.0
20,4,1,10.51,30.4,0.6,1,604.2
14,6,0,0.0,0.0,0.3,0,0.0
19,3,1,15.7,36.5,0.6,1,76.8
10,0,0,0.0,0.0,0.55,1,0.0
7,4,0,0.0,0.0,0.2,0,0.0
11,0,0,0.0,0.0,0.3,1,0.0
23,5,1,10.8,74.6,0.2,0,854.1
1,5,0,0.0,0.0,0.05,0,0.0
19,4,0,0.0,0.0,0.6,1,0.0
8,0,1,21.11,10.5,0.55,0,99.8
11,4,1,15.14,15.9,0.3,1,668.1
0,1,0,0.0,0.0,0.05,0,0.0
9,4,0,0.0,0.0,0.65,1,0.0
3,1,0,0.0,0.0,0.05,0,0.0
19,0,0,0.0,0.0,0.5,0,0.0
22,5,0,0.0,0.0,0.2,1,0.0
18,3,1,20.07,0.8,0.6,1,234.3
12,4,0,0.0,0.0,0.3,0,0.0
8,0,1,22.5,8.3,0.55,1,311.3
23,0,1,6.0,86.1,0.2,0,1566.2
14,0,0,0.0,0.0,0.3,1,0.0
14,1,0,0.0,0.0,0.3,0,0.0
2,3,0,0.0,0.0,0.05,0,0.0
1,5,0,0.0,0.0,0.05,0,0.0
16,6,0,0.0,0.0,0.3,0,0.0
17,6,0,0.0,0.0,0.3,0,0.0
17,5,0,0.0,0.0,0.3,0,0.0
7,5,0,0.0,0.0,0.2,1,0.0
9,1,0,0.0,0.0,0.65,1,0.0
20,1,0,0.0,0.0,0.6,0,0.0
15,1,0,0.0,0.0,0.3,1,0.0
8,0,1,16.12,44.2,0.55,1,341.6
19,3,0,0.0,0.0,0.6,1,0.0
10,3,0,0.0,0.0,0.65,1,0.0
21,0,1,22.23,88.7,0.5,0,562.4
22,3,0,0.0,0.0,0.2,0,0.0
6,3,1,15.47,29.9,0.2,0,437.0
17,5,0,0.0,0.0,0.3,1,0.0
2,1,0,0.0,0.0,0.05,0,0.0
8,1,1,8.98,110.8,0.65,1,721.9
23,5,0,0.0,0.0,0.2,0,0.0
0,3,0,0.0,0.0,0.05,0,0.0
13,1,0,0.0,0.0,0.3,1,0.0
16,4,1,18.18,135.8,0.3,0,632.1
5,6,0,0.0,0.0,0.05,0,0.0
19,4,1,14.75,21.5,0.6,0,340.0
18,2,0,0.0,0.0,0.6,1,0.0
18,5,0,0.0,0.0,0.6,1,0.0
3,2,0,0.0,0.0,0.05,0,0.0
4,5,0,0.0,0.0,0.05,0,0.0
17,0,0,0.0,0.0,0.3,1,0.0
19,6,0,0.0,0.0,0.5,0,0.0
9,5,1,17.24,81.8,0.65,1,576.4
20,3,0,0.0,0.0,0.6,0,0.0
21,5,1,9.45,5.1,0.6,0,1109.9
17,5,1,20.18,3.1,0.3,0,349.0
0,0,1,19.0,21.3,0.05,0,541.4
6,1,1,11.53,140.1,0.2,0,112.0
15,2,0,0.0,0.0,0.3,1,0.0
0,0,0,0.0,0.0,0.05,0,0.0
14,1,0,0.0,0.0,0.3,0,0.0
12,6,0,0.0,0.0,0.3,1,0.0
21,2,1,9.97,5.2,0.6,0,686.5
20,5,1,16.0,13.4,0.6,0,579.2
19,4,1,8.79,6.4,0.6,1,473.2
20,6,1,18.54,16.8,0.5,0,760.9
16,0,0,0.0,0.0,0.3,1,0.0
22,4,0,0.0,0.0,0.2,0,0.0
7,1,0,0.0,0.0,0.2,0,0.0
19,2,1,15.3,7.0,0.6,0,538.3
5,3,0,0.0,0.0,0.05,0,0.0
18,3,0,0.0,0.0,0.6,1,0.0
12,5,0,0.0,0.0,0.3,0,0.0
7,3,0,0.0,0.0,0.2,0,0.0
2,4,0,0.0,0.0,0.05,0,0.0
9,0,1,17.43,46.4,0.55,0,352.6
17,6,0,0.0,0.0,0.3,0,0.0
13,6,0,0.0,0.0,0.3,0,0.0
3,6,0,0.0,0.0,0.05,0,0.0
22,2,0,0.0,0.0,0.2,1,0.0
2,4,0,0.0,0.0,0.05,0,0.0
1,5,0,0.0,0.0,0.05,0,0.0
17,6,0,0.0,0.0,0.3,0,0.0
14,4,0,0.0,0.0,0.3,0,0.0
9,0,0,0.0,0.0,0.55,1,0.0
7,3,0,0.0,0.0,0.2,0,0.0
5,5,0,0.0,0.0,0.05,0,0.0
6,1,0,0.0,0.0,0.2,0,0.0
2,6,0,0.0,0.0,0.05,0,0.0
1,2,0,0.0,0.0,0.05,0,0.0
16,3,0,0.0,0.0,0.3,1,0.0
14,0,1,15.03,76.9,0.3,0,398.8
8,0,1,16.2,41.1,0.55,1,864.1
6,1,0,0.0,0.0,0.2,1,0.0
18,5,1,11.67,19.9,0.6,1,497.9
14,1,1,17.0,62.2,0.3,0,180.6
23,2,0,0.0,0.0,0.2,0,0.0
10,2,0,0.0,0.0,0.65,0,0.0
22,6,0,0.0,0.0,0.2,0,0.0
1,4,0,0.0,0.0,0.05,0,0.0
10,0,1,19.16,30.3,0.55,1,242.5
10,0,1,10.02,57.9,0.55,0,1053.8
14,3,0,0.0,0.0,0.3,1,0.0
18,2,1,15.21,41.2,0.6,0,172.1
21,2,1,15.69,12.5,0.6,1,195.3
14,1,1,17.03,2.4,0.3,1,396.5
15,2,0,0.0,0.0,0.3,1,0.0
10,1,1,14.69,12.1,0.65,0,128.0
2,5,0,0.0,0.0,0.05,0,0.0
15,4,0,0.0,0.0,0.3,1,0.0
16,3,1,18.78,76.6,0.3,0,328.6
14,0,0,0.0,0.0,0.3,1,0.0
9,5,1,17.05,39.0,0.65,1,160.3
2,0,0,0.0,0.0,0.05,0,0.0
15,3,0,0.0,0.0,0.3,0,0.0
14,6,1,18.36,10.0,0.3,0,211.2
22,5,1,13.53,99.5,0.2,0,734.2
22,3,1,12.41,25.9,0.2,0,477.9
17,4,0,0.0,0.0,0.3,0,0.0
20,5,1,6.0,113.3,0.6,1,362.6
15,5,0,0.0,0.0,0.3,0,0.0
7,2,0,0.0,0.0,0.2,1,0.0
18,1,1,17.7,69.8,0.6,1,409.8
6,0,1,15.91,7.3,0.2,0,150.3
0,0,0,0.0,0.0,0.05,0,0.0
22,6,0,0.0,0.0,0.2,0,0.0
16,2,0,0.0,0.0,0.3,1,0.0
5,3,0,0.0,0.0,0.05,0,0.0
13,0,1,16.5,27.9,0.3,0,394.1
20,4,1,16.04,0.2,0.6,0,169.4
14,6,0,0.0,0.0,0.3,0,0.0
23,2,0,0.0,0.0,0.2,0,0.0
20,5,1,16.31,46.5,0.6,0,208.5
13,0,0,0.0,0.0,0.3,1,0.0
21,6,1,16.65,4.1,0.5,0,585.3
18,4,1,16.08,48.6,0.6,0,605.6
15,5,1,12.61,7.9,0.3,0,870.7
12,3,0,0.0,0.0,0.3,1,0.0
6,1,0,0.0,0.0,0.2,0,0.0
22,2,0,0.0,0.0,0.2,0,0.0
18,2,1,16.62,39.9,0.6,1,74.8
2,5,0,0.0,0.0,0.05,0,0.0
16,3,0,0.0,0.0,0.3,1,0.0
21,1,1,10.22,69.0,0.6,1,361.9
18,5,1,19.22,32.4,0.6,0,114.7
7,2,0,0.0,0.0,0.2,0,0.0
21,4,1,15.25,41.8,0.6,1,457.1
21,0,0,0.0,0.0,0.5,0,0.0
3,4,0,0.0,0.0,0.05,0,0.0
4,1,0,0.0,0.0,0.05,0,0.0
11,0,0,0.0,0.0,0.3,0,0.0
16,1,1,19.9,40.3,0.3,1,279.8
1,3,0,0.0,0.0,0.05,0,0.0
13,5,0,0.0,0.0,0.3,0,0.0
21,0,1,12.03,79.6,0.5,0,793.5
5,3,0,0.0,0.0,0.05,0,0.0
15,4,0,0.0,0.0,0.3,1,0.0
12,0,1,9.93,16.3,0.3,0,312.6
19,2,1,22.6,48.8,0.6,1,564.2
16,3,1,16.68,44.0,0.3,1,577.6
22,0,0,0.0,0.0,0.2,0,0.0
15,0,0,0.0,0.0,0.3,0,0.0
22,6,1,19.22,42.7,0.2,0,428.6
8,5,1,12.48,18.0,0.65,0,633.5
22,6,0,0.0,0.0,0.2,0,0.0
10,3,1,13.32,66.2,0.65,1,113.9
18,5,0,0.0,0.0,0.6,0,0.0
11,0,0,0.0,0.0,0.3,0,0.0
17,3,0,0.0,0.0,0.3,0,0.0
23,3,0,0.0,0.0,0.2,0,0.0
7,1,1,20.88,1.5,0.2,0,213.5
0,2,0,0.0,0.0,0.05,0,0.0
18,0,1,26.67,15.9,0.5,0,235.1
13,2,0,0.0,0.0,0.3,0,0.0
9,6,0,0.0,0.0,0.55,0,0.0
9,5,1,13.27,1.1,0.65,0,703.7
14,2,1,21.27,60.6,0.3,0,504.0
5,0,0,0.0,0.0,0.05,0,0.0
7,1,0,0.0,0.0,0.2,0,0.0
21,3,1,15.31,62.0,0.6,0,116.2
15,0,0,0.0,0.0,0.3,1,0.0
20,3,1,22.5,147.5,0.6,1,0.0
15,0,0,0.0,0.0,0.3,1,0.0
20,3,1,12.75,103.8,0.6,0,416.7
2,6,0,0.0,0.0,0.05,0,0.0
4,0,0,0.0,0.0,0.05,0,0.0
23,6,0,0.0,0.0,0.2,0,0.0
1,0,0,0.0,0.0,0.05,0,0.0
13,6,0,0.0,0.0,0.3,0,0.0
6,4,0,0.0,0.0,0.2,0,0.0
14,0,0,0.0,0.0,0.3,0,0.0
10,5,1,14.66,10.6,0.65,0,532.9
22,6,1,14.87,14.0,0.2,0,432.1
18,4,0,0.0,0.0,0.6,1,0.0
9,2,1,13.19,163.1,0.65,0,79.8
10,6,1,13.93,21.1,0.55,0,470.2
10,2,1,19.1,54.9,0.65,0,444.2
22,5,1,14.19,40.7,0.2,0,646.9
6,6,1,21.49,63.0,0.2,0,262.9
6,6,0,0.0,0.0,0.2,0,0.0
11,2,0,0.0,0.0,0.3,1,0.0
15,6,0,0.0,0.0,0.3,1,0.0
3,2,0,0.0,0.0,0.05,0,0.0
9,5,1,17.64,36.7,0.65,0,387.0
8,3,1,23.52,127.1,0.65,1,0.0
20,3,1,13.09,2.0,0.6,1,585.1
9,0,1,13.36,33.1,0.55,1,946.9
7,6,0,0.0,0.0,0.2,1,0.0
22,1,0,0.0,0.0,0.2,0,0.0
11,1,1,20.77,7.4,0.3,1,623.2
13,0,0,0.0,0.0,0.3,0,0.0
8,4,1,16.2,20.1,0.65,0,533.2
6,1,0,0.0,0.0,0.2,0,0.0
23,4,0,0.0,0.0,0.2,0,0.0
9,1,1,20.82,86.1,0.65,0,542.5
22,3,1,21.07,64.6,0.2,0,362.7
12,6,1,9.64,59.9,0.3,0,387.8
4,1,0,0.0,0.0,0.05,0,0.0
9,1,1,14.05,54.5,0.65,1,201.7
8,1,1,15.62,240.0,0.65,1,659.9
6,2,0,0.0,0.0,0.2,0,0.0
19,4,1,14.38,8.3,0.6,0,141.3
0,1,0,0.0,0.0,0.05,0,0.0
2,1,0,0.0,0.0,0.05,0,0.0
11,5,0,0.0,0.0,0.3,1,0.0
18,1,1,9.26,36.9,0.6,1,1236.7
1,0,1,16.05,10.2,0.05,0,633.8
5,6,0,0.0,0.0,0.05,0,0.0
10,3,1,15.35,80.7,0.65,1,38.6
7,3,0,0.0,0.0,0.2,0,0.0
0,0,0,0.0,0.0,0.05,0,0.0
3,3,0,0.0,0.0,0.05,0,0.0
12,5,1,13.81,240.0,0.3,0,0.0
1,3,0,0.0,0.0,0.05,0,0.0
7,3,1,13.62,10.6,0.2,0,400.1
17,4,1,18.12,85.2,0.3,0,185.1
1,0,0,0.0,0.0,0.05,0,0.0
3,5,0,0.0,0.0,0.05,0,0.0
17,6,1,16.99,5.1,0.3,0,455.2
14,4,0,0.0,0.0,0.3,0,0.0
13,5,0,0.0,0.0,0.3,1,0.0
8,4,1,7.96,131.3,0.65,0,331.5
2,2,0,0.0,0.0,0.05,0,0.0
6,0,0,0.0,0.0,0.2,0,0.0
12,1,0,0.0,0.0,0.3,1,0.0
5,3,0,0.0,0.0,0.05,0,0.0
3,4,1,24.24,95.9,0.05,0,110.1
23,1,0,0.0,0.0,0.2,1,0.0
23,5,1,15.88,69.3,0.2,1,238.0
18,1,1,21.38,56.5,0.6,0,608.5
9,5,1,17.79,8.2,0.65,1,340.0
15,6,0,0.0,0.0,0.3,1,0.0
11,6,1,16.63,8.6,0.3,0,332.2
9,5,1,13.22,13.8,0.65,0,148.6
4,4,0,0.0,0.0,0.05,0,0.0
0,1,1,12.32,21.5,0.05,0,465.9
8,2,1,19.88,84.7,0.65,1,404.6
6,2,1,15.96,51.8,0.2,0,214.9
6,2,1,20.1,4.5,0.2,0,422.6
20,4,1,17.79,17.1,0.6,1,260.9
9,5,1,15.48,186.5,0.65,0,26.5
19,6,1,19.33,99.7,0.5,0,302.7
2,4,0,0.0,0.0,0.05,0,0.0
5,5,0,0.0,0.0,0.05,0,0.0
19,1,1,17.53,94.9,0.6,1,163.5
0,4,0,0.0,0.0,0.05,0,0.0
11,0,0,0.0,0.0,0.3,1,0.0
2,3,0,0.0,0.0,0.05,0,0.0
4,2,0,0.0,0.0,0.05,0,0.0
3,5,0,0.0,0.0,0.05,0,0.0
6,5,0,0.0,0.0,0.2,1,0.0
7,0,1,12.18,54.7,0.2,0,301.4
17,1,0,0.0,0.0,0.3,0,0.0
7,6,0,0.0,0.0,0.2,0,0.0
23,4,1,14.85,37.0,0.2,0,667.8
13,2,0,0.0,0.0,0.3,1,0.0
1,4,0,0.0,0.0,0.05,0,0.0
13,2,0,0.0,0.0,0.3,1,0.0
22,4,0,0.0,0.0,0.2,0,0.0
16,2,0,0.0,0.0,0.3,0,0.0
14,4,1,13.59,92.2,0.3,0,153.6
6,3,0,0.0,0.0,0.2,0,0.0
16,0,1,11.83,7.7,0.3,1,798.0
7,2,1,17.79,2.4,0.2,0,169.6
15,0,0,0.0,0.0,0.3,0,0.0
19,2,1,17.99,138.6,0.6,1,401.9
12,4,1,14.98,4.2,0.3,0,375.9
4,1,0,0.0,0.0,0.05,0,0.0
19,6,1,15.66,159.5,0.5,0,406.0
5,5,0,0.0,0.0,0.05,0,0.0
12,4,0,0.0,0.0,0.3,0,0.0
6,2,1,6.0,24.1,0.2,0,1519.7
1,2,0,0.0,0.0,0.05,0,0.0
2,4,1,20.28,1.0,0.05,0,134.5
20,6,0,0.0,0.0,0.5,1,0.0
15,0,0,0.0,0.0,0.3,1,0.0
22,1,0,0.0,0.0,0.2,1,0.0
9,5,0,0.0,0.0,0.65,1,0.0
20,4,0,0.0,0.0,0.6,1,0.0
9,4,0,0.0,0.0,0.65,1,0.0
14,0,0,0.0,0.0,0.3,0,0.0
9,6,1,17.88,8.2,0.55,1,619.6
19,1,1,12.79,42.8,0.6,1,328.5
11,3,0,0.0,0.0,0.3,0,0.0
13,3,0,0.0,0.0,0.3,0,0.0
1,2,0,0.0,0.0,0.05,0,0.0
0,0,0,0.0,0.0,0.05,0,0.0
2,4,0,0.0,0.0,0.05,0,0.0
15,2,1,15.23,135.5,0.3,0,471.2
10,3,1,15.82,26.0,0.65,1,362.8
20,1,1,7.75,55.3,0.6,0,279.8
17,5,0,0.0,0.0,0.3,1,0.0
20,0,1,16.41,77.6,0.5,1,109.6
6,1,0,0.0,0.0,0.2,0,0.0
3,0,1,6.63,5.7,0.05,0,542.5
3,5,0,0.0,0.0,0.05,0,0.0
15,3,0,0.0,0.0,0.3,0,0.0
20,2,1,17.05,65.0,0.6,1,518.3
4,1,0,0.0,0.0,0.05,0,0.0
0,5,0,0.0,0.0,0.05,0,0.0
20,0,1,15.36,72.3,0.5,0,535.2
4,2,0,0.0,0.0,0.05,0,0.0
16,5,1,15.35,15.2,0.3,0,840.7
3,1,0,0.0,0.0,0.05,0,0.0
7,2,0,0.0,0.0,0.2,0,0.0
20,2,0,0.0,0.0,0.6,1,0.0
18,0,0,0.0,0.0,0.5,0,0.0
18,3,0,0.0,0.0,0.6,1,0.0
18,2,1,12.28,54.7,0.6,1,340.4
15,6,1,7.88,49.9,0.3,0,623.7
2,1,0,0.0,0.0,0.05,0,0.0
16,1,1,18.0,13.6,0.3,1,390.9
17,3,0,0.0,0.0,0.3,1,0.0
5,0,0,0.0,0.0,0.05,0,0.0
12,3,1,9.38,114.8,0.3,0,979.5
12,0,1,13.37,25.8,0.3,0,725.1
9,5,0,0.0,0.0,0.65,0,0.0
9,6,1,22.18,11.1,0.55,0,328.6
18,3,0,0.0,0.0,0.6,1,0.0
1,1,0,0.0,0.0,0.05,0,0.0
4,0,0,0.0,0.0,0.05,0,0.0
0,1,0,0.0,0.0,0.05,0,0.0
4,5,0,0.0,0.0,0.05,0,0.0
23,2,0,0.0,0.0,0.2,0,0.0
1,4,0,0.0,0.0,0.05,0,0.0
5,2,0,0.0,0.0,0.05,0,0.0
15,4,0,0.0,0.0,0.3,0,0.0
7,1,0,0.0,0.0,0.2,0,0.0
3,0,0,0.0,0.0,0.05,0,0.0
20,1,0,0.0,0.0,0.6,0,0.0
11,3,1,12.31,1.8,0.3,0,1066.2
7,4,0,0.0,0.0,0.2,0,0.0
22,6,0,0.0,0.0,0.2,0,0.0
22,1,0,0.0,0.0,0.2,0,0.0
7,0,0,0.0,0.0,0.2,0,0.0
6,4,0,0.0,0.0,0.2,0,0.0
6,3,0,0.0,0.0,0.2,0,0.0
1,1,0,0.0,0.0,0.05,0,0.0
16,0,0,0.0,0.0,0.3,1,0.0
14,2,0,0.0,0.0,0.3,1,0.0
8,3,1,17.17,115.2,0.65,1,26.3
7,2,0,0.0,0.0,0.2,0,0.0
16,1,1,15.03,156.1,0.3,0,165.5
0,0,0,0.0,0.0,0.05,0,0.0
12,2,0,0.0,0.0,0.3,1,0.0
6,4,0,0.0,0.0,0.2,1,0.0
19,6,0,0.0,0.0,0.5,1,0.0
22,5,0,0.0,0.0,0.2,0,0.0
0,4,0,0.0,0.0,0.05,0,0.0
17,0,1,14.71,1.9,0.3,0,604.2
17,6,0,0.0,0.0,0.3,1,0.0
18,3,1,21.86,8.9,0.6,1,336.1
15,6,1,22.79,20.4,0.3,1,231.5
9,5,1,16.69,9.9,0.65,0,190.4
7,2,0,0.0,0.0,0.2,0,0.0
18,0,1,13.76,8.7,0.5,1,173.4
9,5,1,19.68,36.9,0.65,1,646.3
13,6,0,0.0,0.0,0.3,1,0.0
15,6,0,0.0,0.0,0.3,1,0.0
12,1,0,0.0,0.0,0.3,0,0.0
8,4,1,12.9,134.7,0.65,0,736.0
20,6,1,19.02,86.7,0.5,1,86.3
17,3,0,0.0,0.0,0.3,0,0.0
16,6,0,0.0,0.0,0.3,1,0.0
18,1,1,14.98,159.0,0.6,0,0.0
12,5,0,0.0,0.0,0.3,1,0.0
20,3,1,18.97,65.3,0.6,1,506.3
12,1,0,0.0,0.0,0.3,0,0.0
4,4,0,0.0,0.0,0.05,0,0.0
20,0,1,13.82,97.0,0.5,0,478.2
9,5,1,17.02,216.4,0.65,0,458.6
6,6,1,18.66,33.6,0.2,0,406.2
18,3,0,0.0,0.0,0.6,1,0.0
0,6,1,17.48,12.7,0.05,0,223.2
9,6,1,23.18,11.1,0.55,0,570.4
8,3,0,0.0,0.0,0.65,1,0.0
4,5,0,0.0,0.0,0.05,0,0.0
1,6,0,0.0,0.0,0.05,0,0.0
19,0,1,16.38,57.4,0.5,1,114.3
21,4,0,0.0,0.0,0.6,1,0.0
18,5,1,13.92,20.9,0.6,1,351.0
4,0,0,0.0,0.0,0.05,0,0.0
8,6,0,0.0,0.0,0.55,1,0.0
8,0,0,0.0,0.0,0.55,1,0.0
8,2,1,8.19,48.7,0.65,1,979.4
6,6,0,0.0,0.0,0.2,0,0.0
6,0,0,0.0,0.0,0.2,0,0.0
18,3,0,0.0,0.0,0.6,1,0.0
1,6,0,0.0,0.0,0.05,0,0.0
16,4,0,0.0,0.0,0.3,0,0.0
0,3,0,0.0,0.0,0.05,0,0.0
19,3,1,20.68,60.7,0.6,1,92.8
7,1,0,0.0,0.0,0.2,0,0.0
21,6,1,8.93,28.1,0.5,1,512.0
0,5,0,0.0,0.0,0.05,0,0.0
7,6,0,0.0,0.0,0.2,0,0.0
17,3,0,0.0,0.0,0.3,0,0.0
11,6,1,21.98,0.5,0.3,0,74.4
8,0,1,15.8,11.2,0.55,0,468.2
21,6,1,16.86,9.3,0.5,0,293.3
14,5,0,0.0,0.0,0.3,0,0.0
16,4,0,0.0,0.0,0.3,0,0.0
17,6,1,20.1,26.2,0.3,0,112.1
14,6,0,0.0,0.0,0.3,0,0.0
11,3,0,0.0,0.0,0.3,1,0.0
6,6,0,0.0,0.0,0.2,0,0.0
5,4,0,0.0,0.0,0.05,0,0.0
14,4,0,0.0,0.0,0.3,1,0.0
5,0,0,0.0,0.0,0.05,0,0.0
0,6,0,0.0,0.0,0.05,0,0.0
20,1,1,17.47,23.0,0.6,1,347.0
5,4,0,0.0,0.0,0.05,0,0.0
15,0,1,14.21,70.0,0.3,0,260.6
16,0,1,13.99,82.5,0.3,1,80.9
8,0,1,12.46,9.0,0.55,0,383.1
23,4,0,0.0,0.0,0.2,0,0.0
22,3,0,0.0,0.0,0.2,1,0.0
12,2,0,0.0,0.0,0.3,1,0.0
23,3,0,0.0,0.0,0.2,0,0.0
16,1,1,19.73,5.7,0.3,0,388.6
21,4,1,13.71,29.5,0.6,1,413.9
14,6,1,13.98,26.4,0.3,0,443.8
14,1,1,18.77,0.0,0.3,0,579.1
4,6,0,0.0,0.0,0.05,0,0.0
0,4,0,0.0,0.0,0.05,0,0.0
7,1,1,18.44,67.8,0.2,0,645.3
18,4,0,0.0,0.0,0.6,1,0.0
3,4,0,0.0,0.0,0.05,0,0.0
22,6,0,0.0,0.0,0.2,1,0.0
12,2,0,0.0,0.0,0.3,1,0.0
15,4,1,16.54,45.1,0.3,0,105.5
23,1,0,0.0,0.0,0.2,0,0.0
19,6,0,0.0,0.0,0.5,1,0.0
18,3,0,0.0,0.0,0.6,1,0.0
8,4,1,21.61,28.6,0.65,0,353.1
13,5,0,0.0,0.0,0.3,1,0.0
11,3,0,0.0,0.0,0.3,1,0.0
13,4,1,14.13,28.1,0.3,0,387.6
2,4,0,0.0,0.0,0.05,0,0.0
20,1,1,23.21,52.7,0.6,1,564.6
8,3,0,0.0,0.0,0.65,1,0.0
10,6,1,16.38,47.0,0.55,0,160.5
20,2,0,0.0,0.0,0.6,1,0.0
22,2,0,0.0,0.0,0.2,1,0.0
17,4,0,0.0,0.0,0.3,0,0.0
7,6,0,0.0,0.0,0.2,0,0.0
23,0,1,15.09,99.2,0.2,0,88.9
1,6,0,0.0,0.0,0.05,0,0.0
8,6,1,20.99,120.7,0.55,1,130.1
1,1,0,0.0,0.0,0.05,0,0.0
13,2,1,16.24,16.9,0.3,0,345.6
13,4,0,0.0,0.0,0.3,0,0.0
23,2,1,12.19,78.7,0.2,0,213.9
11,2,0,0.0,0.0,0.3,0,0.0
18,4,1,13.25,101.0,0.6,0,416.5
15,2,1,21.14,26.5,0.3,1,491.0
6,1,0,0.0,0.0,0.2,1,0.0
5,1,0,0.0,0.0,0.05,0,0.0
12,5,1,13.99,4.9,0.3,0,197.0
0,3,0,0.0,0.0,0.05,0,0.0
20,1,1,16.98,45.6,0.6,0,91.3
13,6,1,15.24,24.1,0.3,0,145.2
17,4,0,0.0,0.0,0.3,0,0.0
21,3,1,8.07,7.9,0.6,0,606.3
10,6,0,0.0,0.0,0.55,1,0.0
13,6,0,0.0,0.0,0.3,0,0.0
21,6,1,19.07,102.2,0.5,1,650.8
12,0,0,0.0,0.0,0.3,0,0.0
21,1,1,13.51,3.1,0.6,1,440.3
2,6,0,0.0,0.0,0.05,0,0.0
4,0,0,0.0,0.0,0.05,0,0.0
2,5,0,0.0,0.0,0.05,0,0.0
5,2,0,0.0,0.0,0.05,0,0.0
4,5,0,0.0,0.0,0.05,0,0.0
20,0,0,0.0,0.0,0.5,0,0.0
13,0,1,13.69,27.7,0.3,0,753.5
19,4,1,19.5,25.5,0.6,1,391.6
10,3,1,18.06,9.0,0.65,0,100.5
11,0,0,0.0,0.0,0.3,1,0.0
18,6,0,0.0,0.0,0.5,1,0.0
19,4,1,12.91,46.6,0.6,1,464.0
20,4,1,10.83,43.1,0.6,1,561.5
18,6,0,0.0,0.0,0.5,1,0.0
6,1,0,0.0,0.0,0.2,0,0.0
13,4,1,20.43,135.0,0.3,1,55.9
20,4,1,18.08,80.6,0.6,1,517.7
3,0,1,15.06,4.1,0.05,0,672.4
22,2,0,0.0,0.0,0.2,0,0.0
11,6,1,22.28,12.8,0.3,0,337.3
15,2,1,13.66,60.0,0.3,0,351.5
9,2,1,15.89,6.6,0.65,1,663.4
0,2,0,0.0,0.0,0.05,0,0.0
3,2,0,0.0,0.0,0.05,0,0.0
21,5,1,19.53,5.3,0.6,1,510.4
3,2,0,0.0,0.0,0.05,0,0.0
14,6,0,0.0,0.0,0.3,0,0.0
5,5,1,14.64,19.4,0.05,0,314.3
19,3,1,16.56,16.8,0.6,1,597.4
6,6,0,0.0,0.0,0.2,0,0.0
7,5,1,12.65,10.0,0.2,0,419.7
14,4,0,0.0,0.0,0.3,0,0.0
10,3,1,13.74,35.4,0.65,0,529.3
5,2,0,0.0,0.0,0.05,0,0.0
11,1,0,0.0,0.0,0.3,0,0.0
17,6,0,0.0,0.0,0.3,0,0.0
20,6,0,0.0,0.0,0.5,1,0.0
19,2,1,19.75,111.7,0.6,1,284.5
8,0,0,0.0,0.0,0.55,0,0.0
2,2,0,0.0,0.0,0.05,0,0.0
11,3,1,21.81,21.4,0.3,0,314.5
15,5,0,0.0,0.0,0.3,1,0.0
12,5,1,16.87,25.5,0.3,1,789.8
5,6,0,0.0,0.0,0.05,0,0.0
7,6,1,22.14,51.3,0.2,1,288.9
20,0,1,10.6,3.7,0.5,0,193.0
3,3,0,0.0,0.0,0.05,0,0.0
16,4,1,20.59,29.1,0.3,0,335.8
19,3,1,15.11,73.4,0.6,1,190.2
0,5,0,0.0,0.0,0.05,0,0.0
7,1,0,0.0,0.0,0.2,0,0.0
11,4,0,0.0,0.0,0.3,0,0.0
7,5,1,15.32,133.7,0.2,0,104.8
14,6,0,0.0,0.0,0.3,0,0.0
1,3,0,0.0,0.0,0.05,0,0.0
7,3,0,0.0,0.0,0.2,0,0.0
8,5,1,14.14,2.3,0.65,1,150.2
13,6,0,0.0,0.0,0.3,0,0.0
23,4,0,0.0,0.0,0.2,0,0.0
5,5,0,0.0,0.0,0.05,0,0.0
5,1,0,0.0,0.0,0.05,0,0.0
10,5,1,15.67,50.7,0.65,0,212.3
21,0,1,14.9,77.6,0.5,0,354.7
18,4,1,10.25,6.6,0.6,1,990.7
21,1,0,0.0,0.0,0.6,1,0.0
0,0,0,0.0,0.0,0.05,0,0.0
8,5,1,22.81,51.2,0.65,1,87.8
12,5,0,0.0,0.0,0.3,0,0.0
0,0,0,0.0,0.0,0.05,0,0.0
3,6,0,0.0,0.0,0.05,0,0.0
23,0,0,0.0,0.0,0.2,0,0.0
10,0,1,17.61,39.2,0.55,0,267.9
17,2,1,17.01,4.2,0.3,1,285.7
18,0,1,22.27,9.9,0.5,0,60.7
12,6,0,0.0,0.0,0.3,0,0.0
18,2,1,17.28,183.5,0.6,1,227.8
7,6,1,13.07,227.2,0.2,0,327.3
7,3,0,0.0,0.0,0.2,1,0.0
13,3,1,10.73,25.0,0.3,0,730.3
21,4,0,0.0,0.0,0.6,1,0.0
4,4,0,0.0,0.0,0.05,0,0.0
10,2,1,19.35,51.1,0.65,0,653.5
6,3,1,13.71,10.1,0.2,0,692.3
23,5,0,0.0,0.0,0.2,0,0.0
13,0,1,10.43,62.1,0.3,1,1140.5
14,6,0,0.0,0.0,0.3,1,0.0
18,0,1,17.18,32.1,0.5,1,334.6
20,5,0,0.0,0.0,0.6,1,0.0
23,1,0,0.0,0.0,0.2,0,0.0
7,6,0,0.0,0.0,0.2,0,0.0
19,2,1,11.18,23.1,0.6,0,281.2
12,2,0,0.0,0.0,0.3,0,0.0
21,2,1,14.21,18.3,0.6,1,254.0
17,4,0,0.0,0.0,0.3,0,0.0
12,0,0,0.0,0.0,0.3,0,0.0
20,5,1,16.13,59.8,0.6,0,69.0
9,4,1,9.4,50.6,0.65,0,915.6
4,4,0,0.0,0.0,0.05,0,0.0
4,4,0,0.0,0.0,0.05,0,0.0
4,3,0,0.0,0.0,0.05,1,0.0
1,5,0,0.0,0.0,0.05,1,0.0
4,3,0,0.0,0.0,0.05,0,0.0
3,6,0,0.0,0.0,0.05,0,0.0
9,2,1,19.51,20.8,0.65,1,361.7
21,3,1,22.1,63.5,0.6,0,63.5
12,5,1,14.29,26.2,0.3,0,278.7
6,5,0,0.0,0.0,0.2,1,0.0
20,2,1,10.45,182.8,0.6,0,955.9
15,1,1,12.72,2.0,0.3,0,348.0
10,2,0,0.0,0.0,0.65,0,0.0
15,6,0,0.0,0.0,0.3,1,0.0
4,0,0,0.0,0.0,0.05,0,0.0
14,3,1,12.93,68.7,0.3,1,667.0
5,4,0,0.0,0.0,0.05,0,0.0
2,0,0,0.0,0.0,0.05,0,0.0
7,3,0,0.0,0.0,0.2,1,0.0
21,3,0,0.0,0.0,0.6,0,0.0
1,0,1,16.12,58.8,0.05,0,510.5
9,6,0,0.0,0.0,0.55,1,0.0
9,0,1,8.94,93.6,0.55,0,963.1
0,2,0,0.0,0.0,0.05,0,0.0
19,6,1,16.34,14.6,0.5,0,658.4
8,1,0,0.0,0.0,0.65,1,0.0
18,5,1,17.43,13.2,0.6,1,272.4
15,0,0,0.0,0.0,0.3,0,0.0
13,5,1,15.32,6.1,0.3,1,100.9
15,4,1,16.63,58.6,0.3,0,318.4
22,2,1,18.44,44.8,0.2,0,122.7
17,0,0,0.0,0.0,0.3,0,0.0
7,6,0,0.0,0.0,0.2,0,0.0
1,0,0,0.0,0.0,0.05,0,0.0
0,0,0,0.0,0.0,0.05,0,0.0
10,2,1,12.72,12.1,0.65,1,551.4
23,0,0,0.0,0.0,0.2,0,0.0
0,0,0,0.0,0.0,0.05,0,0.0
2,6,0,0.0,0.0,0.05,0,0.0
13,1,0,0.0,0.0,0.3,0,0.0
8,1,1,13.62,137.1,0.65,0,317.8
12,4,0,0.0,0.0,0.3,0,0.0
22,3,0,0.0,0.0,0.2,0,0.0
15,3,1,14.43,28.1,0.3,0,85.6
3,1,0,0.0,0.0,0.05,0,0.0
19,6,1,19.28,100.4,0.5,0,16.8
6,2,0,0.0,0.0,0.2,0,0.0
13,4,0,0.0,0.0,0.3,1,0.0
1,1,0,0.0,0.0,0.05,0,0.0
16,2,0,0.0,0.0,0.3,0,0.0
21,4,1,12.79,4.6,0.6,1,205.4
10,0,1,17.17,6.6,0.55,1,356.2
11,0,0,0.0,0.0,0.3,0,0.0
14,6,1,12.67,31.0,0.3,0,735.0
12,3,1,17.98,29.7,0.3,0,521.4
8,1,1,20.93,8.5,0.65,0,654.6
10,2,1,16.0,94.5,0.65,0,130.6
9,1,1,21.52,55.1,0.65,0,552.5
21,6,0,0.0,0.0,0.5,0,0.0
1,1,0,0.0,0.0,0.05,0,0.0
20,0,1,15.83,0.9,0.5,1,132.4
12,2,0,0.0,0.0,0.3,1,0.0
2,4,0,0.0,0.0,0.05,0,0.0
21,4,1,18.71,0.4,0.6,1,270.5
23,2,0,0.0,0.0,0.2,0,0.0
8,4,1,18.27,11.8,0.65,1,780.3
3,3,0,0.0,0.0,0.05,0,0.0
9,2,1,21.5,73.8,0.65,0,570.8
2,5,0,0.0,0.0,0.05,0,0.0
5,5,0,0.0,0.0,0.05,0,0.0
10,0,0,0.0,0.0,0.55,0,0.0
2,6,0,0.0,0.0,0.05,0,0.0
0,4,0,0.0,0.0,0.05,0,0.0
7,4,1,21.42,37.3,0.2,0,283.7
21,0,1,18.98,128.4,0.5,0,319.4
21,1,0,0.0,0.0,0.6,0,0.0
19,0,1,16.21,13.4,0.5,0,578.3
22,0,1,12.93,24.4,0.2,0,103.5
1,0,0,0.0,0.0,0.05,0,0.0
13,4,0,0.0,0.0,0.3,0,0.0
23,3,1,23.84,30.1,0.2,0,97.4
17,6,0,0.0,0.0,0.3,0,0.0
22,3,1,17.64,33.8,0.2,0,384.5
20,6,0,0.0,0.0,0.5,0,0.0
9,1,1,15.2,71.9,0.65,0,384.9
11,1,0,0.0,0.0,0.3,0,0.0
22,0,0,0.0,0.0,0.2,0,0.0
7,3,0,0.0,0.0,0.2,1,0.0
12,6,1,16.51,60.6,0.3,0,570.6
5,2,0,0.0,0.0,0.05,0,0.0
9,4,1,22.1,62.0,0.65,1,90.1
16,6,0,0.0,0.0,0.3,1,0.0
22,3,1,12.06,20.6,0.2,0,615.2
4,4,0,0.0,0.0,0.05,0,0.0
15,2,1,7.01,114.5,0.3,1,785.4
15,4,0,0.0,0.0,0.3,0,0.0
17,5,0,0.0,0.0,0.3,0,0.0
21,2,1,20.82,0.5,0.6,1,174.3
3,4,0,0.0,0.0,0.05,0,0.0
4,6,0,0.0,0.0,0.05,0,0.0
16,5,0,0.0,0.0,0.3,1,0.0
1,5,0,0.0,0.0,0.05,0,0.0
17,2,1,10.83,2.8,0.3,0,769.6
2,3,0,0.0,0.0,0.05,0,0.0
7,3,0,0.0,0.0,0.2,0,0.0
18,0,0,0.0,0.0,0.5,1,0.0
3,3,0,0.0,0.0,0.05,0,0.0
14,4,0,0.0,0.0,0.3,0,0.0
13,6,0,0.0,0.0,0.3,0,0.0
13,4,0,0.0,0.0,0.3,0,0.0
22,1,0,0.0,0.0,0.2,0,0.0
8,6,1,13.05,122.6,0.55,0,291.2
19,6,1,14.38,37.8,0.5,0,117.8
1,4,0,0.0,0.0,0.05,0,0.0
0,3,0,0.0,0.0,0.05,0,0.0
13,6,0,0.0,0.0,0.3,1,0.0
10,6,0,0.0,0.0,0.55,0,0.0
8,4,1,22.16,25.1,0.65,1,242.6
7,6,0,0.0,0.0,0.2,0,0.0
2,3,0,0.0,0.0,0.05,0,0.0
10,4,1,24.42,59.2,0.65,1,12.0
6,1,1,13.92,1.3,0.2,0,434.2
21,0,1,13.17,57.2,0.5,1,262.2
15,2,0,0.0,0.0,0.3,0,0.0
8,5,0,0.0,0.0,0.65,1,0.0
19,5,1,13.92,5.9,0.6,1,985.3
21,5,1,15.41,43.0,0.6,0,259.0
12,0,0,0.0,0.0,0.3,0,0.0
21,6,1,14.62,8.3,0.5,1,494.8
6,0,0,0.0,0.0,0.2,0,0.0
20,1,0,0.0,0.0,0.6,1,0.0
11,6,0,0.0,0.0,0.3,0,0.0
4,3,0,0.0,0.0,0.05,0,0.0
13,6,0,0.0,0.0,0.3,1,0.0
5,4,0,0.0,0.0,0.05,0,0.0
15,4,1,14.62,65.8,0.3,0,718.8
16,6,0,0.0,0.0,0.3,1,0.0
0,3,0,0.0,0.0,0.05,0,0.0
19,6,1,12.34,122.0,0.5,1,486.1
18,5,1,12.03,12.2,0.6,0,481.9
11,1,1,8.96,44.7,0.3,0,1132.0
19,6,0,0.0,0.0,0.5,0,0.0
23,0,1,8.91,20.3,0.2,0,212.3
20,3,1,20.29,61.1,0.6,0,569.0
18,0,1,9.48,136.3,0.5,1,575.7
9,1,1,24.24,19.6,0.65,0,235.0
6,5,0,0.0,0.0,0.2,0,0.0
9,1,1,11.18,51.2,0.65,0,566.2
10,0,1,14.27,37.4,0.55,1,334.9
7,2,0,0.0,0.0,0.2,0,0.0
5,0,0,0.0,0.0,0.05,0,0.0
9,6,0,0.0,0.0,0.55,1,0.0
8,2,1,18.29,9.9,0.65,1,217.7
11,5,0,0.0,0.0,0.3,1,0.0
13,3,0,0.0,0.0,0.3,0,0.0
21,5,1,12.64,6.4,0.6,0,567.2
21,4,1,15.66,22.9,0.6,1,424.1
2,5,0,0.0,0.0,0.05,0,0.0
23,0,1,12.01,4.4,0.2,0,323.5
5,0,0,0.0,0.0,0.05,0,0.0
13,4,0,0.0,0.0,0.3,0,0.0
3,5,0,0.0,0.0,0.05,0,0.0
5,0,0,0.0,0.0,0.05,0,0.0
0,1,0,0.0,0.0,0.05,0,0.0
0,5,0,0.0,0.0,0.05,0,0.0
6,3,1,18.51,32.4,0.2,0,154.5
21,3,0,0.0,0.0,0.6,1,0.0
1,4,0,0.0,0.0,0.05,0,0.0
2,6,0,0.0,0.0,0.05,0,0.0
2,0,1,24.68,94.7,0.05,0,43.2
2,1,0,0.0,0.0,0.05,0,0.0
12,4,0,0.0,0.0,0.3,1,0.0
10,6,0,0.0,0.0,0.55,1,0.0
18,0,0,0.0,0.0,0.5,0,0.0
12,0,0,0.0,0.0,0.3,1,0.0
1,2,0,0.0,0.0,0.05,0,0.0
13,2,1,15.28,19.7,0.3,1,458.7
2,4,0,0.0,0.0,0.05,0,0.0
16,4,0,0.0,0.0,0.3,1,0.0
8,1,1,19.01,22.0,0.65,1,289.9
5,2,0,0.0,0.0,0.05,0,0.0
9,4,1,17.57,2.0,0.65,0,199.2
12,4,0,0.0,0.0,0.3,1,0.0
12,0,1,10.59,8.3,0.3,0,767.6
20,2,1,13.52,54.7,0.6,0,601.7
15,5,1,15.14,38.5,0.3,0,776.9
5,0,0,0.0,0.0,0.05,0,0.0
13,2,0,0.0,0.0,0.3,0,0.0
15,0,0,0.0,0.0,0.3,1,0.0
3,6,0,0.0,0.0,0.05,0,0.0
23,2,0,0.0,0.0,0.2,1,0.0
5,5,0,0.0,0.0,0.05,0,0.0
17,2,0,0.0,0.0,0.3,0,0.0
6,6,0,0.0,0.0,0.2,0,0.0
14,2,0,0.0,0.0,0.3,0,0.0
0,3,0,0.0,0.0,0.05,0,0.0
14,5,1,11.38,31.0,0.3,0,471.2
17,3,1,13.37,23.8,0.3,0,484.7
16,6,1,19.36,46.5,0.3,0,189.4
13,1,0,0.0,0.0,0.3,1,0.0
16,0,1,13.18,9.6,0.3,0,524.1
1,5,0,0.0,0.0,0.05,0,0.0
21,3,0,0.0,0.0,0.6,1,0.0
22,5,0,0.0,0.0,0.2,0,0.0
0,4,0,0.0,0.0,0.05,0,0.0
11,4,0,0.0,0.0,0.3,1,0.0
0,3,0,0.0,0.0,0.05,0,0.0
5,5,0,0.0,0.0,0.05,0,0.0
6,5,1,14.16,151.4,0.2,0,122.3
6,1,0,0.0,0.0,0.2,1,0.0
5,6,0,0.0,0.0,0.05,0,0.0
2,0,0,0.0,0.0,0.05,0,0.0
5,2,0,0.0,0.0,0.05,0,0.0
5,0,0,0.0,0.0,0.05,0,0.0
13,3,0,0.0,0.0,0.3,0,0.0
10,5,0,0.0,0.0,0.65,0,0.0
5,6,0,0.0,0.0,0.05,0,0.0
18,1,0,0.0,0.0,0.6,1,0.0
8,0,1,14.94,19.2,0.55,1,465.3
17,4,0,0.0,0.0,0.3,1,0.0
13,2,0,0.0,0.0,0.3,1,0.0
18,4,1,18.02,119.9,0.6,1,377.3
12,3,0,0.0,0.0,0.3,0,0.0
0,2,0,0.0,0.0,0.05,0,0.0
15,3,0,0.0,0.0,0.3,1,0.0
3,6,0,0.0,0.0,0.05,0,0.0
1,6,0,0.0,0.0,0.05,0,0.0
20,1,1,15.74,39.5,0.6,0,381.7
7,6,0,0.0,0.0,0.2,1,0.0
21,5,1,17.43,53.8,0.6,0,601.2
7,3,0,0.0,0.0,0.2,0,0.0
9,6,1,20.46,22.1,0.55,1,320.0
13,2,0,0.0,0.0,0.3,0,0.0
17,0,0,0.0,0.0,0.3,1,0.0
9,2,0,0.0,0.0,0.65,1,0.0
4,1,0,0.0,0.0,0.05,1,0.0
13,5,1,20.05,23.4,0.3,0,223.0
15,4,0,0.0,0.0,0.3,1,0.0
5,5,0,0.0,0.0,0.05,0,0.0
18,6,1,13.18,87.3,0.5,1,324.6
9,6,1,17.0,47.5,0.55,1,793.3
3,6,0,0.0,0.0,0.05,0,0.0
14,6,0,0.0,0.0,0.3,1,0.0
10,0,0,0.0,0.0,0.55,0,0.0
7,4,0,0.0,0.0,0.2,1,0.0
1,1,0,0.0,0.0,0.05,0,0.0
6,0,0,0.0,0.0,0.2,0,0.0
16,5,0,0.0,0.0,0.3,0,0.0
14,1,0,0.0,0.0,0.3,1,0.0
4,1,0,0.0,0.0,0.05,0,0.0
16,3,0,0.0,0.0,0.3,1,0.0
6,1,0,0.0,0.0,0.2,0,0.0
17,1,0,0.0,0.0,0.3,1,0.0
16,1,0,0.0,0.0,0.3,1,0.0
14,0,0,0.0,0.0,0.3,0,0.0
14,1,0,0.0,0.0,0.3,1,0.0
16,1,0,0.0,0.0,0.3,1,0.0
0,2,0,0.0,0.0,0.05,0,0.0
23,2,1,14.31,5.2,0.2,1,289.5
5,5,0,0.0,0.0,0.05,0,0.0
7,0,0,0.0,0.0,0.2,1,0.0
1,3,0,0.0,0.0,0.05,1,0.0
7,3,0,0.0,0.0,0.2,0,0.0
10,2,1,15.65,62.3,0.65,0,206.1
17,3,1,8.51,11.3,0.3,0,1079.7
18,4,0,0.0,0.0,0.6,1,0.0
8,6,1,18.8,13.1,0.55,1,292.0
21,5,1,9.8,65.2,0.6,1,412.7
13,3,1,15.15,33.3,0.3,1,461.2
23,5,1,12.75,69.8,0.2,1,138.9
14,6,0,0.0,0.0,0.3,0,0.0
3,3,0,0.0,0.0,0.05,0,0.0
22,2,0,0.0,0.0,0.2,0,0.0
1,5,0,0.0,0.0,0.05,0,0.0
1,6,0,0.0,0.0,0.05,0,0.0
7,5,0,0.0,0.0,0.2,0,0.0
1,3,0,0.0,0.0,0.05,0,0.0
12,6,0,0.0,0.0,0.3,1,0.0
8,5,1,13.98,5.7,0.65,0,388.7
20,6,0,0.0,0.0,0.5,1,0.0
0,0,0,0.0,0.0,0.05,0,0.0
3,2,0,0.0,0.0,0.05,0,0.0
12,2,0,0.0,0.0,0.3,1,0.0
22,1,0,0.0,0.0,0.2,0,0.0
6,0,1,16.8,4.6,0.2,0,427.0
3,2,0,0.0,0.0,0.05,0,0.0
2,0,0,0.0,0.0,0.05,0,0.0
19,6,0,0.0,0.0,0.5,1,0.0
11,4,1,13.38,29.5,0.3,1,703.5
0,3,0,0.0,0.0,0.05,0,0.0
21,5,0,0.0,0.0,0.6,1,0.0
1,0,0,0.0,0.0,0.05,0,0.0
10,1,0,0.0,0.0,0.65,1,0.0
9,1,1,15.72,37.8,0.65,1,592.6
9,1,1,26.78,50.3,0.65,1,47.9
16,3,1,7.69,77.4,0.3,0,1528.2
12,1,1,23.42,37.3,0.3,0,170.6
15,5,0,0.0,0.0,0.3,1,0.0
23,5,1,21.31,8.4,0.2,0,87.0
17,0,1,15.82,93.6,0.3,1,329.1
9,1,1,11.6,20.2,0.65,1,647.1
15,5,0,0.0,0.0,0.3,1,0.0
10,3,1,16.98,26.6,0.65,0,475.2
7,3,0,0.0,0.0,0.2,0,0.0
8,3,1,13.49,21.4,0.65,0,468.6
18,3,1,18.92,0.1,0.6,0,431.5
4,1,0,0.0,0.0,0.05,0,0.0
7,5,0,0.0,0.0,0.2,0,0.0
17,6,0,0.0,0.0,0.3,0,0.0
6,4,1,7.42,26.7,0.2,0,1526.7
16,2,0,0.0,0.0,0.3,0,0.0
7,2,0,0.0,0.0,0.2,0,0.0
6,1,0,0.0,0.0,0.2,1,0.0
5,4,0,0.0,0.0,0.05,0,0.0
21,6,0,0.0,0.0,0.5,1,0.0
10,0,1,19.66,12.6,0.55,1,535.6
2,4,0,0.0,0.0,0.05,0,0.0
4,4,0,0.0,0.0,0.05,0,0.0
7,5,0,0.0,0.0,0.2,0,0.0
22,3,0,0.0,0.0,0.2,0,0.0
12,2,1,16.47,240.0,0.3,0,0.0
21,0,0,0.0,0.0,0.5,0,0.0
21,3,1,11.89,82.7,0.6,1,238.6
21,6,1,10.33,17.1,0.5,0,471.0
11,1,0,0.0,0.0,0.3,1,0.0
22,1,0,0.0,0.0,0.2,1,0.0
12,1,0,0.0,0.0,0.3,0,0.0
15,6,0,0.0,0.0,0.3,1,0.0
2,4,0,0.0,0.0,0.05,0,0.0
1,3,1,10.94,6.9,0.05,0,560.4
6,4,0,0.0,0.0,0.2,1,0.0
3,0,0,0.0,0.0,0.05,1,0.0
1,0,0,0.0,0.0,0.05,0,0.0
18,0,0,0.0,0.0,0.5,0,0.0
0,5,0,0.0,0.0,0.05,0,0.0
18,6,0,0.0,0.0,0.5,0,0.0
10,4,0,0.0,0.0,0.65,1,0.0
17,6,0,0.0,0.0,0.3,0,0.0
7,3,0,0.0,0.0,0.2,0,0.0
2,2,0,0.0,0.0,0.05,0,0.0
12,3,0,0.0,0.0,0.3,1,0.0
18,6,1,19.45,104.0,0.5,0,189.5
16,2,0,0.0,0.0,0.3,0,0.0
23,1,0,0.0,0.0,0.2,0,0.0
17,1,0,0.0,0.0,0.3,0,0.0
4,6,1,22.34,86.0,0.05,0,213.5
2,2,0,0.0,0.0,0.05,0,0.0
22,6,1,13.38,17.2,0.2,0,418.5
13,3,1,24.0,3.4,0.3,1,198.5
20,0,1,13.95,48.0,0.5,0,81.6
20,5,0,0.0,0.0,0.6,1,0.0
0,5,0,0.0,0.0,0.05,0,0.0
18,2,0,0.0,0.0,0.6,1,0.0
20,1,1,12.09,81.9,0.6,1,423.3
13,5,0,0.0,0.0,0.3,1,0.0
13,2,1,17.51,11.0,0.3,0,334.1
23,5,0,0.0,0.0,0.2,1,0.0
16,5,0,0.0,0.0,0.3,0,0.0
19,3,1,13.44,4.8,0.6,0,132.6
12,6,0,0.0,0.0,0.3,0,0.0
21,2,1,10.87,103.7,0.6,0,498.2
18,4,0,0.0,0.0,0.6,0,0.0
20,2,1,13.03,36.4,0.6,0,514.6
10,0,1,14.29,32.1,0.55,0,479.4
9,4,1,7.07,47.0,0.65,0,547.4
19,3,0,0.0,0.0,0.6,1,0.0
23,0,0,0.0,0.0,0.2,1,0.0
8,4,1,17.93,93.5,0.65,0,296.5
18,1,0,0.0,0.0,0.6,0,0.0
19,1,1,15.21,14.7,0.6,1,230.5
5,2,0,0.0,0.0,0.05,0,0.0
4,1,0,0.0,0.0,0.05,0,0.0
14,0,1,14.18,8.4,0.3,0,432.7
12,6,1,20.66,122.7,0.3,0,30.1
14,2,0,0.0,0.0,0.3,0,0.0
7,2,0,0.0,0.0,0.2,0,0.0
11,4,0,0.0,0.0,0.3,0,0.0
20,3,1,7.31,24.0,0.6,0,1183.2
4,6,0,0.0,0.0,0.05,0,0.0
4,3,0,0.0,0.0,0.05,0,0.0
4,3,0,0.0,0.0,0.05,0,0.0
0,6,1,15.92,51.8,0.05,0,260.5
23,4,0,0.0,0.0,0.2,1,0.0
1,6,0,0.0,0.0,0.05,0,0.0
1,5,0,0.0,0.0,0.05,0,0.0
7,2,0,0.0,0.0,0.2,1,0.0
14,0,0,0.0,0.0,0.3,0,0.0
2,3,0,0.0,0.0,0.05,0,0.0
15,3,1,15.46,147.5,0.3,0,233.1
9,4,1,11.6,6.1,0.65,1,457.8
2,5,0,0.0,0.0,0.05,0,0.0
6,6,0,0.0,0.0,0.2,0,0.0
1,1,0,0.0,0.0,0.05,0,0.0
9,5,0,0.0,0.0,0.65,1,0.0
0,6,0,0.0,0.0,0.05,0,0.0
7,3,1,18.26,6.8,0.2,1,411.2
9,4,1,19.11,12.6,0.65,1,259.3
21,1,1,17.9,60.2,0.6,0,462.8
18,0,0,0.0,0.0,0.5,1,0.0
2,3,0,0.0,0.0,0.05,0,0.0
5,2,0,0.0,0.0,0.05,0,0.0
15,5,0,0.0,0.0,0.3,1,0.0
23,3,0,0.0,0.0,0.2,1,0.0
8,0,1,24.58,14.9,0.55,1,337.2
16,5,0,0.0,0.0,0.3,0,0.0
21,1,1,15.84,68.9,0.6,0,158.3
10,5,1,9.24,55.0,0.65,1,1025.4
21,6,1,20.31,76.8,0.5,0,451.8
12,3,0,0.0,0.0,0.3,0,0.0
15,3,1,9.95,6.1,0.3,0,668.0
17,5,0,0.0,0.0,0.3,0,0.0
2,6,1,16.38,37.8,0.05,0,80.3
22,6,0,0.0,0.0,0.2,0,0.0
7,0,1,13.54,70.9,0.2,0,424.6
14,1,0,0.0,0.0,0.3,1,0.0
13,6,1,21.83,66.2,0.3,0,232.8
1,3,0,0.0,0.0,0.05,0,0.0
20,6,1,17.85,5.8,0.5,0,550.9
11,3,0,0.0,0.0,0.3,1,0.0
11,4,0,0.0,0.0,0.3,1,0.0
9,4,1,16.37,50.3,0.65,0,377.8
11,5,1,18.42,36.6,0.3,1,289.9
14,6,0,0.0,0.0,0.3,0,0.0
22,2,0,0.0,0.0,0.2,1,0.0
4,4,0,0.0,0.0,0.05,0,0.0
16,5,0,0.0,0.0,0.3,1,0.0
22,1,0,0.0,0.0,0.2,0,0.0
8,5,0,0.0,0.0,0.65,1,0.0
0,5,0,0.0,0.0,0.05,0,0.0
17,0,1,18.07,46.2,0.3,1,255.7
3,1,0,0.0,0.0,0.05,0,0.0
19,3,0,0.0,0.0,0.6,0,0.0
22,4,0,0.0,0.0,0.2,0,0.0
14,4,0,0.0,0.0,0.3,1,0.0
10,1,1,24.06,43.2,0.65,1,69.2
2,6,0,0.0,0.0,0.05,0,0.0
6,0,1,18.94,96.6,0.2,0,312.7
10,2,1,19.18,8.6,0.65,1,259.5
20,3,1,14.52,57.4,0.6,0,418.3
9,2,1,9.44,3.9,0.65,1,923.5
1,2,0,0.0,0.0,0.05,0,0.0
11,1,0,0.0,0.0,0.3,0,0.0
18,3,0,0.0,0.0,0.6,0,0.0
16,3,0,0.0,0.0,0.3,0,0.0
10,1,1,19.23,41.3,0.65,1,646.1
14,6,0,0.0,0.0,0.3,1,0.0
16,1,1,16.95,23.6,0.3,0,255.2
20,1,0,0.0,0.0,0.6,1,0.0
16,1,0,0.0,0.0,0.3,1,0.0
3,6,0,0.0,0.0,0.05,0,0.0
7,3,0,0.0,0.0,0.2,1,0.0
13,0,0,0.0,0.0,0.3,0,0.0
1,2,0,0.0,0.0,0.05,0,0.0
3,2,0,0.0,0.0,0.05,0,0.0
6,2,0,0.0,0.0,0.2,1,0.0
4,4,0,0.0,0.0,0.05,0,0.0
4,1,0,0.0,0.0,0.05,0,0.0
10,1,1,19.79,137.8,0.65,0,404.0
14,2,0,0.0,0.0,0.3,0,0.0
0,2,0,0.0,0.0,0.05,0,0.0
6,4,0,0.0,0.0,0.2,0,0.0
16,3,0,0.0,0.0,0.3,0,0.0
2,5,0,0.0,0.0,0.05,0,0.0
15,1,0,0.0,0.0,0.3,0,0.0
7,5,1,15.08,40.0,0.2,0,518.4
17,1,1,15.01,21.5,0.3,0,128.1
8,0,0,0.0,0.0,0.55,1,0.0
1,0,0,0.0,0.0,0.05,0,0.0
11,2,0,0.0,0.0,0.3,0,0.0
15,6,1,17.47,77.6,0.3,0,26.9
21,6,1,17.96,88.8,0.5,1,147.8
18,2,1,12.88,39.3,0.6,1,384.4
9,0,1,18.61,111.6,0.55,0,347.8
5,2,0,0.0,0.0,0.05,0,0.0
1,0,0,0.0,0.0,0.05,0,0.0
4,3,0,0.0,0.0,0.05,0,0.0
15,0,1,22.35,1.7,0.3,0,307.8
4,5,0,0.0,0.0,0.05,0,0.0
11,1,0,0.0,0.0,0.3,0,0.0
17,3,1,12.28,2.5,0.3,1,576.8
8,4,0,0.0,0.0,0.65,0,0.0
23,0,1,9.13,32.7,0.2,0,684.4
17,4,1,17.69,43.3,0.3,0,325.7
2,2,0,0.0,0.0,0.05,0,0.0
16,0,0,0.0,0.0,0.3,0,0.0
4,2,0,0.0,0.0,0.05,0,0.0
11,5,0,0.0,0.0,0.3,0,0.0
15,0,0,0.0,0.0,0.3,1,0.0
17,3,1,10.53,93.9,0.3,0,260.4
15,5,0,0.0,0.0,0.3,1,0.0
1,6,0,0.0,0.0,0.05,0,0.0
7,4,0,0.0,0.0,0.2,0,0.0
3,6,0,0.0,0.0,0.05,1,0.0
8,4,1,12.67,7.1,0.65,1,626.5
10,5,1,21.56,126.9,0.65,0,165.0
6,0,0,0.0,0.0,0.2,0,0.0
21,4,0,0.0,0.0,0.6,1,0.0
5,6,0,0.0,0.0,0.05,0,0.0
8,6,1,20.11,9.2,0.55,1,300.3
21,6,1,17.04,39.3,0.5,0,142.0
12,1,0,0.0,0.0,0.3,1,0.0
17,5,0,0.0,0.0,0.3,0,0.0
20,2,1,18.8,9.1,0.6,1,146.5
18,0,1,13.16,47.9,0.5,0,531.8
3,5,0,0.0,0.0,0.05,0,0.0
21,4,1,6.79,23.0,0.6,1,838.6
2,3,0,0.0,0.0,0.05,0,0.0
1,0,0,0.0,0.0,0.05,0,0.0
5,4,0,0.0,0.0,0.05,0,0.0
13,5,0,0.0,0.0,0.3,1,0.0
1,0,0,0.0,0.0,0.05,0,0.0
4,1,0,0.0,0.0,0.05,0,0.0
15,5,1,11.98,35.1,0.3,0,403.0
14,0,0,0.0,0.0,0.3,0,0.0
10,3,1,18.28,60.2,0.65,1,142.6
3,3,0,0.0,0.0,0.05,0,0.0
16,6,0,0.0,0.0,0.3,1,0.0
12,5,0,0.0,0.0,0.3,0,0.0
15,1,0,0.0,0.0,0.3,0,0.0
8,6,0,0.0,0.0,0.55,0,0.0
2,6,0,0.0,0.0,0.05,0,0.0
17,1,0,0.0,0.0,0.3,0,0.0
2,4,0,0.0,0.0,0.05,0,0.0
5,2,0,0.0,0.0,0.05,0,0.0
21,4,1,17.28,13.5,0.6,0,215.0
21,2,0,0.0,0.0,0.6,0,0.0
7,5,0,0.0,0.0,0.2,0,0.0
21,5,1,13.52,27.4,0.6,1,618.2
19,0,0,0.0,0.0,0.5,1,0.0
1,6,0,0.0,0.0,0.05,0,0.0
22,3,0,0.0,0.0,0.2,1,0.0
13,5,0,0.0,0.0,0.3,1,0.0
18,0,0,0.0,0.0,0.5,0,0.0
23,2,0,0.0,0.0,0.2,1,0.0
17,3,1,16.66,67.1,0.3,0,121.5
20,1,0,0.0,0.0,0.6,0,0.0
11,0,0,0.0,0.0,0.3,0,0.0
21,6,1,15.17,12.5,0.5,1,456.2
6,5,0,0.0,0.0,0.2,0,0.0
4,1,0,0.0,0.0,0.05,0,0.0
19,2,0,0.0,0.0,0.6,1,0.0
18,2,1,21.01,41.4,0.6,1,275.9
0,2,0,0.0,0.0,0.05,0,0.0
9,0,0,0.0,0.0,0.55,0,0.0
13,6,0,0.0,0.0,0.3,0,0.0
2,0,0,0.0,0.0,0.05,0,0.0
19,5,1,16.58,20.5,0.6,1,516.4
20,3,1,18.08,110.9,0.6,1,464.1
1,5,0,0.0,0.0,0.05,0,0.0
6,1,0,0.0,0.0,0.2,1,0.0
21,5,0,0.0,0.0,0.6,1,0.0
5,0,0,0.0,0.0,0.05,0,0.0
12,2,0,0.0,0.0,0.3,0,0.0
4,6,0,0.0,0.0,0.05,0,0.0
23,3,0,0.0,0.0,0.2,0,0.0
14,3,0,0.0,0.0,0.3,0,0.0
1,3,1,12.18,1.4,0.05,0,691.4
11,4,1,20.88,3.4,0.3,0,284.0
2,0,0,0.0,0.0,0.05,0,0.0
13,0,0,0.0,0.0,0.3,1,0.0
23,3,0,0.0,0.0,0.2,0,0.0
6,0,0,0.0,0.0,0.2,1,0.0
4,5,0,0.0,0.0,0.05,0,0.0
12,5,0,0.0,0.0,0.3,0,0.0
8,4,1,9.07,38.3,0.65,1,981.5
16,2,0,0.0,0.0,0.3,0,0.0
18,6,0,0.0,0.0,0.5,1,0.0
21,6,0,0.0,0.0,0.5,1,0.0
17,2,1,23.15,108.5,0.3,0,0.0
8,4,1,21.0,69.5,0.65,1,543.8
21,3,1,18.52,29.1,0.6,1,447.6
12,6,0,0.0,0.0,0.3,1,0.0
20,1,1,16.79,32.0,0.6,0,224.6
3,4,0,0.0,0.0,0.05,0,0.0
22,2,1,13.52,41.3,0.2,0,429.7
4,5,0,0.0,0.0,0.05,0,0.0
3,4,0,0.0,0.0,0.05,0,0.0
12,0,0,0.0,0.0,0.3,0,0.0
9,5,0,0.0,0.0,0.65,1,0.0
18,0,1,13.29,27.2,0.5,1,481.5
19,6,0,0.0,0.0,0.5,1,0.0
1,3,0,0.0,0.0,0.05,0,0.0
4,3,0,0.0,0.0,0.05,0,0.0
12,3,0,0.0,0.0,0.3,1,0.0
2,4,0,0.0,0.0,0.05,0,0.0
21,6,1,13.4,77.6,0.5,0,375.5
4,6,1,12.96,69.7,0.05,0,435.7
2,3,1,17.95,12.6,0.05,0,106.4
18,0,1,16.96,26.5,0.5,1,144.6
23,0,0,0.0,0.0,0.2,0,0.0
16,3,0,0.0,0.0,0.3,0,0.0
2,3,0,0.0,0.0,0.05,0,0.0
8,1,1,17.66,44.8,0.65,0,185.2
0,2,0,0.0,0.0,0.05,0,0.0
16,3,0,0.0,0.0,0.3,0,0.0
18,6,1,6.0,13.9,0.5,0,529.8
21,5,0,0.0,0.0,0.6,1,0.0
5,5,0,0.0,0.0,0.05,0,0.0
8,0,1,18.15,68.5,0.55,0,332.5
2,4,0,0.0,0.0,0.05,0,0.0
13,0,0,0.0,0.0,0.3,0,0.0
20,3,1,21.96,91.7,0.6,1,169.2
15,3,0,0.0,0.0,0.3,1,0.0
21,4,1,15.61,58.0,0.6,0,147.8
1,0,0,0.0,0.0,0.05,0,0.0
10,4,0,0.0,0.0,0.65,1,0.0
9,5,1,11.06,123.7,0.65,1,194.5
13,5,0,0.0,0.0,0.3,1,0.0
20,4,0,0.0,0.0,0.6,1,0.0
22,5,1,23.5,17.9,0.2,0,118.0
4,5,0,0.0,0.0,0.05,0,0.0
18,6,1,8.06,15.8,0.5,0,470.3
3,6,0,0.0,0.0,0.05,0,0.0
2,0,0,0.0,0.0,0.05,0,0.0
22,0,0,0.0,0.0,0.2,0,0.0
22,6,0,0.0,0.0,0.2,1,0.0
2,1,0,0.0,0.0,0.05,0,0.0
13,0,1,19.41,3.1,0.3,0,120.8
23,0,0,0.0,0.0,0.2,0,0.0
22,3,0,0.0,0.0,0.2,1,0.0
6,0,1,17.73,240.0,0.2,0,199.6
14,0,0,0.0,0.0,0.3,0,0.0
5,4,0,0.0,0.0,0.05,0,0.0
4,5,0,0.0,0.0,0.05,0,0.0
19,2,1,12.37,28.5,0.6,1,614.0
6,6,0,0.0,0.0,0.2,1,0.0
22,2,0,0.0,0.0,0.2,0,0.0
23,0,0,0.0,0.0,0.2,0,0.0
9,1,0,0.0,0.0,0.65,1,0.0
5,5,0,0.0,0.0,0.05,0,0.0
11,0,0,0.0,0.0,0.3,0,0.0
8,6,1,20.9,22.2,0.55,1,162.0
19,1,1,13.25,12.2,0.6,1,865.2
16,6,0,0.0,0.0,0.3,0,0.0
8,2,1,16.54,16.2,0.65,1,234.2
21,2,0,0.0,0.0,0.6,0,0.0
11,0,0,0.0,0.0,0.3,0,0.0
12,5,1,7.84,42.4,0.3,0,555.7
18,4,0,0.0,0.0,0.6,0,0.0
23,6,0,0.0,0.0,0.2,1,0.0
12,3,0,0.0,0.0,0.3,1,0.0
18,3,0,0.0,0.0,0.6,0,0.0
3,0,0,0.0,0.0,0.05,0,0.0
9,0,0,0.0,0.0,0.55,1,0.0
2,1,1,12.35,5.9,0.05,0,452.3
17,5,0,0.0,0.0,0.3,1,0.0
7,3,0,0.0,0.0,0.2,0,0.0
3,4,0,0.0,0.0,0.05,0,0.0
8,2,0,0.0,0.0,0.65,1,0.0
10,5,1,24.55,39.7,0.65,0,74.9
17,3,0,0.0,0.0,0.3,0,0.0
9,3,1,19.16,27.8,0.65,0,380.1
6,2,0,0.0,0.0,0.2,1,0.0
1,0,0,0.0,0.0,0.05,0,0.0
20,0,1,19.3,104.3,0.5,1,0.0
4,4,0,0.0,0.0,0.05,0,0.0
18,2,1,20.22,76.4,0.6,1,138.2
18,0,0,0.0,0.0,0.5,1,0.0
13,2,0,0.0,0.0,0.3,1,0.0
16,5,1,7.45,77.9,0.3,0,659.3
23,5,0,0.0,0.0,0.2,0,0.0
11,3,0,0.0,0.0,0.3,0,0.0
23,4,0,0.0,0.0,0.2,0,0.0
11,6,0,0.0,0.0,0.3,1,0.0
8,6,0,0.0,0.0,0.55,1,0.0
23,2,1,15.96,2.9,0.2,0,389.0
12,0,0,0.0,0.0,0.3,0,0.0
13,1,0,0.0,0.0,0.3,1,0.0
18,4,1,8.93,7.4,0.6,1,288.0
19,1,1,11.01,88.6,0.6,1,360.0
13,3,0,0.0,0.0,0.3,0,0.0
8,1,1,17.33,17.1,0.65,0,196.8
19,3,1,9.46,82.7,0.6,0,832.0
7,3,1,16.33,139.6,0.2,1,549.8
8,5,1,19.82,133.8,0.65,0,366.7
17,4,0,0.0,0.0,0.3,0,0.0
10,3,1,17.32,127.5,0.65,1,406.8
12,3,0,0.0,0.0,0.3,0,0.0
20,4,0,0.0,0.0,0.6,0,0.0
5,4,0,0.0,0.0,0.05,0,0.0
13,3,1,18.87,62.5,0.3,0,443.2
4,3,0,0.0,0.0,0.05,0,0.0
19,2,0,0.0,0.0,0.6,1,0.0
9,3,1,10.91,75.6,0.65,1,972.1
5,0,0,0.0,0.0,0.05,1,0.0
11,3,0,0.0,0.0,0.3,1,0.0
16,0,0,0.0,0.0,0.3,1,0.0
10,2,1,14.99,9.8,0.65,1,371.4
13,4,0,0.0,0.0,0.3,1,0.0
17,6,0,0.0,0.0,0.3,0,0.0
10,1,1,8.11,43.1,0.65,1,910.4
9,2,1,13.87,166.0,0.65,0,126.3
8,5,1,18.53,76.5,0.65,0,434.6
10,3,1,17.71,80.4,0.65,0,589.8
10,0,0,0.0,0.0,0.55,0,0.0
1,0,1,16.5,40.6,0.05,0,71.6
19,0,1,18.44,32.4,0.5,0,382.2
23,2,1,14.32,8.3,0.2,0,288.7
22,6,0,0.0,0.0,0.2,1,0.0
22,4,1,14.47,36.5,0.2,1,680.6
7,0,1,15.55,48.6,0.2,0,148.0
7,4,0,0.0,0.0,0.2,0,0.0
23,0,0,0.0,0.0,0.2,0,0.0
23,4,0,0.0,0.0,0.2,0,0.0
14,5,0,0.0,0.0,0.3,0,0.0
12,1,1,23.13,15.9,0.3,0,178.1
8,4,1,14.07,95.7,0.65,0,152.3
4,4,0,0.0,0.0,0.05,0,0.0
0,4,0,0.0,0.0,0.05,0,0.0
4,4,0,0.0,0.0,0.05,0,0.0
11,5,0,0.0,0.0,0.3,0,0.0
2,0,0,0.0,0.0,0.05,0,0.0
13,4,0,0.0,0.0,0.3,0,0.0
14,6,0,0.0,0.0,0.3,1,0.0
0,2,0,0.0,0.0,0.05,0,0.0
3,5,0,0.0,0.0,0.05,0,0.0
17,0,0,0.0,0.0,0.3,0,0.0
7,1,0,0.0,0.0,0.2,0,0.0
18,0,1,20.14,40.3,0.5,0,298.7
17,4,1,21.2,45.8,0.3,1,348.0
14,4,0,0.0,0.0,0.3,0,0.0
0,5,0,0.0,0.0,0.05,0,0.0
1,5,0,0.0,0.0,0.05,0,0.0
16,4,0,0.0,0.0,0.3,1,0.0
9,5,1,16.2,84.7,0.65,0,589.1
20,0,0,0.0,0.0,0.5,1,0.0
17,0,1,6.53,46.4,0.3,1,821.9
3,4,0,0.0,0.0,0.05,0,0.0
10,4,1,25.41,16.6,0.65,1,266.1
0,4,1,16.81,0.1,0.05,0,647.1
1,0,0,0.0,0.0,0.05,0,0.0
22,5,1,17.47,53.1,0.2,1,408.4
1,1,0,0.0,0.0,0.05,0,0.0
5,4,0,0.0,0.0,0.05,0,0.0
6,5,0,0.0,0.0,0.2,0,0.0
21,0,1,11.77,4.3,0.5,0,997.9
16,3,0,0.0,0.0,0.3,0,0.0
5,4,1,20.92,57.5,0.05,0,122.6
21,4,1,7.15,114.2,0.6,1,829.6
19,4,1,9.96,21.8,0.6,0,504.3
9,6,1,14.86,32.7,0.55,0,218.7
16,4,0,0.0,0.0,0.3,0,0.0
18,3,1,21.33,29.4,0.6,0,73.2
0,5,0,0.0,0.0,0.05,0,0.0
4,1,0,0.0,0.0,0.05,0,0.0
8,5,0,0.0,0.0,0.65,0,0.0
17,6,0,0.0,0.0,0.3,0,0.0
9,1,1,20.73,52.8,0.65,0,258.3
23,3,1,20.49,182.8,0.2,0,10.3
3,5,0,0.0,0.0,0.05,0,0.0
1,0,0,0.0,0.0,0.05,0,0.0
21,4,0,0.0,0.0,0.6,1,0.0
15,2,1,8.21,93.0,0.3,0,273.7
13,3,1,13.91,81.0,0.3,0,617.3
14,3,0,0.0,0.0,0.3,1,0.0
13,5,1,15.97,139.8,0.3,1,222.8
12,4,0,0.0,0.0,0.3,0,0.0
19,3,1,8.87,6.4,0.6,0,996.8
14,6,0,0.0,0.0,0.3,0,0.0
9,1,1,18.38,33.9,0.65,1,483.7
4,0,0,0.0,0.0,0.05,0,0.0
11,0,1,15.13,63.0,0.3,0,441.5
7,3,0,0.0,0.0,0.2,1,0.0
0,2,0,0.0,0.0,0.05,0,0.0
1,0,0,0.0,0.0,0.05,0,0.0
6,1,1,13.06,95.8,0.2,0,424.1
11,1,0,0.0,0.0,0.3,1,0.0
22,5,1,12.16,68.8,0.2,0,413.3
15,0,0,0.0,0.0,0.3,0,0.0
1,2,0,0.0,0.0,0.05,0,0.0
10,0,0,0.0,0.0,0.55,0,0.0
18,2,0,0.0,0.0,0.6,0,0.0
2,2,0,0.0,0.0,0.05,0,0.0
20,0,1,10.59,4.9,0.5,0,278.0
11,6,1,12.53,9.9,0.3,0,360.5
12,4,1,20.62,114.4,0.3,0,0.0
17,3,1,16.75,20.5,0.3,0,396.0
8,6,0,0.0,0.0,0.55,1,0.0
10,6,1,17.42,36.8,0.55,1,306.8
19,5,0,0.0,0.0,0.6,1,0.0
13,3,0,0.0,0.0,0.3,0,0.0
20,3,1,14.1,128.1,0.6,1,293.6
6,0,0,0.0,0.0,0.2,0,0.0
3,1,1,16.99,19.3,0.05,0,742.0
0,6,1,18.73,22.1,0.05,0,357.9
23,1,0,0.0,0.0,0.2,0,0.0
17,3,1,19.19,37.3,0.3,0,505.1
6,2,1,6.0,23.2,0.2,0,1873.4
21,5,1,9.96,60.4,0.6,0,252.6
13,0,1,17.37,10.5,0.3,0,158.3
22,5,0,0.0,0.0,0.2,1,0.0
22,5,0,0.0,0.0,0.2,1,0.0
8,5,1,12.59,6.0,0.65,0,802.1
23,4,0,0.0,0.0,0.2,0,0.0
6,4,0,0.0,0.0,0.2,0,0.0
22,3,0,0.0,0.0,0.2,1,0.0
4,1,0,0.0,0.0,0.05,0,0.0
23,5,0,0.0,0.0,0.2,0,0.0
3,4,0,0.0,0.0,0.05,0,0.0
14,5,1,13.16,15.1,0.3,0,177.0
13,0,0,0.0,0.0,0.3,0,0.0
4,0,1,24.01,9.4,0.05,0,96.0
2,1,0,0.0,0.0,0.05,0,0.0
15,5,1,12.34,41.2,0.3,0,478.2
17,5,1,10.77,15.3,0.3,0,666.7
7,6,1,9.03,116.0,0.2,0,283.9
4,6,0,0.0,0.0,0.05,0,0.0
9,6,1,17.41,23.4,0.55,1,390.1
3,1,0,0.0,0.0,0.05,0,0.0
1,6,0,0.0,0.0,0.05,0,0.0
3,6,0,0.0,0.0,0.05,0,0.0
6,6,0,0.0,0.0,0.2,1,0.0
6,3,0,0.0,0.0,0.2,0,0.0
17,6,0,0.0,0.0,0.3,1,0.0
4,6,0,0.0,0.0,0.05,0,0.0
22,3,0,0.0,0.0,0.2,0,0.0
6,5,0,0.0,0.0,0.2,1,0.0
4,3,0,0.0,0.0,0.05,0,0.0
18,1,0,0.0,0.0,0.6,1,0.0
20,3,1,17.44,48.3,0.6,1,115.6
0,3,0,0.0,0.0,0.05,0,0.0
2,2,0,0.0,0.0,0.05,0,0.0
5,5,0,0.0,0.0,0.05,0,0.0
6,2,1,15.78,1.3,0.2,0,316.4
8,5,1,21.53,40.0,0.65,1,482.4
7,5,0,0.0,0.0,0.2,0,0.0
15,6,1,15.7,183.9,0.3,0,722.1
8,5,1,12.04,5.0,0.65,1,605.8
21,4,1,18.42,5.4,0.6,0,257.8
2,5,0,0.0,0.0,0.05,1,0.0
5,1,0,0.0,0.0,0.05,0,0.0
3,3,0,0.0,0.0,0.05,0,0.0
16,0,0,0.0,0.0,0.3,1,0.0
1,5,0,0.0,0.0,0.05,0,0.0
9,6,1,24.93,16.4,0.55,0,199.2
7,2,0,0.0,0.0,0.2,0,0.0
21,6,1,17.36,22.6,0.5,0,217.8
12,2,0,0.0,0.0,0.3,0,0.0
23,4,0,0.0,0.0,0.2,1,0.0
19,3,0,0.0,0.0,0.6,1,0.0
16,6,0,0.0,0.0,0.3,0,0.0
4,4,0,0.0,0.0,0.05,0,0.0
19,4,1,11.79,49.7,0.6,1,276.3
17,6,1,10.43,35.8,0.3,0,587.8
12,4,0,0.0,0.0,0.3,1,0.0
5,2,0,0.0,0.0,0.05,0,0.0
11,5,0,0.0,0.0,0.3,1,0.0
4,5,0,0.0,0.0,0.05,0,0.0
7,6,0,0.0,0.0,0.2,0,0.0
15,2,1,18.09,26.7,0.3,0,382.0
12,1,0,0.0,0.0,0.3,1,0.0
8,0,1,13.85,5.7,0.55,0,316.9
22,1,0,0.0,0.0,0.2,1,0.0
12,3,0,0.0,0.0,0.3,0,0.0
18,3,0,0.0,0.0,0.6,1,0.0
16,1,0,0.0,0.0,0.3,1,0.0
6,4,0,0.0,0.0,0.2,1,0.0
7,6,0,0.0,0.0,0.2,0,0.0
21,2,1,17.01,30.3,0.6,0,131.7
9,6,1,21.15,0.6,0.55,1,304.0
23,5,0,0.0,0.0,0.2,0,0.0
22,4,0,0.0,0.0,0.2,0,0.0
2,5,0,0.0,0.0,0.05,0,0.0
5,6,0,0.0,0.0,0.05,0,0.0
7,4,0,0.0,0.0,0.2,0,0.0
8,5,1,16.32,7.0,0.65,1,270.2
4,3,0,0.0,0.0,0.05,0,0.0
18,4,1,19.87,26.6,0.6,1,509.1
16,4,1,15.34,31.4,0.3,0,269.7
16,1,0,0.0,0.0,0.3,1,0.0
16,5,0,0.0,0.0,0.3,0,0.0
7,4,0,0.0,0.0,0.2,0,0.0
3,3,0,0.0,0.0,0.05,0,0.0
22,2,1,10.52,53.1,0.2,0,388.8
11,5,0,0.0,0.0,0.3,1,0.0
11,3,1,20.93,7.1,0.3,0,550.9
19,1,0,0.0,0.0,0.6,0,0.0
2,0,0,0.0,0.0,0.05,0,0.0
12,5,1,18.05,71.7,0.3,0,374.8
10,4,0,0.0,0.0,0.65,0,0.0
8,3,1,12.41,43.0,0.65,1,577.2
22,0,1,18.64,65.5,0.2,0,503.3
13,1,0,0.0,0.0,0.3,0,0.0
10,2,0,0.0,0.0,0.65,1,0.0
0,0,0,0.0,0.0,0.05,0,0.0
7,6,0,0.0,0.0,0.2,0,0.0
6,5,0,0.0,0.0,0.2,0,0.0
21,5,1,14.67,22.2,0.6,1,91.5
4,1,0,0.0,0.0,0.05,0,0.0
5,4,0,0.0,0.0,0.05,0,0.0
11,5,0,0.0,0.0,0.3,0,0.0
1,2,0,0.0,0.0,0.05,0,0.0
1,3,0,0.0,0.0,0.05,1,0.0
23,6,0,0.0,0.0,0.2,0,0.0
17,5,1,15.52,3.8,0.3,0,357.8
0,2,0,0.0,0.0,0.05,0,0.0
9,2,1,16.67,34.7,0.65,0,415.4
1,2,0,0.0,0.0,0.05,0,0.0
14,3,1,17.45,2.3,0.3,0,310.5
22,2,0,0.0,0.0,0.2,0,0.0
3,1,0,0.0,0.0,0.05,0,0.0
12,5,1,19.33,39.0,0.3,1,90.6
4,3,0,0.0,0.0,0.05,0,0.0
5,1,0,0.0,0.0,0.05,0,0.0
0,2,0,0.0,0.0,0.05,0,0.0
12,6,0,0.0,0.0,0.3,0,0.0
23,6,0,0.0,0.0,0.2,0,0.0
19,1,1,21.28,64.9,0.6,0,110.5
7,0,0,0.0,0.0,0.2,0,0.0
20,4,1,17.41,24.5,0.6,1,127.8
1,4,0,0.0,0.0,0.05,0,0.0
21,0,0,0.0,0.0,0.5,1,0.0
0,2,0,0.0,0.0,0.05,0,0.0
11,3,0,0.0,0.0,0.3,0,0.0
16,5,0,0.0,0.0,0.3,0,0.0
20,1,1,15.84,41.3,0.6,0,415.1
2,1,0,0.0,0.0,0.05,0,0.0
3,5,0,0.0,0.0,0.05,0,0.0
18,2,0,0.0,0.0,0.6,1,0.0
11,0,0,0.0,0.0,0.3,1,0.0
19,3,1,10.91,42.3,0.6,1,1029.8
20,1,1,15.26,74.5,0.6,1,277.3
21,3,1,17.74,53.5,0.6,0,638.3
8,4,1,8.27,2.0,0.65,1,638.0
17,6,0,0.0,0.0,0.3,0,0.0
15,5,0,0.0,0.0,0.3,1,0.0
2,5,0,0.0,0.0,0.05,0,0.0
17,2,1,23.42,18.3,0.3,1,225.1
20,4,1,16.53,12.4,0.6,0,309.0
21,0,0,0.0,0.0,0.5,1,0.0
14,1,1,16.64,8.8,0.3,0,768.0
13,6,0,0.0,0.0,0.3,0,0.0
10,5,0,0.0,0.0,0.65,1,0.0
22,2,0,0.0,0.0,0.2,1,0.0
16,3,0,0.0,0.0,0.3,0,0.0
3,3,0,0.0,0.0,0.05,0,0.0
6,0,1,17.41,0.3,0.2,0,743.9
6,0,0,0.0,0.0,0.2,0,0.0
2,0,0,0.0,0.0,0.05,0,0.0
19,5,1,15.24,17.1,0.6,0,543.7
20,3,1,14.05,8.0,0.6,1,797.8
14,0,1,12.7,33.4,0.3,0,1005.3
10,2,1,20.79,24.5,0.65,0,338.7
0,1,0,0.0,0.0,0.05,0,0.0
1,0,0,0.0,0.0,0.05,0,0.0
